"第12,49,50列",S2h node 三組承載量涵蓋範圍,太魯閣國家公園管理處,01 宿營地總數,118
"第12,49,50列",S2h node 三組承載量涵蓋範圍,太魯閣國家公園管理處,02 有設generalnum的數量,49
"第12,49,50列",S2h node 三組承載量涵蓋範圍,太魯閣國家公園管理處,03 有設generalnumt的數量,50
"第12,49,50列",S2h node 三組承載量涵蓋範圍,太魯閣國家公園管理處,04 有設generalnnum的數量,9
"第12,49,50列",S2h node 三組承載量涵蓋範圍,太魯閣國家公園管理處,05 平日承載量範圍最小,0
"第12,49,50列",S2h node 三組承載量涵蓋範圍,太魯閣國家公園管理處,06 平日承載量範圍最大,99999
"第12,49,50列",S2h node 三組承載量涵蓋範圍,太魯閣國家公園管理處,07 假日承載量範圍最小,0
"第12,49,50列",S2h node 三組承載量涵蓋範圍,太魯閣國家公園管理處,08 假日承載量範圍最大,99999
"第12,49,50列",S2h node 三組承載量涵蓋範圍,太魯閣國家公園管理處,09 有設本國費用的數量,48
"第12,49,50列",S2h node 三組承載量涵蓋範圍,太魯閣國家公園管理處,10 本國費用範圍最小,0
"第12,49,50列",S2h node 三組承載量涵蓋範圍,太魯閣國家公園管理處,11 本國費用範圍最大,0
"第12,49,50列",S2h node 三組承載量涵蓋範圍,太魯閣國家公園管理處,12 外籍費用範圍最小,0
"第12,49,50列",S2h node 三組承載量涵蓋範圍,太魯閣國家公園管理處,13 外籍費用範圍最大,0
"第12,49,50列",S2h node 三組承載量涵蓋範圍,玉山國家公園管理處,01 宿營地總數,425
"第12,49,50列",S2h node 三組承載量涵蓋範圍,玉山國家公園管理處,02 有設generalnum的數量,245
"第12,49,50列",S2h node 三組承載量涵蓋範圍,玉山國家公園管理處,03 有設generalnumt的數量,245
"第12,49,50列",S2h node 三組承載量涵蓋範圍,玉山國家公園管理處,04 有設generalnnum的數量,27
"第12,49,50列",S2h node 三組承載量涵蓋範圍,玉山國家公園管理處,05 平日承載量範圍最小,0
"第12,49,50列",S2h node 三組承載量涵蓋範圍,玉山國家公園管理處,06 平日承載量範圍最大,124
"第12,49,50列",S2h node 三組承載量涵蓋範圍,玉山國家公園管理處,07 假日承載量範圍最小,0
"第12,49,50列",S2h node 三組承載量涵蓋範圍,玉山國家公園管理處,08 假日承載量範圍最大,124
"第12,49,50列",S2h node 三組承載量涵蓋範圍,玉山國家公園管理處,09 有設本國費用的數量,234
"第12,49,50列",S2h node 三組承載量涵蓋範圍,玉山國家公園管理處,10 本國費用範圍最小,0
"第12,49,50列",S2h node 三組承載量涵蓋範圍,玉山國家公園管理處,11 本國費用範圍最大,480
"第12,49,50列",S2h node 三組承載量涵蓋範圍,玉山國家公園管理處,12 外籍費用範圍最小,0
"第12,49,50列",S2h node 三組承載量涵蓋範圍,玉山國家公園管理處,13 外籍費用範圍最大,480
"第12,49,50列",S2h node 三組承載量涵蓋範圍,雪霸國家公園管理處,01 宿營地總數,132
"第12,49,50列",S2h node 三組承載量涵蓋範圍,雪霸國家公園管理處,02 有設generalnum的數量,64
"第12,49,50列",S2h node 三組承載量涵蓋範圍,雪霸國家公園管理處,03 有設generalnumt的數量,64
"第12,49,50列",S2h node 三組承載量涵蓋範圍,雪霸國家公園管理處,04 有設generalnnum的數量,10
"第12,49,50列",S2h node 三組承載量涵蓋範圍,雪霸國家公園管理處,05 平日承載量範圍最小,0
"第12,49,50列",S2h node 三組承載量涵蓋範圍,雪霸國家公園管理處,06 平日承載量範圍最大,9999
"第12,49,50列",S2h node 三組承載量涵蓋範圍,雪霸國家公園管理處,07 假日承載量範圍最小,0
"第12,49,50列",S2h node 三組承載量涵蓋範圍,雪霸國家公園管理處,08 假日承載量範圍最大,9999
"第12,49,50列",S2h node 三組承載量涵蓋範圍,雪霸國家公園管理處,09 有設本國費用的數量,63
"第12,49,50列",S2h node 三組承載量涵蓋範圍,雪霸國家公園管理處,10 本國費用範圍最小,0
"第12,49,50列",S2h node 三組承載量涵蓋範圍,雪霸國家公園管理處,11 本國費用範圍最大,0
"第12,49,50列",S2h node 三組承載量涵蓋範圍,雪霸國家公園管理處,12 外籍費用範圍最小,0
"第12,49,50列",S2h node 三組承載量涵蓋範圍,雪霸國家公園管理處,13 外籍費用範圍最大,0
"第12,49列",S2c Fixedclimb 承載量與天數,太魯閣國家公園管理處 / c_id=109 北一段縱走北二段(南往北),01 假日承載量holidaynum,24
"第12,49列",S2c Fixedclimb 承載量與天數,太魯閣國家公園管理處 / c_id=109 北一段縱走北二段(南往北),02 平日承載量generalnum,24
"第12,49列",S2c Fixedclimb 承載量與天數,太魯閣國家公園管理處 / c_id=109 北一段縱走北二段(南往北),03 天數下限sumdaymin,3
"第12,49列",S2c Fixedclimb 承載量與天數,太魯閣國家公園管理處 / c_id=109 北一段縱走北二段(南往北),04 天數上限sumdaymax,30
"第12,49列",S2c Fixedclimb 承載量與天數,太魯閣國家公園管理處 / c_id=109 北一段縱走北二段(南往北),05 是否抽籤IsDraw,0
"第12,49列",S2c Fixedclimb 承載量與天數,太魯閣國家公園管理處 / c_id=109 北一段縱走北二段(南往北),06 許可證可印天數printdays,5
"第12,49列",S2c Fixedclimb 承載量與天數,太魯閣國家公園管理處 / c_id=109 北一段縱走北二段(南往北),07 是否雪季路線issnow,0
"第12,49列",S2c Fixedclimb 承載量與天數,太魯閣國家公園管理處 / c_id=109 北一段縱走北二段(南往北),08 人數檢查teamscountchk,NULL
"第12,49列",S2c Fixedclimb 承載量與天數,太魯閣國家公園管理處 / c_id=132 錐麓古道(外籍提前),01 假日承載量holidaynum,0
"第12,49列",S2c Fixedclimb 承載量與天數,太魯閣國家公園管理處 / c_id=132 錐麓古道(外籍提前),02 平日承載量generalnum,12
"第12,49列",S2c Fixedclimb 承載量與天數,太魯閣國家公園管理處 / c_id=132 錐麓古道(外籍提前),03 天數下限sumdaymin,1
"第12,49列",S2c Fixedclimb 承載量與天數,太魯閣國家公園管理處 / c_id=132 錐麓古道(外籍提前),04 天數上限sumdaymax,1
"第12,49列",S2c Fixedclimb 承載量與天數,太魯閣國家公園管理處 / c_id=132 錐麓古道(外籍提前),05 是否抽籤IsDraw,0
"第12,49列",S2c Fixedclimb 承載量與天數,太魯閣國家公園管理處 / c_id=132 錐麓古道(外籍提前),06 許可證可印天數printdays,5
"第12,49列",S2c Fixedclimb 承載量與天數,太魯閣國家公園管理處 / c_id=132 錐麓古道(外籍提前),07 是否雪季路線issnow,0
"第12,49列",S2c Fixedclimb 承載量與天數,太魯閣國家公園管理處 / c_id=132 錐麓古道(外籍提前),08 人數檢查teamscountchk,NULL
"第12,49列",S2c Fixedclimb 承載量與天數,太魯閣國家公園管理處 / c_id=149 羊頭縱走畢祿,01 假日承載量holidaynum,99999
"第12,49列",S2c Fixedclimb 承載量與天數,太魯閣國家公園管理處 / c_id=149 羊頭縱走畢祿,02 平日承載量generalnum,99999
"第12,49列",S2c Fixedclimb 承載量與天數,太魯閣國家公園管理處 / c_id=149 羊頭縱走畢祿,03 天數下限sumdaymin,1
"第12,49列",S2c Fixedclimb 承載量與天數,太魯閣國家公園管理處 / c_id=149 羊頭縱走畢祿,04 天數上限sumdaymax,3
"第12,49列",S2c Fixedclimb 承載量與天數,太魯閣國家公園管理處 / c_id=149 羊頭縱走畢祿,05 是否抽籤IsDraw,0
"第12,49列",S2c Fixedclimb 承載量與天數,太魯閣國家公園管理處 / c_id=149 羊頭縱走畢祿,06 許可證可印天數printdays,NULL
"第12,49列",S2c Fixedclimb 承載量與天數,太魯閣國家公園管理處 / c_id=149 羊頭縱走畢祿,07 是否雪季路線issnow,0
"第12,49列",S2c Fixedclimb 承載量與天數,太魯閣國家公園管理處 / c_id=149 羊頭縱走畢祿,08 人數檢查teamscountchk,NULL
"第12,49列",S2c Fixedclimb 承載量與天數,太魯閣國家公園管理處 / c_id=150 屏風避難山屋申請,01 假日承載量holidaynum,28
"第12,49列",S2c Fixedclimb 承載量與天數,太魯閣國家公園管理處 / c_id=150 屏風避難山屋申請,02 平日承載量generalnum,28
"第12,49列",S2c Fixedclimb 承載量與天數,太魯閣國家公園管理處 / c_id=150 屏風避難山屋申請,03 天數下限sumdaymin,2
"第12,49列",S2c Fixedclimb 承載量與天數,太魯閣國家公園管理處 / c_id=150 屏風避難山屋申請,04 天數上限sumdaymax,3
"第12,49列",S2c Fixedclimb 承載量與天數,太魯閣國家公園管理處 / c_id=150 屏風避難山屋申請,05 是否抽籤IsDraw,0
"第12,49列",S2c Fixedclimb 承載量與天數,太魯閣國家公園管理處 / c_id=150 屏風避難山屋申請,06 許可證可印天數printdays,NULL
"第12,49列",S2c Fixedclimb 承載量與天數,太魯閣國家公園管理處 / c_id=150 屏風避難山屋申請,07 是否雪季路線issnow,0
"第12,49列",S2c Fixedclimb 承載量與天數,太魯閣國家公園管理處 / c_id=150 屏風避難山屋申請,08 人數檢查teamscountchk,NULL
"第12,49列",S2c Fixedclimb 承載量與天數,太魯閣國家公園管理處 / c_id=21 錐麓古道,01 假日承載量holidaynum,156
"第12,49列",S2c Fixedclimb 承載量與天數,太魯閣國家公園管理處 / c_id=21 錐麓古道,02 平日承載量generalnum,96
"第12,49列",S2c Fixedclimb 承載量與天數,太魯閣國家公園管理處 / c_id=21 錐麓古道,03 天數下限sumdaymin,1
"第12,49列",S2c Fixedclimb 承載量與天數,太魯閣國家公園管理處 / c_id=21 錐麓古道,04 天數上限sumdaymax,1
"第12,49列",S2c Fixedclimb 承載量與天數,太魯閣國家公園管理處 / c_id=21 錐麓古道,05 是否抽籤IsDraw,0
"第12,49列",S2c Fixedclimb 承載量與天數,太魯閣國家公園管理處 / c_id=21 錐麓古道,06 許可證可印天數printdays,5
"第12,49列",S2c Fixedclimb 承載量與天數,太魯閣國家公園管理處 / c_id=21 錐麓古道,07 是否雪季路線issnow,0
"第12,49列",S2c Fixedclimb 承載量與天數,太魯閣國家公園管理處 / c_id=21 錐麓古道,08 人數檢查teamscountchk,NULL
"第12,49列",S2c Fixedclimb 承載量與天數,太魯閣國家公園管理處 / c_id=22 奇萊主、北峰線,01 假日承載量holidaynum,60
"第12,49列",S2c Fixedclimb 承載量與天數,太魯閣國家公園管理處 / c_id=22 奇萊主、北峰線,02 平日承載量generalnum,40
"第12,49列",S2c Fixedclimb 承載量與天數,太魯閣國家公園管理處 / c_id=22 奇萊主、北峰線,03 天數下限sumdaymin,1
"第12,49列",S2c Fixedclimb 承載量與天數,太魯閣國家公園管理處 / c_id=22 奇萊主、北峰線,04 天數上限sumdaymax,7
"第12,49列",S2c Fixedclimb 承載量與天數,太魯閣國家公園管理處 / c_id=22 奇萊主、北峰線,05 是否抽籤IsDraw,0
"第12,49列",S2c Fixedclimb 承載量與天數,太魯閣國家公園管理處 / c_id=22 奇萊主、北峰線,06 許可證可印天數printdays,5
"第12,49列",S2c Fixedclimb 承載量與天數,太魯閣國家公園管理處 / c_id=22 奇萊主、北峰線,07 是否雪季路線issnow,0
"第12,49列",S2c Fixedclimb 承載量與天數,太魯閣國家公園管理處 / c_id=22 奇萊主、北峰線,08 人數檢查teamscountchk,NULL
"第12,49列",S2c Fixedclimb 承載量與天數,太魯閣國家公園管理處 / c_id=23 奇萊連峰,01 假日承載量holidaynum,60
"第12,49列",S2c Fixedclimb 承載量與天數,太魯閣國家公園管理處 / c_id=23 奇萊連峰,02 平日承載量generalnum,40
"第12,49列",S2c Fixedclimb 承載量與天數,太魯閣國家公園管理處 / c_id=23 奇萊連峰,03 天數下限sumdaymin,1
"第12,49列",S2c Fixedclimb 承載量與天數,太魯閣國家公園管理處 / c_id=23 奇萊連峰,04 天數上限sumdaymax,4
"第12,49列",S2c Fixedclimb 承載量與天數,太魯閣國家公園管理處 / c_id=23 奇萊連峰,05 是否抽籤IsDraw,0
"第12,49列",S2c Fixedclimb 承載量與天數,太魯閣國家公園管理處 / c_id=23 奇萊連峰,06 許可證可印天數printdays,5
"第12,49列",S2c Fixedclimb 承載量與天數,太魯閣國家公園管理處 / c_id=23 奇萊連峰,07 是否雪季路線issnow,0
"第12,49列",S2c Fixedclimb 承載量與天數,太魯閣國家公園管理處 / c_id=23 奇萊連峰,08 人數檢查teamscountchk,NULL
"第12,49列",S2c Fixedclimb 承載量與天數,太魯閣國家公園管理處 / c_id=24 奇萊東稜,01 假日承載量holidaynum,36
"第12,49列",S2c Fixedclimb 承載量與天數,太魯閣國家公園管理處 / c_id=24 奇萊東稜,02 平日承載量generalnum,36
"第12,49列",S2c Fixedclimb 承載量與天數,太魯閣國家公園管理處 / c_id=24 奇萊東稜,03 天數下限sumdaymin,1
"第12,49列",S2c Fixedclimb 承載量與天數,太魯閣國家公園管理處 / c_id=24 奇萊東稜,04 天數上限sumdaymax,30
"第12,49列",S2c Fixedclimb 承載量與天數,太魯閣國家公園管理處 / c_id=24 奇萊東稜,05 是否抽籤IsDraw,0
"第12,49列",S2c Fixedclimb 承載量與天數,太魯閣國家公園管理處 / c_id=24 奇萊東稜,06 許可證可印天數printdays,5
"第12,49列",S2c Fixedclimb 承載量與天數,太魯閣國家公園管理處 / c_id=24 奇萊東稜,07 是否雪季路線issnow,0
"第12,49列",S2c Fixedclimb 承載量與天數,太魯閣國家公園管理處 / c_id=24 奇萊東稜,08 人數檢查teamscountchk,NULL
"第12,49列",S2c Fixedclimb 承載量與天數,太魯閣國家公園管理處 / c_id=25 奇萊南峰,01 假日承載量holidaynum,226
"第12,49列",S2c Fixedclimb 承載量與天數,太魯閣國家公園管理處 / c_id=25 奇萊南峰,02 平日承載量generalnum,88
"第12,49列",S2c Fixedclimb 承載量與天數,太魯閣國家公園管理處 / c_id=25 奇萊南峰,03 天數下限sumdaymin,1
"第12,49列",S2c Fixedclimb 承載量與天數,太魯閣國家公園管理處 / c_id=25 奇萊南峰,04 天數上限sumdaymax,1
"第12,49列",S2c Fixedclimb 承載量與天數,太魯閣國家公園管理處 / c_id=25 奇萊南峰,05 是否抽籤IsDraw,0
"第12,49列",S2c Fixedclimb 承載量與天數,太魯閣國家公園管理處 / c_id=25 奇萊南峰,06 許可證可印天數printdays,5
"第12,49列",S2c Fixedclimb 承載量與天數,太魯閣國家公園管理處 / c_id=25 奇萊南峰,07 是否雪季路線issnow,0
"第12,49列",S2c Fixedclimb 承載量與天數,太魯閣國家公園管理處 / c_id=25 奇萊南峰,08 人數檢查teamscountchk,NULL
"第12,49列",S2c Fixedclimb 承載量與天數,太魯閣國家公園管理處 / c_id=26 南湖大山線,01 假日承載量holidaynum,100
"第12,49列",S2c Fixedclimb 承載量與天數,太魯閣國家公園管理處 / c_id=26 南湖大山線,02 平日承載量generalnum,60
"第12,49列",S2c Fixedclimb 承載量與天數,太魯閣國家公園管理處 / c_id=26 南湖大山線,03 天數下限sumdaymin,1
"第12,49列",S2c Fixedclimb 承載量與天數,太魯閣國家公園管理處 / c_id=26 南湖大山線,04 天數上限sumdaymax,30
"第12,49列",S2c Fixedclimb 承載量與天數,太魯閣國家公園管理處 / c_id=26 南湖大山線,05 是否抽籤IsDraw,0
"第12,49列",S2c Fixedclimb 承載量與天數,太魯閣國家公園管理處 / c_id=26 南湖大山線,06 許可證可印天數printdays,5
"第12,49列",S2c Fixedclimb 承載量與天數,太魯閣國家公園管理處 / c_id=26 南湖大山線,07 是否雪季路線issnow,0
"第12,49列",S2c Fixedclimb 承載量與天數,太魯閣國家公園管理處 / c_id=26 南湖大山線,08 人數檢查teamscountchk,NULL
"第12,49列",S2c Fixedclimb 承載量與天數,太魯閣國家公園管理處 / c_id=27 南湖中央尖 (北一段線),01 假日承載量holidaynum,20
"第12,49列",S2c Fixedclimb 承載量與天數,太魯閣國家公園管理處 / c_id=27 南湖中央尖 (北一段線),02 平日承載量generalnum,20
"第12,49列",S2c Fixedclimb 承載量與天數,太魯閣國家公園管理處 / c_id=27 南湖中央尖 (北一段線),03 天數下限sumdaymin,1
"第12,49列",S2c Fixedclimb 承載量與天數,太魯閣國家公園管理處 / c_id=27 南湖中央尖 (北一段線),04 天數上限sumdaymax,30
"第12,49列",S2c Fixedclimb 承載量與天數,太魯閣國家公園管理處 / c_id=27 南湖中央尖 (北一段線),05 是否抽籤IsDraw,0
"第12,49列",S2c Fixedclimb 承載量與天數,太魯閣國家公園管理處 / c_id=27 南湖中央尖 (北一段線),06 許可證可印天數printdays,5
"第12,49列",S2c Fixedclimb 承載量與天數,太魯閣國家公園管理處 / c_id=27 南湖中央尖 (北一段線),07 是否雪季路線issnow,0
"第12,49列",S2c Fixedclimb 承載量與天數,太魯閣國家公園管理處 / c_id=27 南湖中央尖 (北一段線),08 人數檢查teamscountchk,NULL
"第12,49列",S2c Fixedclimb 承載量與天數,太魯閣國家公園管理處 / c_id=28 北一段縱走北二段,01 假日承載量holidaynum,24
"第12,49列",S2c Fixedclimb 承載量與天數,太魯閣國家公園管理處 / c_id=28 北一段縱走北二段,02 平日承載量generalnum,24
"第12,49列",S2c Fixedclimb 承載量與天數,太魯閣國家公園管理處 / c_id=28 北一段縱走北二段,03 天數下限sumdaymin,3
"第12,49列",S2c Fixedclimb 承載量與天數,太魯閣國家公園管理處 / c_id=28 北一段縱走北二段,04 天數上限sumdaymax,30
"第12,49列",S2c Fixedclimb 承載量與天數,太魯閣國家公園管理處 / c_id=28 北一段縱走北二段,05 是否抽籤IsDraw,0
"第12,49列",S2c Fixedclimb 承載量與天數,太魯閣國家公園管理處 / c_id=28 北一段縱走北二段,06 許可證可印天數printdays,5
"第12,49列",S2c Fixedclimb 承載量與天數,太魯閣國家公園管理處 / c_id=28 北一段縱走北二段,07 是否雪季路線issnow,0
"第12,49列",S2c Fixedclimb 承載量與天數,太魯閣國家公園管理處 / c_id=28 北一段縱走北二段,08 人數檢查teamscountchk,NULL
"第12,49列",S2c Fixedclimb 承載量與天數,太魯閣國家公園管理處 / c_id=29 北二段（鬼門關斷崖）,01 假日承載量holidaynum,24
"第12,49列",S2c Fixedclimb 承載量與天數,太魯閣國家公園管理處 / c_id=29 北二段（鬼門關斷崖）,02 平日承載量generalnum,24
"第12,49列",S2c Fixedclimb 承載量與天數,太魯閣國家公園管理處 / c_id=29 北二段（鬼門關斷崖）,03 天數下限sumdaymin,2
"第12,49列",S2c Fixedclimb 承載量與天數,太魯閣國家公園管理處 / c_id=29 北二段（鬼門關斷崖）,04 天數上限sumdaymax,30
"第12,49列",S2c Fixedclimb 承載量與天數,太魯閣國家公園管理處 / c_id=29 北二段（鬼門關斷崖）,05 是否抽籤IsDraw,0
"第12,49列",S2c Fixedclimb 承載量與天數,太魯閣國家公園管理處 / c_id=29 北二段（鬼門關斷崖）,06 許可證可印天數printdays,5
"第12,49列",S2c Fixedclimb 承載量與天數,太魯閣國家公園管理處 / c_id=29 北二段（鬼門關斷崖）,07 是否雪季路線issnow,0
"第12,49列",S2c Fixedclimb 承載量與天數,太魯閣國家公園管理處 / c_id=29 北二段（鬼門關斷崖）,08 人數檢查teamscountchk,NULL
"第12,49列",S2c Fixedclimb 承載量與天數,太魯閣國家公園管理處 / c_id=30 閂山鈴鳴山,01 假日承載量holidaynum,99999
"第12,49列",S2c Fixedclimb 承載量與天數,太魯閣國家公園管理處 / c_id=30 閂山鈴鳴山,02 平日承載量generalnum,99999
"第12,49列",S2c Fixedclimb 承載量與天數,太魯閣國家公園管理處 / c_id=30 閂山鈴鳴山,03 天數下限sumdaymin,1
"第12,49列",S2c Fixedclimb 承載量與天數,太魯閣國家公園管理處 / c_id=30 閂山鈴鳴山,04 天數上限sumdaymax,4
"第12,49列",S2c Fixedclimb 承載量與天數,太魯閣國家公園管理處 / c_id=30 閂山鈴鳴山,05 是否抽籤IsDraw,0
"第12,49列",S2c Fixedclimb 承載量與天數,太魯閣國家公園管理處 / c_id=30 閂山鈴鳴山,06 許可證可印天數printdays,5
"第12,49列",S2c Fixedclimb 承載量與天數,太魯閣國家公園管理處 / c_id=30 閂山鈴鳴山,07 是否雪季路線issnow,0
"第12,49列",S2c Fixedclimb 承載量與天數,太魯閣國家公園管理處 / c_id=30 閂山鈴鳴山,08 人數檢查teamscountchk,NULL
"第12,49列",S2c Fixedclimb 承載量與天數,太魯閣國家公園管理處 / c_id=31 閂山單攻,01 假日承載量holidaynum,99999
"第12,49列",S2c Fixedclimb 承載量與天數,太魯閣國家公園管理處 / c_id=31 閂山單攻,02 平日承載量generalnum,99999
"第12,49列",S2c Fixedclimb 承載量與天數,太魯閣國家公園管理處 / c_id=31 閂山單攻,03 天數下限sumdaymin,1
"第12,49列",S2c Fixedclimb 承載量與天數,太魯閣國家公園管理處 / c_id=31 閂山單攻,04 天數上限sumdaymax,2
"第12,49列",S2c Fixedclimb 承載量與天數,太魯閣國家公園管理處 / c_id=31 閂山單攻,05 是否抽籤IsDraw,0
"第12,49列",S2c Fixedclimb 承載量與天數,太魯閣國家公園管理處 / c_id=31 閂山單攻,06 許可證可印天數printdays,5
"第12,49列",S2c Fixedclimb 承載量與天數,太魯閣國家公園管理處 / c_id=31 閂山單攻,07 是否雪季路線issnow,0
"第12,49列",S2c Fixedclimb 承載量與天數,太魯閣國家公園管理處 / c_id=31 閂山單攻,08 人數檢查teamscountchk,NULL
"第12,49列",S2c Fixedclimb 承載量與天數,太魯閣國家公園管理處 / c_id=32 畢祿縱走羊頭,01 假日承載量holidaynum,99999
"第12,49列",S2c Fixedclimb 承載量與天數,太魯閣國家公園管理處 / c_id=32 畢祿縱走羊頭,02 平日承載量generalnum,99999
"第12,49列",S2c Fixedclimb 承載量與天數,太魯閣國家公園管理處 / c_id=32 畢祿縱走羊頭,03 天數下限sumdaymin,1
"第12,49列",S2c Fixedclimb 承載量與天數,太魯閣國家公園管理處 / c_id=32 畢祿縱走羊頭,04 天數上限sumdaymax,3
"第12,49列",S2c Fixedclimb 承載量與天數,太魯閣國家公園管理處 / c_id=32 畢祿縱走羊頭,05 是否抽籤IsDraw,0
"第12,49列",S2c Fixedclimb 承載量與天數,太魯閣國家公園管理處 / c_id=32 畢祿縱走羊頭,06 許可證可印天數printdays,5
"第12,49列",S2c Fixedclimb 承載量與天數,太魯閣國家公園管理處 / c_id=32 畢祿縱走羊頭,07 是否雪季路線issnow,0
"第12,49列",S2c Fixedclimb 承載量與天數,太魯閣國家公園管理處 / c_id=32 畢祿縱走羊頭,08 人數檢查teamscountchk,NULL
"第12,49列",S2c Fixedclimb 承載量與天數,太魯閣國家公園管理處 / c_id=33 畢祿山,01 假日承載量holidaynum,99999
"第12,49列",S2c Fixedclimb 承載量與天數,太魯閣國家公園管理處 / c_id=33 畢祿山,02 平日承載量generalnum,99999
"第12,49列",S2c Fixedclimb 承載量與天數,太魯閣國家公園管理處 / c_id=33 畢祿山,03 天數下限sumdaymin,1
"第12,49列",S2c Fixedclimb 承載量與天數,太魯閣國家公園管理處 / c_id=33 畢祿山,04 天數上限sumdaymax,3
"第12,49列",S2c Fixedclimb 承載量與天數,太魯閣國家公園管理處 / c_id=33 畢祿山,05 是否抽籤IsDraw,0
"第12,49列",S2c Fixedclimb 承載量與天數,太魯閣國家公園管理處 / c_id=33 畢祿山,06 許可證可印天數printdays,5
"第12,49列",S2c Fixedclimb 承載量與天數,太魯閣國家公園管理處 / c_id=33 畢祿山,07 是否雪季路線issnow,0
"第12,49列",S2c Fixedclimb 承載量與天數,太魯閣國家公園管理處 / c_id=33 畢祿山,08 人數檢查teamscountchk,NULL
"第12,49列",S2c Fixedclimb 承載量與天數,太魯閣國家公園管理處 / c_id=34 羊頭山單攻,01 假日承載量holidaynum,99999
"第12,49列",S2c Fixedclimb 承載量與天數,太魯閣國家公園管理處 / c_id=34 羊頭山單攻,02 平日承載量generalnum,99999
"第12,49列",S2c Fixedclimb 承載量與天數,太魯閣國家公園管理處 / c_id=34 羊頭山單攻,03 天數下限sumdaymin,1
"第12,49列",S2c Fixedclimb 承載量與天數,太魯閣國家公園管理處 / c_id=34 羊頭山單攻,04 天數上限sumdaymax,1
"第12,49列",S2c Fixedclimb 承載量與天數,太魯閣國家公園管理處 / c_id=34 羊頭山單攻,05 是否抽籤IsDraw,0
"第12,49列",S2c Fixedclimb 承載量與天數,太魯閣國家公園管理處 / c_id=34 羊頭山單攻,06 許可證可印天數printdays,5
"第12,49列",S2c Fixedclimb 承載量與天數,太魯閣國家公園管理處 / c_id=34 羊頭山單攻,07 是否雪季路線issnow,0
"第12,49列",S2c Fixedclimb 承載量與天數,太魯閣國家公園管理處 / c_id=34 羊頭山單攻,08 人數檢查teamscountchk,NULL
"第12,49列",S2c Fixedclimb 承載量與天數,太魯閣國家公園管理處 / c_id=35 清水山,01 假日承載量holidaynum,99999
"第12,49列",S2c Fixedclimb 承載量與天數,太魯閣國家公園管理處 / c_id=35 清水山,02 平日承載量generalnum,99999
"第12,49列",S2c Fixedclimb 承載量與天數,太魯閣國家公園管理處 / c_id=35 清水山,03 天數下限sumdaymin,2
"第12,49列",S2c Fixedclimb 承載量與天數,太魯閣國家公園管理處 / c_id=35 清水山,04 天數上限sumdaymax,7
"第12,49列",S2c Fixedclimb 承載量與天數,太魯閣國家公園管理處 / c_id=35 清水山,05 是否抽籤IsDraw,0
"第12,49列",S2c Fixedclimb 承載量與天數,太魯閣國家公園管理處 / c_id=35 清水山,06 許可證可印天數printdays,5
"第12,49列",S2c Fixedclimb 承載量與天數,太魯閣國家公園管理處 / c_id=35 清水山,07 是否雪季路線issnow,0
"第12,49列",S2c Fixedclimb 承載量與天數,太魯閣國家公園管理處 / c_id=35 清水山,08 人數檢查teamscountchk,NULL
"第12,49列",S2c Fixedclimb 承載量與天數,太魯閣國家公園管理處 / c_id=55 其他（非傳統路線但進入區域屬生態保護區）,01 假日承載量holidaynum,99999
"第12,49列",S2c Fixedclimb 承載量與天數,太魯閣國家公園管理處 / c_id=55 其他（非傳統路線但進入區域屬生態保護區）,02 平日承載量generalnum,99999
"第12,49列",S2c Fixedclimb 承載量與天數,太魯閣國家公園管理處 / c_id=55 其他（非傳統路線但進入區域屬生態保護區）,03 天數下限sumdaymin,1
"第12,49列",S2c Fixedclimb 承載量與天數,太魯閣國家公園管理處 / c_id=55 其他（非傳統路線但進入區域屬生態保護區）,04 天數上限sumdaymax,30
"第12,49列",S2c Fixedclimb 承載量與天數,太魯閣國家公園管理處 / c_id=55 其他（非傳統路線但進入區域屬生態保護區）,05 是否抽籤IsDraw,0
"第12,49列",S2c Fixedclimb 承載量與天數,太魯閣國家公園管理處 / c_id=55 其他（非傳統路線但進入區域屬生態保護區）,06 許可證可印天數printdays,5
"第12,49列",S2c Fixedclimb 承載量與天數,太魯閣國家公園管理處 / c_id=55 其他（非傳統路線但進入區域屬生態保護區）,07 是否雪季路線issnow,0
"第12,49列",S2c Fixedclimb 承載量與天數,太魯閣國家公園管理處 / c_id=55 其他（非傳統路線但進入區域屬生態保護區）,08 人數檢查teamscountchk,NULL
"第12,49列",S2c Fixedclimb 承載量與天數,太魯閣國家公園管理處 / c_id=661 其他路線_南湖大山線,01 假日承載量holidaynum,99999
"第12,49列",S2c Fixedclimb 承載量與天數,太魯閣國家公園管理處 / c_id=661 其他路線_南湖大山線,02 平日承載量generalnum,99999
"第12,49列",S2c Fixedclimb 承載量與天數,太魯閣國家公園管理處 / c_id=661 其他路線_南湖大山線,03 天數下限sumdaymin,1
"第12,49列",S2c Fixedclimb 承載量與天數,太魯閣國家公園管理處 / c_id=661 其他路線_南湖大山線,04 天數上限sumdaymax,30
"第12,49列",S2c Fixedclimb 承載量與天數,太魯閣國家公園管理處 / c_id=661 其他路線_南湖大山線,05 是否抽籤IsDraw,0
"第12,49列",S2c Fixedclimb 承載量與天數,太魯閣國家公園管理處 / c_id=661 其他路線_南湖大山線,06 許可證可印天數printdays,NULL
"第12,49列",S2c Fixedclimb 承載量與天數,太魯閣國家公園管理處 / c_id=661 其他路線_南湖大山線,07 是否雪季路線issnow,0
"第12,49列",S2c Fixedclimb 承載量與天數,太魯閣國家公園管理處 / c_id=661 其他路線_南湖大山線,08 人數檢查teamscountchk,NULL
"第12,49列",S2c Fixedclimb 承載量與天數,太魯閣國家公園管理處 / c_id=662 其他路線_奇萊群峰,01 假日承載量holidaynum,99999
"第12,49列",S2c Fixedclimb 承載量與天數,太魯閣國家公園管理處 / c_id=662 其他路線_奇萊群峰,02 平日承載量generalnum,99999
"第12,49列",S2c Fixedclimb 承載量與天數,太魯閣國家公園管理處 / c_id=662 其他路線_奇萊群峰,03 天數下限sumdaymin,1
"第12,49列",S2c Fixedclimb 承載量與天數,太魯閣國家公園管理處 / c_id=662 其他路線_奇萊群峰,04 天數上限sumdaymax,30
"第12,49列",S2c Fixedclimb 承載量與天數,太魯閣國家公園管理處 / c_id=662 其他路線_奇萊群峰,05 是否抽籤IsDraw,0
"第12,49列",S2c Fixedclimb 承載量與天數,太魯閣國家公園管理處 / c_id=662 其他路線_奇萊群峰,06 許可證可印天數printdays,NULL
"第12,49列",S2c Fixedclimb 承載量與天數,太魯閣國家公園管理處 / c_id=662 其他路線_奇萊群峰,07 是否雪季路線issnow,0
"第12,49列",S2c Fixedclimb 承載量與天數,太魯閣國家公園管理處 / c_id=662 其他路線_奇萊群峰,08 人數檢查teamscountchk,NULL
"第12,49列",S2c Fixedclimb 承載量與天數,玉山國家公園管理處 / c_id=1 乙女瀑布單日往返(東埔 – 乙女瀑布 – 東埔),01 假日承載量holidaynum,100
"第12,49列",S2c Fixedclimb 承載量與天數,玉山國家公園管理處 / c_id=1 乙女瀑布單日往返(東埔 – 乙女瀑布 – 東埔),02 平日承載量generalnum,100
"第12,49列",S2c Fixedclimb 承載量與天數,玉山國家公園管理處 / c_id=1 乙女瀑布單日往返(東埔 – 乙女瀑布 – 東埔),03 天數下限sumdaymin,1
"第12,49列",S2c Fixedclimb 承載量與天數,玉山國家公園管理處 / c_id=1 乙女瀑布單日往返(東埔 – 乙女瀑布 – 東埔),04 天數上限sumdaymax,1
"第12,49列",S2c Fixedclimb 承載量與天數,玉山國家公園管理處 / c_id=1 乙女瀑布單日往返(東埔 – 乙女瀑布 – 東埔),05 是否抽籤IsDraw,0
"第12,49列",S2c Fixedclimb 承載量與天數,玉山國家公園管理處 / c_id=1 乙女瀑布單日往返(東埔 – 乙女瀑布 – 東埔),06 許可證可印天數printdays,5
"第12,49列",S2c Fixedclimb 承載量與天數,玉山國家公園管理處 / c_id=1 乙女瀑布單日往返(東埔 – 乙女瀑布 – 東埔),07 是否雪季路線issnow,0
"第12,49列",S2c Fixedclimb 承載量與天數,玉山國家公園管理處 / c_id=1 乙女瀑布單日往返(東埔 – 乙女瀑布 – 東埔),08 人數檢查teamscountchk,0
"第12,49列",S2c Fixedclimb 承載量與天數,玉山國家公園管理處 / c_id=10 3天(東埔 –八通關 – 東埔),01 假日承載量holidaynum,NULL
"第12,49列",S2c Fixedclimb 承載量與天數,玉山國家公園管理處 / c_id=10 3天(東埔 –八通關 – 東埔),02 平日承載量generalnum,NULL
"第12,49列",S2c Fixedclimb 承載量與天數,玉山國家公園管理處 / c_id=10 3天(東埔 –八通關 – 東埔),03 天數下限sumdaymin,3
"第12,49列",S2c Fixedclimb 承載量與天數,玉山國家公園管理處 / c_id=10 3天(東埔 –八通關 – 東埔),04 天數上限sumdaymax,3
"第12,49列",S2c Fixedclimb 承載量與天數,玉山國家公園管理處 / c_id=10 3天(東埔 –八通關 – 東埔),05 是否抽籤IsDraw,0
"第12,49列",S2c Fixedclimb 承載量與天數,玉山國家公園管理處 / c_id=10 3天(東埔 –八通關 – 東埔),06 許可證可印天數printdays,5
"第12,49列",S2c Fixedclimb 承載量與天數,玉山國家公園管理處 / c_id=10 3天(東埔 –八通關 – 東埔),07 是否雪季路線issnow,0
"第12,49列",S2c Fixedclimb 承載量與天數,玉山國家公園管理處 / c_id=10 3天(東埔 –八通關 – 東埔),08 人數檢查teamscountchk,NULL
"第12,49列",S2c Fixedclimb 承載量與天數,玉山國家公園管理處 / c_id=126 其他路線,01 假日承載量holidaynum,99999
"第12,49列",S2c Fixedclimb 承載量與天數,玉山國家公園管理處 / c_id=126 其他路線,02 平日承載量generalnum,99999
"第12,49列",S2c Fixedclimb 承載量與天數,玉山國家公園管理處 / c_id=126 其他路線,03 天數下限sumdaymin,1
"第12,49列",S2c Fixedclimb 承載量與天數,玉山國家公園管理處 / c_id=126 其他路線,04 天數上限sumdaymax,30
"第12,49列",S2c Fixedclimb 承載量與天數,玉山國家公園管理處 / c_id=126 其他路線,05 是否抽籤IsDraw,0
"第12,49列",S2c Fixedclimb 承載量與天數,玉山國家公園管理處 / c_id=126 其他路線,06 許可證可印天數printdays,5
"第12,49列",S2c Fixedclimb 承載量與天數,玉山國家公園管理處 / c_id=126 其他路線,07 是否雪季路線issnow,0
"第12,49列",S2c Fixedclimb 承載量與天數,玉山國家公園管理處 / c_id=126 其他路線,08 人數檢查teamscountchk,NULL
"第12,49列",S2c Fixedclimb 承載量與天數,玉山國家公園管理處 / c_id=127 3~9天其他路線(向陽/南安 – 新康橫斷線 –,01 假日承載量holidaynum,NULL
"第12,49列",S2c Fixedclimb 承載量與天數,玉山國家公園管理處 / c_id=127 3~9天其他路線(向陽/南安 – 新康橫斷線 –,02 平日承載量generalnum,NULL
"第12,49列",S2c Fixedclimb 承載量與天數,玉山國家公園管理處 / c_id=127 3~9天其他路線(向陽/南安 – 新康橫斷線 –,03 天數下限sumdaymin,3
"第12,49列",S2c Fixedclimb 承載量與天數,玉山國家公園管理處 / c_id=127 3~9天其他路線(向陽/南安 – 新康橫斷線 –,04 天數上限sumdaymax,9
"第12,49列",S2c Fixedclimb 承載量與天數,玉山國家公園管理處 / c_id=127 3~9天其他路線(向陽/南安 – 新康橫斷線 –,05 是否抽籤IsDraw,0
"第12,49列",S2c Fixedclimb 承載量與天數,玉山國家公園管理處 / c_id=127 3~9天其他路線(向陽/南安 – 新康橫斷線 –,06 許可證可印天數printdays,5
"第12,49列",S2c Fixedclimb 承載量與天數,玉山國家公園管理處 / c_id=127 3~9天其他路線(向陽/南安 – 新康橫斷線 –,07 是否雪季路線issnow,0
"第12,49列",S2c Fixedclimb 承載量與天數,玉山國家公園管理處 / c_id=127 3~9天其他路線(向陽/南安 – 新康橫斷線 –,08 人數檢查teamscountchk,NULL
"第12,49列",S2c Fixedclimb 承載量與天數,玉山國家公園管理處 / c_id=128 1~15天(其他路線),01 假日承載量holidaynum,99999
"第12,49列",S2c Fixedclimb 承載量與天數,玉山國家公園管理處 / c_id=128 1~15天(其他路線),02 平日承載量generalnum,99999
"第12,49列",S2c Fixedclimb 承載量與天數,玉山國家公園管理處 / c_id=128 1~15天(其他路線),03 天數下限sumdaymin,1
"第12,49列",S2c Fixedclimb 承載量與天數,玉山國家公園管理處 / c_id=128 1~15天(其他路線),04 天數上限sumdaymax,15
"第12,49列",S2c Fixedclimb 承載量與天數,玉山國家公園管理處 / c_id=128 1~15天(其他路線),05 是否抽籤IsDraw,0
"第12,49列",S2c Fixedclimb 承載量與天數,玉山國家公園管理處 / c_id=128 1~15天(其他路線),06 許可證可印天數printdays,5
"第12,49列",S2c Fixedclimb 承載量與天數,玉山國家公園管理處 / c_id=128 1~15天(其他路線),07 是否雪季路線issnow,0
"第12,49列",S2c Fixedclimb 承載量與天數,玉山國家公園管理處 / c_id=128 1~15天(其他路線),08 人數檢查teamscountchk,NULL
"第12,49列",S2c Fixedclimb 承載量與天數,玉山國家公園管理處 / c_id=130 3~5天其他路線(東埔/塔塔加 - 八通關玉山線,01 假日承載量holidaynum,NULL
"第12,49列",S2c Fixedclimb 承載量與天數,玉山國家公園管理處 / c_id=130 3~5天其他路線(東埔/塔塔加 - 八通關玉山線,02 平日承載量generalnum,NULL
"第12,49列",S2c Fixedclimb 承載量與天數,玉山國家公園管理處 / c_id=130 3~5天其他路線(東埔/塔塔加 - 八通關玉山線,03 天數下限sumdaymin,3
"第12,49列",S2c Fixedclimb 承載量與天數,玉山國家公園管理處 / c_id=130 3~5天其他路線(東埔/塔塔加 - 八通關玉山線,04 天數上限sumdaymax,5
"第12,49列",S2c Fixedclimb 承載量與天數,玉山國家公園管理處 / c_id=130 3~5天其他路線(東埔/塔塔加 - 八通關玉山線,05 是否抽籤IsDraw,0
"第12,49列",S2c Fixedclimb 承載量與天數,玉山國家公園管理處 / c_id=130 3~5天其他路線(東埔/塔塔加 - 八通關玉山線,06 許可證可印天數printdays,5
"第12,49列",S2c Fixedclimb 承載量與天數,玉山國家公園管理處 / c_id=130 3~5天其他路線(東埔/塔塔加 - 八通關玉山線,07 是否雪季路線issnow,0
"第12,49列",S2c Fixedclimb 承載量與天數,玉山國家公園管理處 / c_id=130 3~5天其他路線(東埔/塔塔加 - 八通關玉山線,08 人數檢查teamscountchk,NULL
"第12,49列",S2c Fixedclimb 承載量與天數,"玉山國家公園管理處 / c_id=131 4~9天其他路線(南安/東埔 - 八通關越嶺線 ",01 假日承載量holidaynum,NULL
"第12,49列",S2c Fixedclimb 承載量與天數,"玉山國家公園管理處 / c_id=131 4~9天其他路線(南安/東埔 - 八通關越嶺線 ",02 平日承載量generalnum,NULL
"第12,49列",S2c Fixedclimb 承載量與天數,"玉山國家公園管理處 / c_id=131 4~9天其他路線(南安/東埔 - 八通關越嶺線 ",03 天數下限sumdaymin,4
"第12,49列",S2c Fixedclimb 承載量與天數,"玉山國家公園管理處 / c_id=131 4~9天其他路線(南安/東埔 - 八通關越嶺線 ",04 天數上限sumdaymax,9
"第12,49列",S2c Fixedclimb 承載量與天數,"玉山國家公園管理處 / c_id=131 4~9天其他路線(南安/東埔 - 八通關越嶺線 ",05 是否抽籤IsDraw,0
"第12,49列",S2c Fixedclimb 承載量與天數,"玉山國家公園管理處 / c_id=131 4~9天其他路線(南安/東埔 - 八通關越嶺線 ",06 許可證可印天數printdays,5
"第12,49列",S2c Fixedclimb 承載量與天數,"玉山國家公園管理處 / c_id=131 4~9天其他路線(南安/東埔 - 八通關越嶺線 ",07 是否雪季路線issnow,0
"第12,49列",S2c Fixedclimb 承載量與天數,"玉山國家公園管理處 / c_id=131 4~9天其他路線(南安/東埔 - 八通關越嶺線 ",08 人數檢查teamscountchk,NULL
"第12,49列",S2c Fixedclimb 承載量與天數,玉山國家公園管理處 / c_id=135 1~10天其他路線(向陽/東埔/塔塔加 - 南二,01 假日承載量holidaynum,999
"第12,49列",S2c Fixedclimb 承載量與天數,玉山國家公園管理處 / c_id=135 1~10天其他路線(向陽/東埔/塔塔加 - 南二,02 平日承載量generalnum,999
"第12,49列",S2c Fixedclimb 承載量與天數,玉山國家公園管理處 / c_id=135 1~10天其他路線(向陽/東埔/塔塔加 - 南二,03 天數下限sumdaymin,1
"第12,49列",S2c Fixedclimb 承載量與天數,玉山國家公園管理處 / c_id=135 1~10天其他路線(向陽/東埔/塔塔加 - 南二,04 天數上限sumdaymax,10
"第12,49列",S2c Fixedclimb 承載量與天數,玉山國家公園管理處 / c_id=135 1~10天其他路線(向陽/東埔/塔塔加 - 南二,05 是否抽籤IsDraw,0
"第12,49列",S2c Fixedclimb 承載量與天數,玉山國家公園管理處 / c_id=135 1~10天其他路線(向陽/東埔/塔塔加 - 南二,06 許可證可印天數printdays,5
"第12,49列",S2c Fixedclimb 承載量與天數,玉山國家公園管理處 / c_id=135 1~10天其他路線(向陽/東埔/塔塔加 - 南二,07 是否雪季路線issnow,0
"第12,49列",S2c Fixedclimb 承載量與天數,玉山國家公園管理處 / c_id=135 1~10天其他路線(向陽/東埔/塔塔加 - 南二,08 人數檢查teamscountchk,NULL
"第12,49列",S2c Fixedclimb 承載量與天數,玉山國家公園管理處 / c_id=136 1~4天其他路線(梅山/南一段 - 庫哈諾辛山/,01 假日承載量holidaynum,100
"第12,49列",S2c Fixedclimb 承載量與天數,玉山國家公園管理處 / c_id=136 1~4天其他路線(梅山/南一段 - 庫哈諾辛山/,02 平日承載量generalnum,100
"第12,49列",S2c Fixedclimb 承載量與天數,玉山國家公園管理處 / c_id=136 1~4天其他路線(梅山/南一段 - 庫哈諾辛山/,03 天數下限sumdaymin,1
"第12,49列",S2c Fixedclimb 承載量與天數,玉山國家公園管理處 / c_id=136 1~4天其他路線(梅山/南一段 - 庫哈諾辛山/,04 天數上限sumdaymax,4
"第12,49列",S2c Fixedclimb 承載量與天數,玉山國家公園管理處 / c_id=136 1~4天其他路線(梅山/南一段 - 庫哈諾辛山/,05 是否抽籤IsDraw,0
"第12,49列",S2c Fixedclimb 承載量與天數,玉山國家公園管理處 / c_id=136 1~4天其他路線(梅山/南一段 - 庫哈諾辛山/,06 許可證可印天數printdays,5
"第12,49列",S2c Fixedclimb 承載量與天數,玉山國家公園管理處 / c_id=136 1~4天其他路線(梅山/南一段 - 庫哈諾辛山/,07 是否雪季路線issnow,0
"第12,49列",S2c Fixedclimb 承載量與天數,玉山國家公園管理處 / c_id=136 1~4天其他路線(梅山/南一段 - 庫哈諾辛山/,08 人數檢查teamscountchk,NULL
"第12,49列",S2c Fixedclimb 承載量與天數,玉山國家公園管理處 / c_id=137 1~10天(塔塔加 – 楠溪林道 – 塔塔加),01 假日承載量holidaynum,999
"第12,49列",S2c Fixedclimb 承載量與天數,玉山國家公園管理處 / c_id=137 1~10天(塔塔加 – 楠溪林道 – 塔塔加),02 平日承載量generalnum,999
"第12,49列",S2c Fixedclimb 承載量與天數,玉山國家公園管理處 / c_id=137 1~10天(塔塔加 – 楠溪林道 – 塔塔加),03 天數下限sumdaymin,1
"第12,49列",S2c Fixedclimb 承載量與天數,玉山國家公園管理處 / c_id=137 1~10天(塔塔加 – 楠溪林道 – 塔塔加),04 天數上限sumdaymax,10
"第12,49列",S2c Fixedclimb 承載量與天數,玉山國家公園管理處 / c_id=137 1~10天(塔塔加 – 楠溪林道 – 塔塔加),05 是否抽籤IsDraw,0
"第12,49列",S2c Fixedclimb 承載量與天數,玉山國家公園管理處 / c_id=137 1~10天(塔塔加 – 楠溪林道 – 塔塔加),06 許可證可印天數printdays,5
"第12,49列",S2c Fixedclimb 承載量與天數,玉山國家公園管理處 / c_id=137 1~10天(塔塔加 – 楠溪林道 – 塔塔加),07 是否雪季路線issnow,0
"第12,49列",S2c Fixedclimb 承載量與天數,玉山國家公園管理處 / c_id=137 1~10天(塔塔加 – 楠溪林道 – 塔塔加),08 人數檢查teamscountchk,NULL
"第12,49列",S2c Fixedclimb 承載量與天數,玉山國家公園管理處 / c_id=140 1~10天(東埔/塔塔加 –八通關玉山線 – 塔,01 假日承載量holidaynum,999
"第12,49列",S2c Fixedclimb 承載量與天數,玉山國家公園管理處 / c_id=140 1~10天(東埔/塔塔加 –八通關玉山線 – 塔,02 平日承載量generalnum,999
"第12,49列",S2c Fixedclimb 承載量與天數,玉山國家公園管理處 / c_id=140 1~10天(東埔/塔塔加 –八通關玉山線 – 塔,03 天數下限sumdaymin,1
"第12,49列",S2c Fixedclimb 承載量與天數,玉山國家公園管理處 / c_id=140 1~10天(東埔/塔塔加 –八通關玉山線 – 塔,04 天數上限sumdaymax,10
"第12,49列",S2c Fixedclimb 承載量與天數,玉山國家公園管理處 / c_id=140 1~10天(東埔/塔塔加 –八通關玉山線 – 塔,05 是否抽籤IsDraw,0
"第12,49列",S2c Fixedclimb 承載量與天數,玉山國家公園管理處 / c_id=140 1~10天(東埔/塔塔加 –八通關玉山線 – 塔,06 許可證可印天數printdays,5
"第12,49列",S2c Fixedclimb 承載量與天數,玉山國家公園管理處 / c_id=140 1~10天(東埔/塔塔加 –八通關玉山線 – 塔,07 是否雪季路線issnow,0
"第12,49列",S2c Fixedclimb 承載量與天數,玉山國家公園管理處 / c_id=140 1~10天(東埔/塔塔加 –八通關玉山線 – 塔,08 人數檢查teamscountchk,NULL
"第12,49列",S2c Fixedclimb 承載量與天數,玉山國家公園管理處 / c_id=142 1~10天(南安/東埔 – 新康線 – 南安/東,01 假日承載量holidaynum,NULL
"第12,49列",S2c Fixedclimb 承載量與天數,玉山國家公園管理處 / c_id=142 1~10天(南安/東埔 – 新康線 – 南安/東,02 平日承載量generalnum,NULL
"第12,49列",S2c Fixedclimb 承載量與天數,玉山國家公園管理處 / c_id=142 1~10天(南安/東埔 – 新康線 – 南安/東,03 天數下限sumdaymin,1
"第12,49列",S2c Fixedclimb 承載量與天數,玉山國家公園管理處 / c_id=142 1~10天(南安/東埔 – 新康線 – 南安/東,04 天數上限sumdaymax,10
"第12,49列",S2c Fixedclimb 承載量與天數,玉山國家公園管理處 / c_id=142 1~10天(南安/東埔 – 新康線 – 南安/東,05 是否抽籤IsDraw,0
"第12,49列",S2c Fixedclimb 承載量與天數,玉山國家公園管理處 / c_id=142 1~10天(南安/東埔 – 新康線 – 南安/東,06 許可證可印天數printdays,5
"第12,49列",S2c Fixedclimb 承載量與天數,玉山國家公園管理處 / c_id=142 1~10天(南安/東埔 – 新康線 – 南安/東,07 是否雪季路線issnow,0
"第12,49列",S2c Fixedclimb 承載量與天數,玉山國家公園管理處 / c_id=142 1~10天(南安/東埔 – 新康線 – 南安/東,08 人數檢查teamscountchk,NULL
"第12,49列",S2c Fixedclimb 承載量與天數,玉山國家公園管理處 / c_id=2 2~5天(塔塔加 - 玉山線 - 塔塔加),01 假日承載量holidaynum,NULL
"第12,49列",S2c Fixedclimb 承載量與天數,玉山國家公園管理處 / c_id=2 2~5天(塔塔加 - 玉山線 - 塔塔加),02 平日承載量generalnum,NULL
"第12,49列",S2c Fixedclimb 承載量與天數,玉山國家公園管理處 / c_id=2 2~5天(塔塔加 - 玉山線 - 塔塔加),03 天數下限sumdaymin,2
"第12,49列",S2c Fixedclimb 承載量與天數,玉山國家公園管理處 / c_id=2 2~5天(塔塔加 - 玉山線 - 塔塔加),04 天數上限sumdaymax,5
"第12,49列",S2c Fixedclimb 承載量與天數,玉山國家公園管理處 / c_id=2 2~5天(塔塔加 - 玉山線 - 塔塔加),05 是否抽籤IsDraw,0
"第12,49列",S2c Fixedclimb 承載量與天數,玉山國家公園管理處 / c_id=2 2~5天(塔塔加 - 玉山線 - 塔塔加),06 許可證可印天數printdays,5
"第12,49列",S2c Fixedclimb 承載量與天數,玉山國家公園管理處 / c_id=2 2~5天(塔塔加 - 玉山線 - 塔塔加),07 是否雪季路線issnow,1
"第12,49列",S2c Fixedclimb 承載量與天數,玉山國家公園管理處 / c_id=2 2~5天(塔塔加 - 玉山線 - 塔塔加),08 人數檢查teamscountchk,NULL
"第12,49列",S2c Fixedclimb 承載量與天數,玉山國家公園管理處 / c_id=3 玉山前峰單日往返(塔塔加 - 玉山前峰 - 塔塔,01 假日承載量holidaynum,100
"第12,49列",S2c Fixedclimb 承載量與天數,玉山國家公園管理處 / c_id=3 玉山前峰單日往返(塔塔加 - 玉山前峰 - 塔塔,02 平日承載量generalnum,100
"第12,49列",S2c Fixedclimb 承載量與天數,玉山國家公園管理處 / c_id=3 玉山前峰單日往返(塔塔加 - 玉山前峰 - 塔塔,03 天數下限sumdaymin,1
"第12,49列",S2c Fixedclimb 承載量與天數,玉山國家公園管理處 / c_id=3 玉山前峰單日往返(塔塔加 - 玉山前峰 - 塔塔,04 天數上限sumdaymax,1
"第12,49列",S2c Fixedclimb 承載量與天數,玉山國家公園管理處 / c_id=3 玉山前峰單日往返(塔塔加 - 玉山前峰 - 塔塔,05 是否抽籤IsDraw,0
"第12,49列",S2c Fixedclimb 承載量與天數,玉山國家公園管理處 / c_id=3 玉山前峰單日往返(塔塔加 - 玉山前峰 - 塔塔,06 許可證可印天數printdays,5
"第12,49列",S2c Fixedclimb 承載量與天數,玉山國家公園管理處 / c_id=3 玉山前峰單日往返(塔塔加 - 玉山前峰 - 塔塔,07 是否雪季路線issnow,0
"第12,49列",S2c Fixedclimb 承載量與天數,玉山國家公園管理處 / c_id=3 玉山前峰單日往返(塔塔加 - 玉山前峰 - 塔塔,08 人數檢查teamscountchk,NULL
"第12,49列",S2c Fixedclimb 承載量與天數,玉山國家公園管理處 / c_id=4 玉山線單日往返(塔塔加 - 玉山線 - 塔塔加),01 假日承載量holidaynum,60
"第12,49列",S2c Fixedclimb 承載量與天數,玉山國家公園管理處 / c_id=4 玉山線單日往返(塔塔加 - 玉山線 - 塔塔加),02 平日承載量generalnum,60
"第12,49列",S2c Fixedclimb 承載量與天數,玉山國家公園管理處 / c_id=4 玉山線單日往返(塔塔加 - 玉山線 - 塔塔加),03 天數下限sumdaymin,1
"第12,49列",S2c Fixedclimb 承載量與天數,玉山國家公園管理處 / c_id=4 玉山線單日往返(塔塔加 - 玉山線 - 塔塔加),04 天數上限sumdaymax,1
"第12,49列",S2c Fixedclimb 承載量與天數,玉山國家公園管理處 / c_id=4 玉山線單日往返(塔塔加 - 玉山線 - 塔塔加),05 是否抽籤IsDraw,1
"第12,49列",S2c Fixedclimb 承載量與天數,玉山國家公園管理處 / c_id=4 玉山線單日往返(塔塔加 - 玉山線 - 塔塔加),06 許可證可印天數printdays,5
"第12,49列",S2c Fixedclimb 承載量與天數,玉山國家公園管理處 / c_id=4 玉山線單日往返(塔塔加 - 玉山線 - 塔塔加),07 是否雪季路線issnow,0
"第12,49列",S2c Fixedclimb 承載量與天數,玉山國家公園管理處 / c_id=4 玉山線單日往返(塔塔加 - 玉山線 - 塔塔加),08 人數檢查teamscountchk,NULL
"第12,49列",S2c Fixedclimb 承載量與天數,玉山國家公園管理處 / c_id=49 1~30天(東埔/塔塔加 –八通關 – 塔塔加/,01 假日承載量holidaynum,99999
"第12,49列",S2c Fixedclimb 承載量與天數,玉山國家公園管理處 / c_id=49 1~30天(東埔/塔塔加 –八通關 – 塔塔加/,02 平日承載量generalnum,99999
"第12,49列",S2c Fixedclimb 承載量與天數,玉山國家公園管理處 / c_id=49 1~30天(東埔/塔塔加 –八通關 – 塔塔加/,03 天數下限sumdaymin,1
"第12,49列",S2c Fixedclimb 承載量與天數,玉山國家公園管理處 / c_id=49 1~30天(東埔/塔塔加 –八通關 – 塔塔加/,04 天數上限sumdaymax,30
"第12,49列",S2c Fixedclimb 承載量與天數,玉山國家公園管理處 / c_id=49 1~30天(東埔/塔塔加 –八通關 – 塔塔加/,05 是否抽籤IsDraw,0
"第12,49列",S2c Fixedclimb 承載量與天數,玉山國家公園管理處 / c_id=49 1~30天(東埔/塔塔加 –八通關 – 塔塔加/,06 許可證可印天數printdays,5
"第12,49列",S2c Fixedclimb 承載量與天數,玉山國家公園管理處 / c_id=49 1~30天(東埔/塔塔加 –八通關 – 塔塔加/,07 是否雪季路線issnow,0
"第12,49列",S2c Fixedclimb 承載量與天數,玉山國家公園管理處 / c_id=49 1~30天(東埔/塔塔加 –八通關 – 塔塔加/,08 人數檢查teamscountchk,NULL
"第12,49列",S2c Fixedclimb 承載量與天數,"玉山國家公園管理處 / c_id=5 2~3天(進涇橋/南一段 - 庫哈諾辛山/關山 ",01 假日承載量holidaynum,0
"第12,49列",S2c Fixedclimb 承載量與天數,"玉山國家公園管理處 / c_id=5 2~3天(進涇橋/南一段 - 庫哈諾辛山/關山 ",02 平日承載量generalnum,0
"第12,49列",S2c Fixedclimb 承載量與天數,"玉山國家公園管理處 / c_id=5 2~3天(進涇橋/南一段 - 庫哈諾辛山/關山 ",03 天數下限sumdaymin,2
"第12,49列",S2c Fixedclimb 承載量與天數,"玉山國家公園管理處 / c_id=5 2~3天(進涇橋/南一段 - 庫哈諾辛山/關山 ",04 天數上限sumdaymax,3
"第12,49列",S2c Fixedclimb 承載量與天數,"玉山國家公園管理處 / c_id=5 2~3天(進涇橋/南一段 - 庫哈諾辛山/關山 ",05 是否抽籤IsDraw,0
"第12,49列",S2c Fixedclimb 承載量與天數,"玉山國家公園管理處 / c_id=5 2~3天(進涇橋/南一段 - 庫哈諾辛山/關山 ",06 許可證可印天數printdays,5
"第12,49列",S2c Fixedclimb 承載量與天數,"玉山國家公園管理處 / c_id=5 2~3天(進涇橋/南一段 - 庫哈諾辛山/關山 ",07 是否雪季路線issnow,0
"第12,49列",S2c Fixedclimb 承載量與天數,"玉山國家公園管理處 / c_id=5 2~3天(進涇橋/南一段 - 庫哈諾辛山/關山 ",08 人數檢查teamscountchk,NULL
"第12,49列",S2c Fixedclimb 承載量與天數,玉山國家公園管理處 / c_id=51 3~8天(南安 - 八通關越嶺線東段 - 南安),01 假日承載量holidaynum,NULL
"第12,49列",S2c Fixedclimb 承載量與天數,玉山國家公園管理處 / c_id=51 3~8天(南安 - 八通關越嶺線東段 - 南安),02 平日承載量generalnum,NULL
"第12,49列",S2c Fixedclimb 承載量與天數,玉山國家公園管理處 / c_id=51 3~8天(南安 - 八通關越嶺線東段 - 南安),03 天數下限sumdaymin,3
"第12,49列",S2c Fixedclimb 承載量與天數,玉山國家公園管理處 / c_id=51 3~8天(南安 - 八通關越嶺線東段 - 南安),04 天數上限sumdaymax,8
"第12,49列",S2c Fixedclimb 承載量與天數,玉山國家公園管理處 / c_id=51 3~8天(南安 - 八通關越嶺線東段 - 南安),05 是否抽籤IsDraw,0
"第12,49列",S2c Fixedclimb 承載量與天數,玉山國家公園管理處 / c_id=51 3~8天(南安 - 八通關越嶺線東段 - 南安),06 許可證可印天數printdays,5
"第12,49列",S2c Fixedclimb 承載量與天數,玉山國家公園管理處 / c_id=51 3~8天(南安 - 八通關越嶺線東段 - 南安),07 是否雪季路線issnow,0
"第12,49列",S2c Fixedclimb 承載量與天數,玉山國家公園管理處 / c_id=51 3~8天(南安 - 八通關越嶺線東段 - 南安),08 人數檢查teamscountchk,NULL
"第12,49列",S2c Fixedclimb 承載量與天數,玉山國家公園管理處 / c_id=53 1~30天(南安/東埔 - 八通關越嶺線 – 南,01 假日承載量holidaynum,99999
"第12,49列",S2c Fixedclimb 承載量與天數,玉山國家公園管理處 / c_id=53 1~30天(南安/東埔 - 八通關越嶺線 – 南,02 平日承載量generalnum,99999
"第12,49列",S2c Fixedclimb 承載量與天數,玉山國家公園管理處 / c_id=53 1~30天(南安/東埔 - 八通關越嶺線 – 南,03 天數下限sumdaymin,1
"第12,49列",S2c Fixedclimb 承載量與天數,玉山國家公園管理處 / c_id=53 1~30天(南安/東埔 - 八通關越嶺線 – 南,04 天數上限sumdaymax,30
"第12,49列",S2c Fixedclimb 承載量與天數,玉山國家公園管理處 / c_id=53 1~30天(南安/東埔 - 八通關越嶺線 – 南,05 是否抽籤IsDraw,0
"第12,49列",S2c Fixedclimb 承載量與天數,玉山國家公園管理處 / c_id=53 1~30天(南安/東埔 - 八通關越嶺線 – 南,06 許可證可印天數printdays,5
"第12,49列",S2c Fixedclimb 承載量與天數,玉山國家公園管理處 / c_id=53 1~30天(南安/東埔 - 八通關越嶺線 – 南,07 是否雪季路線issnow,0
"第12,49列",S2c Fixedclimb 承載量與天數,玉山國家公園管理處 / c_id=53 1~30天(南安/東埔 - 八通關越嶺線 – 南,08 人數檢查teamscountchk,NULL
"第12,49列",S2c Fixedclimb 承載量與天數,玉山國家公園管理處 / c_id=57 4~6天(東埔- 秀姑巒 – 東埔),01 假日承載量holidaynum,NULL
"第12,49列",S2c Fixedclimb 承載量與天數,玉山國家公園管理處 / c_id=57 4~6天(東埔- 秀姑巒 – 東埔),02 平日承載量generalnum,NULL
"第12,49列",S2c Fixedclimb 承載量與天數,玉山國家公園管理處 / c_id=57 4~6天(東埔- 秀姑巒 – 東埔),03 天數下限sumdaymin,4
"第12,49列",S2c Fixedclimb 承載量與天數,玉山國家公園管理處 / c_id=57 4~6天(東埔- 秀姑巒 – 東埔),04 天數上限sumdaymax,6
"第12,49列",S2c Fixedclimb 承載量與天數,玉山國家公園管理處 / c_id=57 4~6天(東埔- 秀姑巒 – 東埔),05 是否抽籤IsDraw,0
"第12,49列",S2c Fixedclimb 承載量與天數,玉山國家公園管理處 / c_id=57 4~6天(東埔- 秀姑巒 – 東埔),06 許可證可印天數printdays,5
"第12,49列",S2c Fixedclimb 承載量與天數,玉山國家公園管理處 / c_id=57 4~6天(東埔- 秀姑巒 – 東埔),07 是否雪季路線issnow,0
"第12,49列",S2c Fixedclimb 承載量與天數,玉山國家公園管理處 / c_id=57 4~6天(東埔- 秀姑巒 – 東埔),08 人數檢查teamscountchk,NULL
"第12,49列",S2c Fixedclimb 承載量與天數,玉山國家公園管理處 / c_id=6 2~3天 (南安 - 瓦拉米 - 南安),01 假日承載量holidaynum,NULL
"第12,49列",S2c Fixedclimb 承載量與天數,玉山國家公園管理處 / c_id=6 2~3天 (南安 - 瓦拉米 - 南安),02 平日承載量generalnum,NULL
"第12,49列",S2c Fixedclimb 承載量與天數,玉山國家公園管理處 / c_id=6 2~3天 (南安 - 瓦拉米 - 南安),03 天數下限sumdaymin,2
"第12,49列",S2c Fixedclimb 承載量與天數,玉山國家公園管理處 / c_id=6 2~3天 (南安 - 瓦拉米 - 南安),04 天數上限sumdaymax,3
"第12,49列",S2c Fixedclimb 承載量與天數,玉山國家公園管理處 / c_id=6 2~3天 (南安 - 瓦拉米 - 南安),05 是否抽籤IsDraw,0
"第12,49列",S2c Fixedclimb 承載量與天數,玉山國家公園管理處 / c_id=6 2~3天 (南安 - 瓦拉米 - 南安),06 許可證可印天數printdays,5
"第12,49列",S2c Fixedclimb 承載量與天數,玉山國家公園管理處 / c_id=6 2~3天 (南安 - 瓦拉米 - 南安),07 是否雪季路線issnow,0
"第12,49列",S2c Fixedclimb 承載量與天數,玉山國家公園管理處 / c_id=6 2~3天 (南安 - 瓦拉米 - 南安),08 人數檢查teamscountchk,NULL
"第12,49列",S2c Fixedclimb 承載量與天數,玉山國家公園管理處 / c_id=61 1~9天(向陽/南安 – 新康橫斷線 – 南安/,01 假日承載量holidaynum,20
"第12,49列",S2c Fixedclimb 承載量與天數,玉山國家公園管理處 / c_id=61 1~9天(向陽/南安 – 新康橫斷線 – 南安/,02 平日承載量generalnum,20
"第12,49列",S2c Fixedclimb 承載量與天數,玉山國家公園管理處 / c_id=61 1~9天(向陽/南安 – 新康橫斷線 – 南安/,03 天數下限sumdaymin,1
"第12,49列",S2c Fixedclimb 承載量與天數,玉山國家公園管理處 / c_id=61 1~9天(向陽/南安 – 新康橫斷線 – 南安/,04 天數上限sumdaymax,9
"第12,49列",S2c Fixedclimb 承載量與天數,玉山國家公園管理處 / c_id=61 1~9天(向陽/南安 – 新康橫斷線 – 南安/,05 是否抽籤IsDraw,0
"第12,49列",S2c Fixedclimb 承載量與天數,玉山國家公園管理處 / c_id=61 1~9天(向陽/南安 – 新康橫斷線 – 南安/,06 許可證可印天數printdays,5
"第12,49列",S2c Fixedclimb 承載量與天數,玉山國家公園管理處 / c_id=61 1~9天(向陽/南安 – 新康橫斷線 – 南安/,07 是否雪季路線issnow,0
"第12,49列",S2c Fixedclimb 承載量與天數,玉山國家公園管理處 / c_id=61 1~9天(向陽/南安 – 新康橫斷線 – 南安/,08 人數檢查teamscountchk,NULL
"第12,49列",S2c Fixedclimb 承載量與天數,玉山國家公園管理處 / c_id=62 2天(塔塔加 - 玉山線 - 塔塔加)(外籍提前,01 假日承載量holidaynum,NULL
"第12,49列",S2c Fixedclimb 承載量與天數,玉山國家公園管理處 / c_id=62 2天(塔塔加 - 玉山線 - 塔塔加)(外籍提前,02 平日承載量generalnum,NULL
"第12,49列",S2c Fixedclimb 承載量與天數,玉山國家公園管理處 / c_id=62 2天(塔塔加 - 玉山線 - 塔塔加)(外籍提前,03 天數下限sumdaymin,2
"第12,49列",S2c Fixedclimb 承載量與天數,玉山國家公園管理處 / c_id=62 2天(塔塔加 - 玉山線 - 塔塔加)(外籍提前,04 天數上限sumdaymax,2
"第12,49列",S2c Fixedclimb 承載量與天數,玉山國家公園管理處 / c_id=62 2天(塔塔加 - 玉山線 - 塔塔加)(外籍提前,05 是否抽籤IsDraw,0
"第12,49列",S2c Fixedclimb 承載量與天數,玉山國家公園管理處 / c_id=62 2天(塔塔加 - 玉山線 - 塔塔加)(外籍提前,06 許可證可印天數printdays,5
"第12,49列",S2c Fixedclimb 承載量與天數,玉山國家公園管理處 / c_id=62 2天(塔塔加 - 玉山線 - 塔塔加)(外籍提前,07 是否雪季路線issnow,0
"第12,49列",S2c Fixedclimb 承載量與天數,玉山國家公園管理處 / c_id=62 2天(塔塔加 - 玉山線 - 塔塔加)(外籍提前,08 人數檢查teamscountchk,NULL
"第12,49列",S2c Fixedclimb 承載量與天數,玉山國家公園管理處 / c_id=7 瓦拉米單日往返(南安 - 瓦拉米 - 南安),01 假日承載量holidaynum,100
"第12,49列",S2c Fixedclimb 承載量與天數,玉山國家公園管理處 / c_id=7 瓦拉米單日往返(南安 - 瓦拉米 - 南安),02 平日承載量generalnum,100
"第12,49列",S2c Fixedclimb 承載量與天數,玉山國家公園管理處 / c_id=7 瓦拉米單日往返(南安 - 瓦拉米 - 南安),03 天數下限sumdaymin,1
"第12,49列",S2c Fixedclimb 承載量與天數,玉山國家公園管理處 / c_id=7 瓦拉米單日往返(南安 - 瓦拉米 - 南安),04 天數上限sumdaymax,1
"第12,49列",S2c Fixedclimb 承載量與天數,玉山國家公園管理處 / c_id=7 瓦拉米單日往返(南安 - 瓦拉米 - 南安),05 是否抽籤IsDraw,0
"第12,49列",S2c Fixedclimb 承載量與天數,玉山國家公園管理處 / c_id=7 瓦拉米單日往返(南安 - 瓦拉米 - 南安),06 許可證可印天數printdays,5
"第12,49列",S2c Fixedclimb 承載量與天數,玉山國家公園管理處 / c_id=7 瓦拉米單日往返(南安 - 瓦拉米 - 南安),07 是否雪季路線issnow,0
"第12,49列",S2c Fixedclimb 承載量與天數,玉山國家公園管理處 / c_id=7 瓦拉米單日往返(南安 - 瓦拉米 - 南安),08 人數檢查teamscountchk,NULL
"第12,49列",S2c Fixedclimb 承載量與天數,"玉山國家公園管理處 / c_id=76 玉山主(西)峰單日往返,每隊5~10人(塔塔加 ",01 假日承載量holidaynum,50
"第12,49列",S2c Fixedclimb 承載量與天數,"玉山國家公園管理處 / c_id=76 玉山主(西)峰單日往返,每隊5~10人(塔塔加 ",02 平日承載量generalnum,50
"第12,49列",S2c Fixedclimb 承載量與天數,"玉山國家公園管理處 / c_id=76 玉山主(西)峰單日往返,每隊5~10人(塔塔加 ",03 天數下限sumdaymin,1
"第12,49列",S2c Fixedclimb 承載量與天數,"玉山國家公園管理處 / c_id=76 玉山主(西)峰單日往返,每隊5~10人(塔塔加 ",04 天數上限sumdaymax,1
"第12,49列",S2c Fixedclimb 承載量與天數,"玉山國家公園管理處 / c_id=76 玉山主(西)峰單日往返,每隊5~10人(塔塔加 ",05 是否抽籤IsDraw,0
"第12,49列",S2c Fixedclimb 承載量與天數,"玉山國家公園管理處 / c_id=76 玉山主(西)峰單日往返,每隊5~10人(塔塔加 ",06 許可證可印天數printdays,5
"第12,49列",S2c Fixedclimb 承載量與天數,"玉山國家公園管理處 / c_id=76 玉山主(西)峰單日往返,每隊5~10人(塔塔加 ",07 是否雪季路線issnow,0
"第12,49列",S2c Fixedclimb 承載量與天數,"玉山國家公園管理處 / c_id=76 玉山主(西)峰單日往返,每隊5~10人(塔塔加 ",08 人數檢查teamscountchk,NULL
"第12,49列",S2c Fixedclimb 承載量與天數,玉山國家公園管理處 / c_id=8 1~30天(向陽/南安 – 新康線 – 向陽/南,01 假日承載量holidaynum,99999
"第12,49列",S2c Fixedclimb 承載量與天數,玉山國家公園管理處 / c_id=8 1~30天(向陽/南安 – 新康線 – 向陽/南,02 平日承載量generalnum,99999
"第12,49列",S2c Fixedclimb 承載量與天數,玉山國家公園管理處 / c_id=8 1~30天(向陽/南安 – 新康線 – 向陽/南,03 天數下限sumdaymin,1
"第12,49列",S2c Fixedclimb 承載量與天數,玉山國家公園管理處 / c_id=8 1~30天(向陽/南安 – 新康線 – 向陽/南,04 天數上限sumdaymax,30
"第12,49列",S2c Fixedclimb 承載量與天數,玉山國家公園管理處 / c_id=8 1~30天(向陽/南安 – 新康線 – 向陽/南,05 是否抽籤IsDraw,0
"第12,49列",S2c Fixedclimb 承載量與天數,玉山國家公園管理處 / c_id=8 1~30天(向陽/南安 – 新康線 – 向陽/南,06 許可證可印天數printdays,5
"第12,49列",S2c Fixedclimb 承載量與天數,玉山國家公園管理處 / c_id=8 1~30天(向陽/南安 – 新康線 – 向陽/南,07 是否雪季路線issnow,0
"第12,49列",S2c Fixedclimb 承載量與天數,玉山國家公園管理處 / c_id=8 1~30天(向陽/南安 – 新康線 – 向陽/南,08 人數檢查teamscountchk,NULL
"第12,49列",S2c Fixedclimb 承載量與天數,玉山國家公園管理處 / c_id=81 庫哈諾辛山/關山單日往返(進涇橋/南一段- 庫哈,01 假日承載量holidaynum,100
"第12,49列",S2c Fixedclimb 承載量與天數,玉山國家公園管理處 / c_id=81 庫哈諾辛山/關山單日往返(進涇橋/南一段- 庫哈,02 平日承載量generalnum,100
"第12,49列",S2c Fixedclimb 承載量與天數,玉山國家公園管理處 / c_id=81 庫哈諾辛山/關山單日往返(進涇橋/南一段- 庫哈,03 天數下限sumdaymin,1
"第12,49列",S2c Fixedclimb 承載量與天數,玉山國家公園管理處 / c_id=81 庫哈諾辛山/關山單日往返(進涇橋/南一段- 庫哈,04 天數上限sumdaymax,1
"第12,49列",S2c Fixedclimb 承載量與天數,玉山國家公園管理處 / c_id=81 庫哈諾辛山/關山單日往返(進涇橋/南一段- 庫哈,05 是否抽籤IsDraw,0
"第12,49列",S2c Fixedclimb 承載量與天數,玉山國家公園管理處 / c_id=81 庫哈諾辛山/關山單日往返(進涇橋/南一段- 庫哈,06 許可證可印天數printdays,5
"第12,49列",S2c Fixedclimb 承載量與天數,玉山國家公園管理處 / c_id=81 庫哈諾辛山/關山單日往返(進涇橋/南一段- 庫哈,07 是否雪季路線issnow,0
"第12,49列",S2c Fixedclimb 承載量與天數,玉山國家公園管理處 / c_id=81 庫哈諾辛山/關山單日往返(進涇橋/南一段- 庫哈,08 人數檢查teamscountchk,NULL
"第12,49列",S2c Fixedclimb 承載量與天數,玉山國家公園管理處 / c_id=85 1~30天(東埔/向陽/塔塔加- 南二段 –向陽,01 假日承載量holidaynum,99999
"第12,49列",S2c Fixedclimb 承載量與天數,玉山國家公園管理處 / c_id=85 1~30天(東埔/向陽/塔塔加- 南二段 –向陽,02 平日承載量generalnum,99999
"第12,49列",S2c Fixedclimb 承載量與天數,玉山國家公園管理處 / c_id=85 1~30天(東埔/向陽/塔塔加- 南二段 –向陽,03 天數下限sumdaymin,1
"第12,49列",S2c Fixedclimb 承載量與天數,玉山國家公園管理處 / c_id=85 1~30天(東埔/向陽/塔塔加- 南二段 –向陽,04 天數上限sumdaymax,30
"第12,49列",S2c Fixedclimb 承載量與天數,玉山國家公園管理處 / c_id=85 1~30天(東埔/向陽/塔塔加- 南二段 –向陽,05 是否抽籤IsDraw,0
"第12,49列",S2c Fixedclimb 承載量與天數,玉山國家公園管理處 / c_id=85 1~30天(東埔/向陽/塔塔加- 南二段 –向陽,06 許可證可印天數printdays,5
"第12,49列",S2c Fixedclimb 承載量與天數,玉山國家公園管理處 / c_id=85 1~30天(東埔/向陽/塔塔加- 南二段 –向陽,07 是否雪季路線issnow,0
"第12,49列",S2c Fixedclimb 承載量與天數,玉山國家公園管理處 / c_id=85 1~30天(東埔/向陽/塔塔加- 南二段 –向陽,08 人數檢查teamscountchk,NULL
"第12,49列",S2c Fixedclimb 承載量與天數,玉山國家公園管理處 / c_id=88 1~30天(進涇橋 - 關山／庫哈諾辛山 - 進,01 假日承載量holidaynum,100
"第12,49列",S2c Fixedclimb 承載量與天數,玉山國家公園管理處 / c_id=88 1~30天(進涇橋 - 關山／庫哈諾辛山 - 進,02 平日承載量generalnum,100
"第12,49列",S2c Fixedclimb 承載量與天數,玉山國家公園管理處 / c_id=88 1~30天(進涇橋 - 關山／庫哈諾辛山 - 進,03 天數下限sumdaymin,1
"第12,49列",S2c Fixedclimb 承載量與天數,玉山國家公園管理處 / c_id=88 1~30天(進涇橋 - 關山／庫哈諾辛山 - 進,04 天數上限sumdaymax,30
"第12,49列",S2c Fixedclimb 承載量與天數,玉山國家公園管理處 / c_id=88 1~30天(進涇橋 - 關山／庫哈諾辛山 - 進,05 是否抽籤IsDraw,0
"第12,49列",S2c Fixedclimb 承載量與天數,玉山國家公園管理處 / c_id=88 1~30天(進涇橋 - 關山／庫哈諾辛山 - 進,06 許可證可印天數printdays,5
"第12,49列",S2c Fixedclimb 承載量與天數,玉山國家公園管理處 / c_id=88 1~30天(進涇橋 - 關山／庫哈諾辛山 - 進,07 是否雪季路線issnow,0
"第12,49列",S2c Fixedclimb 承載量與天數,玉山國家公園管理處 / c_id=88 1~30天(進涇橋 - 關山／庫哈諾辛山 - 進,08 人數檢查teamscountchk,NULL
"第12,49列",S2c Fixedclimb 承載量與天數,玉山國家公園管理處 / c_id=89 2~9天(向陽/東埔 - 南二段 – 東埔/向陽,01 假日承載量holidaynum,NULL
"第12,49列",S2c Fixedclimb 承載量與天數,玉山國家公園管理處 / c_id=89 2~9天(向陽/東埔 - 南二段 – 東埔/向陽,02 平日承載量generalnum,NULL
"第12,49列",S2c Fixedclimb 承載量與天數,玉山國家公園管理處 / c_id=89 2~9天(向陽/東埔 - 南二段 – 東埔/向陽,03 天數下限sumdaymin,2
"第12,49列",S2c Fixedclimb 承載量與天數,玉山國家公園管理處 / c_id=89 2~9天(向陽/東埔 - 南二段 – 東埔/向陽,04 天數上限sumdaymax,9
"第12,49列",S2c Fixedclimb 承載量與天數,玉山國家公園管理處 / c_id=89 2~9天(向陽/東埔 - 南二段 – 東埔/向陽,05 是否抽籤IsDraw,0
"第12,49列",S2c Fixedclimb 承載量與天數,玉山國家公園管理處 / c_id=89 2~9天(向陽/東埔 - 南二段 – 東埔/向陽,06 許可證可印天數printdays,5
"第12,49列",S2c Fixedclimb 承載量與天數,玉山國家公園管理處 / c_id=89 2~9天(向陽/東埔 - 南二段 – 東埔/向陽,07 是否雪季路線issnow,0
"第12,49列",S2c Fixedclimb 承載量與天數,玉山國家公園管理處 / c_id=89 2~9天(向陽/東埔 - 南二段 – 東埔/向陽,08 人數檢查teamscountchk,NULL
"第12,49列",S2c Fixedclimb 承載量與天數,玉山國家公園管理處 / c_id=9 1~30天(塔塔加 - 玉山線 - 塔塔加),01 假日承載量holidaynum,100
"第12,49列",S2c Fixedclimb 承載量與天數,玉山國家公園管理處 / c_id=9 1~30天(塔塔加 - 玉山線 - 塔塔加),02 平日承載量generalnum,100
"第12,49列",S2c Fixedclimb 承載量與天數,玉山國家公園管理處 / c_id=9 1~30天(塔塔加 - 玉山線 - 塔塔加),03 天數下限sumdaymin,1
"第12,49列",S2c Fixedclimb 承載量與天數,玉山國家公園管理處 / c_id=9 1~30天(塔塔加 - 玉山線 - 塔塔加),04 天數上限sumdaymax,30
"第12,49列",S2c Fixedclimb 承載量與天數,玉山國家公園管理處 / c_id=9 1~30天(塔塔加 - 玉山線 - 塔塔加),05 是否抽籤IsDraw,0
"第12,49列",S2c Fixedclimb 承載量與天數,玉山國家公園管理處 / c_id=9 1~30天(塔塔加 - 玉山線 - 塔塔加),06 許可證可印天數printdays,5
"第12,49列",S2c Fixedclimb 承載量與天數,玉山國家公園管理處 / c_id=9 1~30天(塔塔加 - 玉山線 - 塔塔加),07 是否雪季路線issnow,0
"第12,49列",S2c Fixedclimb 承載量與天數,玉山國家公園管理處 / c_id=9 1~30天(塔塔加 - 玉山線 - 塔塔加),08 人數檢查teamscountchk,NULL
"第12,49列",S2c Fixedclimb 承載量與天數,玉山國家公園管理處 / c_id=90 2~9天(東埔/玉里林道–馬博拉斯橫斷–東埔/玉,01 假日承載量holidaynum,NULL
"第12,49列",S2c Fixedclimb 承載量與天數,玉山國家公園管理處 / c_id=90 2~9天(東埔/玉里林道–馬博拉斯橫斷–東埔/玉,02 平日承載量generalnum,NULL
"第12,49列",S2c Fixedclimb 承載量與天數,玉山國家公園管理處 / c_id=90 2~9天(東埔/玉里林道–馬博拉斯橫斷–東埔/玉,03 天數下限sumdaymin,2
"第12,49列",S2c Fixedclimb 承載量與天數,玉山國家公園管理處 / c_id=90 2~9天(東埔/玉里林道–馬博拉斯橫斷–東埔/玉,04 天數上限sumdaymax,9
"第12,49列",S2c Fixedclimb 承載量與天數,玉山國家公園管理處 / c_id=90 2~9天(東埔/玉里林道–馬博拉斯橫斷–東埔/玉,05 是否抽籤IsDraw,0
"第12,49列",S2c Fixedclimb 承載量與天數,玉山國家公園管理處 / c_id=90 2~9天(東埔/玉里林道–馬博拉斯橫斷–東埔/玉,06 許可證可印天數printdays,5
"第12,49列",S2c Fixedclimb 承載量與天數,玉山國家公園管理處 / c_id=90 2~9天(東埔/玉里林道–馬博拉斯橫斷–東埔/玉,07 是否雪季路線issnow,0
"第12,49列",S2c Fixedclimb 承載量與天數,玉山國家公園管理處 / c_id=90 2~9天(東埔/玉里林道–馬博拉斯橫斷–東埔/玉,08 人數檢查teamscountchk,NULL
"第12,49列",S2c Fixedclimb 承載量與天數,玉山國家公園管理處 / c_id=91 1~30天(東埔/玉里林道/向陽/馬利加南–馬博,01 假日承載量holidaynum,99999
"第12,49列",S2c Fixedclimb 承載量與天數,玉山國家公園管理處 / c_id=91 1~30天(東埔/玉里林道/向陽/馬利加南–馬博,02 平日承載量generalnum,99999
"第12,49列",S2c Fixedclimb 承載量與天數,玉山國家公園管理處 / c_id=91 1~30天(東埔/玉里林道/向陽/馬利加南–馬博,03 天數下限sumdaymin,1
"第12,49列",S2c Fixedclimb 承載量與天數,玉山國家公園管理處 / c_id=91 1~30天(東埔/玉里林道/向陽/馬利加南–馬博,04 天數上限sumdaymax,30
"第12,49列",S2c Fixedclimb 承載量與天數,玉山國家公園管理處 / c_id=91 1~30天(東埔/玉里林道/向陽/馬利加南–馬博,05 是否抽籤IsDraw,0
"第12,49列",S2c Fixedclimb 承載量與天數,玉山國家公園管理處 / c_id=91 1~30天(東埔/玉里林道/向陽/馬利加南–馬博,06 許可證可印天數printdays,5
"第12,49列",S2c Fixedclimb 承載量與天數,玉山國家公園管理處 / c_id=91 1~30天(東埔/玉里林道/向陽/馬利加南–馬博,07 是否雪季路線issnow,0
"第12,49列",S2c Fixedclimb 承載量與天數,玉山國家公園管理處 / c_id=91 1~30天(東埔/玉里林道/向陽/馬利加南–馬博,08 人數檢查teamscountchk,NULL
"第12,49列",S2c Fixedclimb 承載量與天數,自然保留區 / c_id=608 插天山自然保留區,01 假日承載量holidaynum,NULL
"第12,49列",S2c Fixedclimb 承載量與天數,自然保留區 / c_id=608 插天山自然保留區,02 平日承載量generalnum,NULL
"第12,49列",S2c Fixedclimb 承載量與天數,自然保留區 / c_id=608 插天山自然保留區,03 天數下限sumdaymin,1
"第12,49列",S2c Fixedclimb 承載量與天數,自然保留區 / c_id=608 插天山自然保留區,04 天數上限sumdaymax,1
"第12,49列",S2c Fixedclimb 承載量與天數,自然保留區 / c_id=608 插天山自然保留區,05 是否抽籤IsDraw,0
"第12,49列",S2c Fixedclimb 承載量與天數,自然保留區 / c_id=608 插天山自然保留區,06 許可證可印天數printdays,NULL
"第12,49列",S2c Fixedclimb 承載量與天數,自然保留區 / c_id=608 插天山自然保留區,07 是否雪季路線issnow,0
"第12,49列",S2c Fixedclimb 承載量與天數,自然保留區 / c_id=608 插天山自然保留區,08 人數檢查teamscountchk,NULL
"第12,49列",S2c Fixedclimb 承載量與天數,自然保留區 / c_id=609 苗栗三義火炎山自然保留區,01 假日承載量holidaynum,NULL
"第12,49列",S2c Fixedclimb 承載量與天數,自然保留區 / c_id=609 苗栗三義火炎山自然保留區,02 平日承載量generalnum,NULL
"第12,49列",S2c Fixedclimb 承載量與天數,自然保留區 / c_id=609 苗栗三義火炎山自然保留區,03 天數下限sumdaymin,1
"第12,49列",S2c Fixedclimb 承載量與天數,自然保留區 / c_id=609 苗栗三義火炎山自然保留區,04 天數上限sumdaymax,1
"第12,49列",S2c Fixedclimb 承載量與天數,自然保留區 / c_id=609 苗栗三義火炎山自然保留區,05 是否抽籤IsDraw,0
"第12,49列",S2c Fixedclimb 承載量與天數,自然保留區 / c_id=609 苗栗三義火炎山自然保留區,06 許可證可印天數printdays,NULL
"第12,49列",S2c Fixedclimb 承載量與天數,自然保留區 / c_id=609 苗栗三義火炎山自然保留區,07 是否雪季路線issnow,0
"第12,49列",S2c Fixedclimb 承載量與天數,自然保留區 / c_id=609 苗栗三義火炎山自然保留區,08 人數檢查teamscountchk,NULL
"第12,49列",S2c Fixedclimb 承載量與天數,自然保留區 / c_id=610 淡水河紅樹林自然保留區,01 假日承載量holidaynum,NULL
"第12,49列",S2c Fixedclimb 承載量與天數,自然保留區 / c_id=610 淡水河紅樹林自然保留區,02 平日承載量generalnum,NULL
"第12,49列",S2c Fixedclimb 承載量與天數,自然保留區 / c_id=610 淡水河紅樹林自然保留區,03 天數下限sumdaymin,1
"第12,49列",S2c Fixedclimb 承載量與天數,自然保留區 / c_id=610 淡水河紅樹林自然保留區,04 天數上限sumdaymax,1
"第12,49列",S2c Fixedclimb 承載量與天數,自然保留區 / c_id=610 淡水河紅樹林自然保留區,05 是否抽籤IsDraw,0
"第12,49列",S2c Fixedclimb 承載量與天數,自然保留區 / c_id=610 淡水河紅樹林自然保留區,06 許可證可印天數printdays,NULL
"第12,49列",S2c Fixedclimb 承載量與天數,自然保留區 / c_id=610 淡水河紅樹林自然保留區,07 是否雪季路線issnow,0
"第12,49列",S2c Fixedclimb 承載量與天數,自然保留區 / c_id=610 淡水河紅樹林自然保留區,08 人數檢查teamscountchk,NULL
"第12,49列",S2c Fixedclimb 承載量與天數,自然保留區 / c_id=611 坪林台灣油杉自然保留區,01 假日承載量holidaynum,NULL
"第12,49列",S2c Fixedclimb 承載量與天數,自然保留區 / c_id=611 坪林台灣油杉自然保留區,02 平日承載量generalnum,NULL
"第12,49列",S2c Fixedclimb 承載量與天數,自然保留區 / c_id=611 坪林台灣油杉自然保留區,03 天數下限sumdaymin,1
"第12,49列",S2c Fixedclimb 承載量與天數,自然保留區 / c_id=611 坪林台灣油杉自然保留區,04 天數上限sumdaymax,1
"第12,49列",S2c Fixedclimb 承載量與天數,自然保留區 / c_id=611 坪林台灣油杉自然保留區,05 是否抽籤IsDraw,0
"第12,49列",S2c Fixedclimb 承載量與天數,自然保留區 / c_id=611 坪林台灣油杉自然保留區,06 許可證可印天數printdays,NULL
"第12,49列",S2c Fixedclimb 承載量與天數,自然保留區 / c_id=611 坪林台灣油杉自然保留區,07 是否雪季路線issnow,0
"第12,49列",S2c Fixedclimb 承載量與天數,自然保留區 / c_id=611 坪林台灣油杉自然保留區,08 人數檢查teamscountchk,NULL
"第12,49列",S2c Fixedclimb 承載量與天數,自然保留區 / c_id=612 烏石鼻海岸自然保留區,01 假日承載量holidaynum,NULL
"第12,49列",S2c Fixedclimb 承載量與天數,自然保留區 / c_id=612 烏石鼻海岸自然保留區,02 平日承載量generalnum,NULL
"第12,49列",S2c Fixedclimb 承載量與天數,自然保留區 / c_id=612 烏石鼻海岸自然保留區,03 天數下限sumdaymin,1
"第12,49列",S2c Fixedclimb 承載量與天數,自然保留區 / c_id=612 烏石鼻海岸自然保留區,04 天數上限sumdaymax,1
"第12,49列",S2c Fixedclimb 承載量與天數,自然保留區 / c_id=612 烏石鼻海岸自然保留區,05 是否抽籤IsDraw,0
"第12,49列",S2c Fixedclimb 承載量與天數,自然保留區 / c_id=612 烏石鼻海岸自然保留區,06 許可證可印天數printdays,NULL
"第12,49列",S2c Fixedclimb 承載量與天數,自然保留區 / c_id=612 烏石鼻海岸自然保留區,07 是否雪季路線issnow,0
"第12,49列",S2c Fixedclimb 承載量與天數,自然保留區 / c_id=612 烏石鼻海岸自然保留區,08 人數檢查teamscountchk,NULL
"第12,49列",S2c Fixedclimb 承載量與天數,自然保留區 / c_id=613 南澳闊葉樹林自然保留區,01 假日承載量holidaynum,NULL
"第12,49列",S2c Fixedclimb 承載量與天數,自然保留區 / c_id=613 南澳闊葉樹林自然保留區,02 平日承載量generalnum,NULL
"第12,49列",S2c Fixedclimb 承載量與天數,自然保留區 / c_id=613 南澳闊葉樹林自然保留區,03 天數下限sumdaymin,1
"第12,49列",S2c Fixedclimb 承載量與天數,自然保留區 / c_id=613 南澳闊葉樹林自然保留區,04 天數上限sumdaymax,1
"第12,49列",S2c Fixedclimb 承載量與天數,自然保留區 / c_id=613 南澳闊葉樹林自然保留區,05 是否抽籤IsDraw,0
"第12,49列",S2c Fixedclimb 承載量與天數,自然保留區 / c_id=613 南澳闊葉樹林自然保留區,06 許可證可印天數printdays,NULL
"第12,49列",S2c Fixedclimb 承載量與天數,自然保留區 / c_id=613 南澳闊葉樹林自然保留區,07 是否雪季路線issnow,0
"第12,49列",S2c Fixedclimb 承載量與天數,自然保留區 / c_id=613 南澳闊葉樹林自然保留區,08 人數檢查teamscountchk,NULL
"第12,49列",S2c Fixedclimb 承載量與天數,自然保留區 / c_id=614 九九峰自然保留區,01 假日承載量holidaynum,NULL
"第12,49列",S2c Fixedclimb 承載量與天數,自然保留區 / c_id=614 九九峰自然保留區,02 平日承載量generalnum,NULL
"第12,49列",S2c Fixedclimb 承載量與天數,自然保留區 / c_id=614 九九峰自然保留區,03 天數下限sumdaymin,1
"第12,49列",S2c Fixedclimb 承載量與天數,自然保留區 / c_id=614 九九峰自然保留區,04 天數上限sumdaymax,1
"第12,49列",S2c Fixedclimb 承載量與天數,自然保留區 / c_id=614 九九峰自然保留區,05 是否抽籤IsDraw,0
"第12,49列",S2c Fixedclimb 承載量與天數,自然保留區 / c_id=614 九九峰自然保留區,06 許可證可印天數printdays,NULL
"第12,49列",S2c Fixedclimb 承載量與天數,自然保留區 / c_id=614 九九峰自然保留區,07 是否雪季路線issnow,0
"第12,49列",S2c Fixedclimb 承載量與天數,自然保留區 / c_id=614 九九峰自然保留區,08 人數檢查teamscountchk,NULL
"第12,49列",S2c Fixedclimb 承載量與天數,自然保留區 / c_id=615 臺灣一葉蘭自然保留區,01 假日承載量holidaynum,NULL
"第12,49列",S2c Fixedclimb 承載量與天數,自然保留區 / c_id=615 臺灣一葉蘭自然保留區,02 平日承載量generalnum,NULL
"第12,49列",S2c Fixedclimb 承載量與天數,自然保留區 / c_id=615 臺灣一葉蘭自然保留區,03 天數下限sumdaymin,1
"第12,49列",S2c Fixedclimb 承載量與天數,自然保留區 / c_id=615 臺灣一葉蘭自然保留區,04 天數上限sumdaymax,1
"第12,49列",S2c Fixedclimb 承載量與天數,自然保留區 / c_id=615 臺灣一葉蘭自然保留區,05 是否抽籤IsDraw,0
"第12,49列",S2c Fixedclimb 承載量與天數,自然保留區 / c_id=615 臺灣一葉蘭自然保留區,06 許可證可印天數printdays,NULL
"第12,49列",S2c Fixedclimb 承載量與天數,自然保留區 / c_id=615 臺灣一葉蘭自然保留區,07 是否雪季路線issnow,0
"第12,49列",S2c Fixedclimb 承載量與天數,自然保留區 / c_id=615 臺灣一葉蘭自然保留區,08 人數檢查teamscountchk,NULL
"第12,49列",S2c Fixedclimb 承載量與天數,自然保留區 / c_id=616 出雲山自然保留區,01 假日承載量holidaynum,NULL
"第12,49列",S2c Fixedclimb 承載量與天數,自然保留區 / c_id=616 出雲山自然保留區,02 平日承載量generalnum,NULL
"第12,49列",S2c Fixedclimb 承載量與天數,自然保留區 / c_id=616 出雲山自然保留區,03 天數下限sumdaymin,1
"第12,49列",S2c Fixedclimb 承載量與天數,自然保留區 / c_id=616 出雲山自然保留區,04 天數上限sumdaymax,1
"第12,49列",S2c Fixedclimb 承載量與天數,自然保留區 / c_id=616 出雲山自然保留區,05 是否抽籤IsDraw,0
"第12,49列",S2c Fixedclimb 承載量與天數,自然保留區 / c_id=616 出雲山自然保留區,06 許可證可印天數printdays,NULL
"第12,49列",S2c Fixedclimb 承載量與天數,自然保留區 / c_id=616 出雲山自然保留區,07 是否雪季路線issnow,0
"第12,49列",S2c Fixedclimb 承載量與天數,自然保留區 / c_id=616 出雲山自然保留區,08 人數檢查teamscountchk,NULL
"第12,49列",S2c Fixedclimb 承載量與天數,自然保留區 / c_id=617 大武山自然保留區,01 假日承載量holidaynum,NULL
"第12,49列",S2c Fixedclimb 承載量與天數,自然保留區 / c_id=617 大武山自然保留區,02 平日承載量generalnum,NULL
"第12,49列",S2c Fixedclimb 承載量與天數,自然保留區 / c_id=617 大武山自然保留區,03 天數下限sumdaymin,1
"第12,49列",S2c Fixedclimb 承載量與天數,自然保留區 / c_id=617 大武山自然保留區,04 天數上限sumdaymax,1
"第12,49列",S2c Fixedclimb 承載量與天數,自然保留區 / c_id=617 大武山自然保留區,05 是否抽籤IsDraw,0
"第12,49列",S2c Fixedclimb 承載量與天數,自然保留區 / c_id=617 大武山自然保留區,06 許可證可印天數printdays,NULL
"第12,49列",S2c Fixedclimb 承載量與天數,自然保留區 / c_id=617 大武山自然保留區,07 是否雪季路線issnow,0
"第12,49列",S2c Fixedclimb 承載量與天數,自然保留區 / c_id=617 大武山自然保留區,08 人數檢查teamscountchk,NULL
"第12,49列",S2c Fixedclimb 承載量與天數,自然保留區 / c_id=618 大武事業區台灣穗花杉自然保留區,01 假日承載量holidaynum,NULL
"第12,49列",S2c Fixedclimb 承載量與天數,自然保留區 / c_id=618 大武事業區台灣穗花杉自然保留區,02 平日承載量generalnum,NULL
"第12,49列",S2c Fixedclimb 承載量與天數,自然保留區 / c_id=618 大武事業區台灣穗花杉自然保留區,03 天數下限sumdaymin,1
"第12,49列",S2c Fixedclimb 承載量與天數,自然保留區 / c_id=618 大武事業區台灣穗花杉自然保留區,04 天數上限sumdaymax,1
"第12,49列",S2c Fixedclimb 承載量與天數,自然保留區 / c_id=618 大武事業區台灣穗花杉自然保留區,05 是否抽籤IsDraw,0
"第12,49列",S2c Fixedclimb 承載量與天數,自然保留區 / c_id=618 大武事業區台灣穗花杉自然保留區,06 許可證可印天數printdays,NULL
"第12,49列",S2c Fixedclimb 承載量與天數,自然保留區 / c_id=618 大武事業區台灣穗花杉自然保留區,07 是否雪季路線issnow,0
"第12,49列",S2c Fixedclimb 承載量與天數,自然保留區 / c_id=618 大武事業區台灣穗花杉自然保留區,08 人數檢查teamscountchk,NULL
"第12,49列",S2c Fixedclimb 承載量與天數,自然保留區 / c_id=619 台東紅葉村台東蘇鐵自然保留區,01 假日承載量holidaynum,NULL
"第12,49列",S2c Fixedclimb 承載量與天數,自然保留區 / c_id=619 台東紅葉村台東蘇鐵自然保留區,02 平日承載量generalnum,NULL
"第12,49列",S2c Fixedclimb 承載量與天數,自然保留區 / c_id=619 台東紅葉村台東蘇鐵自然保留區,03 天數下限sumdaymin,1
"第12,49列",S2c Fixedclimb 承載量與天數,自然保留區 / c_id=619 台東紅葉村台東蘇鐵自然保留區,04 天數上限sumdaymax,1
"第12,49列",S2c Fixedclimb 承載量與天數,自然保留區 / c_id=619 台東紅葉村台東蘇鐵自然保留區,05 是否抽籤IsDraw,0
"第12,49列",S2c Fixedclimb 承載量與天數,自然保留區 / c_id=619 台東紅葉村台東蘇鐵自然保留區,06 許可證可印天數printdays,NULL
"第12,49列",S2c Fixedclimb 承載量與天數,自然保留區 / c_id=619 台東紅葉村台東蘇鐵自然保留區,07 是否雪季路線issnow,0
"第12,49列",S2c Fixedclimb 承載量與天數,自然保留區 / c_id=619 台東紅葉村台東蘇鐵自然保留區,08 人數檢查teamscountchk,NULL
"第12,49列",S2c Fixedclimb 承載量與天數,自然保留區 / c_id=620 挖子尾自然保留區,01 假日承載量holidaynum,NULL
"第12,49列",S2c Fixedclimb 承載量與天數,自然保留區 / c_id=620 挖子尾自然保留區,02 平日承載量generalnum,NULL
"第12,49列",S2c Fixedclimb 承載量與天數,自然保留區 / c_id=620 挖子尾自然保留區,03 天數下限sumdaymin,1
"第12,49列",S2c Fixedclimb 承載量與天數,自然保留區 / c_id=620 挖子尾自然保留區,04 天數上限sumdaymax,1
"第12,49列",S2c Fixedclimb 承載量與天數,自然保留區 / c_id=620 挖子尾自然保留區,05 是否抽籤IsDraw,0
"第12,49列",S2c Fixedclimb 承載量與天數,自然保留區 / c_id=620 挖子尾自然保留區,06 許可證可印天數printdays,NULL
"第12,49列",S2c Fixedclimb 承載量與天數,自然保留區 / c_id=620 挖子尾自然保留區,07 是否雪季路線issnow,0
"第12,49列",S2c Fixedclimb 承載量與天數,自然保留區 / c_id=620 挖子尾自然保留區,08 人數檢查teamscountchk,NULL
"第12,49列",S2c Fixedclimb 承載量與天數,自然保留區 / c_id=629 插天山自然保留區 - 福巴越嶺步道,01 假日承載量holidaynum,NULL
"第12,49列",S2c Fixedclimb 承載量與天數,自然保留區 / c_id=629 插天山自然保留區 - 福巴越嶺步道,02 平日承載量generalnum,NULL
"第12,49列",S2c Fixedclimb 承載量與天數,自然保留區 / c_id=629 插天山自然保留區 - 福巴越嶺步道,03 天數下限sumdaymin,1
"第12,49列",S2c Fixedclimb 承載量與天數,自然保留區 / c_id=629 插天山自然保留區 - 福巴越嶺步道,04 天數上限sumdaymax,1
"第12,49列",S2c Fixedclimb 承載量與天數,自然保留區 / c_id=629 插天山自然保留區 - 福巴越嶺步道,05 是否抽籤IsDraw,0
"第12,49列",S2c Fixedclimb 承載量與天數,自然保留區 / c_id=629 插天山自然保留區 - 福巴越嶺步道,06 許可證可印天數printdays,NULL
"第12,49列",S2c Fixedclimb 承載量與天數,自然保留區 / c_id=629 插天山自然保留區 - 福巴越嶺步道,07 是否雪季路線issnow,0
"第12,49列",S2c Fixedclimb 承載量與天數,自然保留區 / c_id=629 插天山自然保留區 - 福巴越嶺步道,08 人數檢查teamscountchk,NULL
"第12,49列",S2c Fixedclimb 承載量與天數,自然保留區 / c_id=630 插天山自然保留區 - 北插天山步道及其支線,01 假日承載量holidaynum,NULL
"第12,49列",S2c Fixedclimb 承載量與天數,自然保留區 / c_id=630 插天山自然保留區 - 北插天山步道及其支線,02 平日承載量generalnum,NULL
"第12,49列",S2c Fixedclimb 承載量與天數,自然保留區 / c_id=630 插天山自然保留區 - 北插天山步道及其支線,03 天數下限sumdaymin,1
"第12,49列",S2c Fixedclimb 承載量與天數,自然保留區 / c_id=630 插天山自然保留區 - 北插天山步道及其支線,04 天數上限sumdaymax,1
"第12,49列",S2c Fixedclimb 承載量與天數,自然保留區 / c_id=630 插天山自然保留區 - 北插天山步道及其支線,05 是否抽籤IsDraw,0
"第12,49列",S2c Fixedclimb 承載量與天數,自然保留區 / c_id=630 插天山自然保留區 - 北插天山步道及其支線,06 許可證可印天數printdays,NULL
"第12,49列",S2c Fixedclimb 承載量與天數,自然保留區 / c_id=630 插天山自然保留區 - 北插天山步道及其支線,07 是否雪季路線issnow,0
"第12,49列",S2c Fixedclimb 承載量與天數,自然保留區 / c_id=630 插天山自然保留區 - 北插天山步道及其支線,08 人數檢查teamscountchk,NULL
"第12,49列",S2c Fixedclimb 承載量與天數,自然保留區 / c_id=631 插天山自然保留區 - 除北插天山步道及福巴越嶺步,01 假日承載量holidaynum,NULL
"第12,49列",S2c Fixedclimb 承載量與天數,自然保留區 / c_id=631 插天山自然保留區 - 除北插天山步道及福巴越嶺步,02 平日承載量generalnum,NULL
"第12,49列",S2c Fixedclimb 承載量與天數,自然保留區 / c_id=631 插天山自然保留區 - 除北插天山步道及福巴越嶺步,03 天數下限sumdaymin,1
"第12,49列",S2c Fixedclimb 承載量與天數,自然保留區 / c_id=631 插天山自然保留區 - 除北插天山步道及福巴越嶺步,04 天數上限sumdaymax,1
"第12,49列",S2c Fixedclimb 承載量與天數,自然保留區 / c_id=631 插天山自然保留區 - 除北插天山步道及福巴越嶺步,05 是否抽籤IsDraw,0
"第12,49列",S2c Fixedclimb 承載量與天數,自然保留區 / c_id=631 插天山自然保留區 - 除北插天山步道及福巴越嶺步,06 許可證可印天數printdays,NULL
"第12,49列",S2c Fixedclimb 承載量與天數,自然保留區 / c_id=631 插天山自然保留區 - 除北插天山步道及福巴越嶺步,07 是否雪季路線issnow,0
"第12,49列",S2c Fixedclimb 承載量與天數,自然保留區 / c_id=631 插天山自然保留區 - 除北插天山步道及福巴越嶺步,08 人數檢查teamscountchk,NULL
"第12,49列",S2c Fixedclimb 承載量與天數,自然保留區 / c_id=632 鴛鴦湖自然保留區,01 假日承載量holidaynum,NULL
"第12,49列",S2c Fixedclimb 承載量與天數,自然保留區 / c_id=632 鴛鴦湖自然保留區,02 平日承載量generalnum,NULL
"第12,49列",S2c Fixedclimb 承載量與天數,自然保留區 / c_id=632 鴛鴦湖自然保留區,03 天數下限sumdaymin,1
"第12,49列",S2c Fixedclimb 承載量與天數,自然保留區 / c_id=632 鴛鴦湖自然保留區,04 天數上限sumdaymax,1
"第12,49列",S2c Fixedclimb 承載量與天數,自然保留區 / c_id=632 鴛鴦湖自然保留區,05 是否抽籤IsDraw,0
"第12,49列",S2c Fixedclimb 承載量與天數,自然保留區 / c_id=632 鴛鴦湖自然保留區,06 許可證可印天數printdays,NULL
"第12,49列",S2c Fixedclimb 承載量與天數,自然保留區 / c_id=632 鴛鴦湖自然保留區,07 是否雪季路線issnow,0
"第12,49列",S2c Fixedclimb 承載量與天數,自然保留區 / c_id=632 鴛鴦湖自然保留區,08 人數檢查teamscountchk,NULL
"第12,49列",S2c Fixedclimb 承載量與天數,自然保護區 / c_id=621 雪霸自然保護區,01 假日承載量holidaynum,NULL
"第12,49列",S2c Fixedclimb 承載量與天數,自然保護區 / c_id=621 雪霸自然保護區,02 平日承載量generalnum,NULL
"第12,49列",S2c Fixedclimb 承載量與天數,自然保護區 / c_id=621 雪霸自然保護區,03 天數下限sumdaymin,1
"第12,49列",S2c Fixedclimb 承載量與天數,自然保護區 / c_id=621 雪霸自然保護區,04 天數上限sumdaymax,1
"第12,49列",S2c Fixedclimb 承載量與天數,自然保護區 / c_id=621 雪霸自然保護區,05 是否抽籤IsDraw,0
"第12,49列",S2c Fixedclimb 承載量與天數,自然保護區 / c_id=621 雪霸自然保護區,06 許可證可印天數printdays,NULL
"第12,49列",S2c Fixedclimb 承載量與天數,自然保護區 / c_id=621 雪霸自然保護區,07 是否雪季路線issnow,0
"第12,49列",S2c Fixedclimb 承載量與天數,自然保護區 / c_id=621 雪霸自然保護區,08 人數檢查teamscountchk,NULL
"第12,49列",S2c Fixedclimb 承載量與天數,自然保護區 / c_id=622 甲仙四德化石自然保護區,01 假日承載量holidaynum,NULL
"第12,49列",S2c Fixedclimb 承載量與天數,自然保護區 / c_id=622 甲仙四德化石自然保護區,02 平日承載量generalnum,NULL
"第12,49列",S2c Fixedclimb 承載量與天數,自然保護區 / c_id=622 甲仙四德化石自然保護區,03 天數下限sumdaymin,1
"第12,49列",S2c Fixedclimb 承載量與天數,自然保護區 / c_id=622 甲仙四德化石自然保護區,04 天數上限sumdaymax,1
"第12,49列",S2c Fixedclimb 承載量與天數,自然保護區 / c_id=622 甲仙四德化石自然保護區,05 是否抽籤IsDraw,0
"第12,49列",S2c Fixedclimb 承載量與天數,自然保護區 / c_id=622 甲仙四德化石自然保護區,06 許可證可印天數printdays,NULL
"第12,49列",S2c Fixedclimb 承載量與天數,自然保護區 / c_id=622 甲仙四德化石自然保護區,07 是否雪季路線issnow,0
"第12,49列",S2c Fixedclimb 承載量與天數,自然保護區 / c_id=622 甲仙四德化石自然保護區,08 人數檢查teamscountchk,NULL
"第12,49列",S2c Fixedclimb 承載量與天數,自然保護區 / c_id=623 十八羅漢山自然保護區,01 假日承載量holidaynum,NULL
"第12,49列",S2c Fixedclimb 承載量與天數,自然保護區 / c_id=623 十八羅漢山自然保護區,02 平日承載量generalnum,NULL
"第12,49列",S2c Fixedclimb 承載量與天數,自然保護區 / c_id=623 十八羅漢山自然保護區,03 天數下限sumdaymin,1
"第12,49列",S2c Fixedclimb 承載量與天數,自然保護區 / c_id=623 十八羅漢山自然保護區,04 天數上限sumdaymax,1
"第12,49列",S2c Fixedclimb 承載量與天數,自然保護區 / c_id=623 十八羅漢山自然保護區,05 是否抽籤IsDraw,0
"第12,49列",S2c Fixedclimb 承載量與天數,自然保護區 / c_id=623 十八羅漢山自然保護區,06 許可證可印天數printdays,NULL
"第12,49列",S2c Fixedclimb 承載量與天數,自然保護區 / c_id=623 十八羅漢山自然保護區,07 是否雪季路線issnow,0
"第12,49列",S2c Fixedclimb 承載量與天數,自然保護區 / c_id=623 十八羅漢山自然保護區,08 人數檢查teamscountchk,NULL
"第12,49列",S2c Fixedclimb 承載量與天數,自然保護區 / c_id=624 關山臺灣海棗自然保護區,01 假日承載量holidaynum,NULL
"第12,49列",S2c Fixedclimb 承載量與天數,自然保護區 / c_id=624 關山臺灣海棗自然保護區,02 平日承載量generalnum,NULL
"第12,49列",S2c Fixedclimb 承載量與天數,自然保護區 / c_id=624 關山臺灣海棗自然保護區,03 天數下限sumdaymin,1
"第12,49列",S2c Fixedclimb 承載量與天數,自然保護區 / c_id=624 關山臺灣海棗自然保護區,04 天數上限sumdaymax,1
"第12,49列",S2c Fixedclimb 承載量與天數,自然保護區 / c_id=624 關山臺灣海棗自然保護區,05 是否抽籤IsDraw,0
"第12,49列",S2c Fixedclimb 承載量與天數,自然保護區 / c_id=624 關山臺灣海棗自然保護區,06 許可證可印天數printdays,NULL
"第12,49列",S2c Fixedclimb 承載量與天數,自然保護區 / c_id=624 關山臺灣海棗自然保護區,07 是否雪季路線issnow,0
"第12,49列",S2c Fixedclimb 承載量與天數,自然保護區 / c_id=624 關山臺灣海棗自然保護區,08 人數檢查teamscountchk,NULL
"第12,49列",S2c Fixedclimb 承載量與天數,自然保護區 / c_id=625 大武臺灣油杉自然保護區,01 假日承載量holidaynum,NULL
"第12,49列",S2c Fixedclimb 承載量與天數,自然保護區 / c_id=625 大武臺灣油杉自然保護區,02 平日承載量generalnum,NULL
"第12,49列",S2c Fixedclimb 承載量與天數,自然保護區 / c_id=625 大武臺灣油杉自然保護區,03 天數下限sumdaymin,1
"第12,49列",S2c Fixedclimb 承載量與天數,自然保護區 / c_id=625 大武臺灣油杉自然保護區,04 天數上限sumdaymax,1
"第12,49列",S2c Fixedclimb 承載量與天數,自然保護區 / c_id=625 大武臺灣油杉自然保護區,05 是否抽籤IsDraw,0
"第12,49列",S2c Fixedclimb 承載量與天數,自然保護區 / c_id=625 大武臺灣油杉自然保護區,06 許可證可印天數printdays,NULL
"第12,49列",S2c Fixedclimb 承載量與天數,自然保護區 / c_id=625 大武臺灣油杉自然保護區,07 是否雪季路線issnow,0
"第12,49列",S2c Fixedclimb 承載量與天數,自然保護區 / c_id=625 大武臺灣油杉自然保護區,08 人數檢查teamscountchk,NULL
"第12,49列",S2c Fixedclimb 承載量與天數,自然保護區 / c_id=626 海岸山脈臺東蘇鐵自然保護區,01 假日承載量holidaynum,NULL
"第12,49列",S2c Fixedclimb 承載量與天數,自然保護區 / c_id=626 海岸山脈臺東蘇鐵自然保護區,02 平日承載量generalnum,NULL
"第12,49列",S2c Fixedclimb 承載量與天數,自然保護區 / c_id=626 海岸山脈臺東蘇鐵自然保護區,03 天數下限sumdaymin,1
"第12,49列",S2c Fixedclimb 承載量與天數,自然保護區 / c_id=626 海岸山脈臺東蘇鐵自然保護區,04 天數上限sumdaymax,1
"第12,49列",S2c Fixedclimb 承載量與天數,自然保護區 / c_id=626 海岸山脈臺東蘇鐵自然保護區,05 是否抽籤IsDraw,0
"第12,49列",S2c Fixedclimb 承載量與天數,自然保護區 / c_id=626 海岸山脈臺東蘇鐵自然保護區,06 許可證可印天數printdays,NULL
"第12,49列",S2c Fixedclimb 承載量與天數,自然保護區 / c_id=626 海岸山脈臺東蘇鐵自然保護區,07 是否雪季路線issnow,0
"第12,49列",S2c Fixedclimb 承載量與天數,自然保護區 / c_id=626 海岸山脈臺東蘇鐵自然保護區,08 人數檢查teamscountchk,NULL
"第12,49列",S2c Fixedclimb 承載量與天數,國家步道(山屋/營地) / c_id=158 向陽山屋,01 假日承載量holidaynum,NULL
"第12,49列",S2c Fixedclimb 承載量與天數,國家步道(山屋/營地) / c_id=158 向陽山屋,02 平日承載量generalnum,NULL
"第12,49列",S2c Fixedclimb 承載量與天數,國家步道(山屋/營地) / c_id=158 向陽山屋,03 天數下限sumdaymin,1
"第12,49列",S2c Fixedclimb 承載量與天數,國家步道(山屋/營地) / c_id=158 向陽山屋,04 天數上限sumdaymax,1
"第12,49列",S2c Fixedclimb 承載量與天數,國家步道(山屋/營地) / c_id=158 向陽山屋,05 是否抽籤IsDraw,0
"第12,49列",S2c Fixedclimb 承載量與天數,國家步道(山屋/營地) / c_id=158 向陽山屋,06 許可證可印天數printdays,NULL
"第12,49列",S2c Fixedclimb 承載量與天數,國家步道(山屋/營地) / c_id=158 向陽山屋,07 是否雪季路線issnow,0
"第12,49列",S2c Fixedclimb 承載量與天數,國家步道(山屋/營地) / c_id=158 向陽山屋,08 人數檢查teamscountchk,NULL
"第12,49列",S2c Fixedclimb 承載量與天數,國家步道(山屋/營地) / c_id=159 嘉明湖山屋/營地,01 假日承載量holidaynum,NULL
"第12,49列",S2c Fixedclimb 承載量與天數,國家步道(山屋/營地) / c_id=159 嘉明湖山屋/營地,02 平日承載量generalnum,NULL
"第12,49列",S2c Fixedclimb 承載量與天數,國家步道(山屋/營地) / c_id=159 嘉明湖山屋/營地,03 天數下限sumdaymin,1
"第12,49列",S2c Fixedclimb 承載量與天數,國家步道(山屋/營地) / c_id=159 嘉明湖山屋/營地,04 天數上限sumdaymax,1
"第12,49列",S2c Fixedclimb 承載量與天數,國家步道(山屋/營地) / c_id=159 嘉明湖山屋/營地,05 是否抽籤IsDraw,0
"第12,49列",S2c Fixedclimb 承載量與天數,國家步道(山屋/營地) / c_id=159 嘉明湖山屋/營地,06 許可證可印天數printdays,NULL
"第12,49列",S2c Fixedclimb 承載量與天數,國家步道(山屋/營地) / c_id=159 嘉明湖山屋/營地,07 是否雪季路線issnow,0
"第12,49列",S2c Fixedclimb 承載量與天數,國家步道(山屋/營地) / c_id=159 嘉明湖山屋/營地,08 人數檢查teamscountchk,NULL
"第12,49列",S2c Fixedclimb 承載量與天數,國家步道(山屋/營地) / c_id=160 檜谷山莊/營地,01 假日承載量holidaynum,NULL
"第12,49列",S2c Fixedclimb 承載量與天數,國家步道(山屋/營地) / c_id=160 檜谷山莊/營地,02 平日承載量generalnum,NULL
"第12,49列",S2c Fixedclimb 承載量與天數,國家步道(山屋/營地) / c_id=160 檜谷山莊/營地,03 天數下限sumdaymin,1
"第12,49列",S2c Fixedclimb 承載量與天數,國家步道(山屋/營地) / c_id=160 檜谷山莊/營地,04 天數上限sumdaymax,1
"第12,49列",S2c Fixedclimb 承載量與天數,國家步道(山屋/營地) / c_id=160 檜谷山莊/營地,05 是否抽籤IsDraw,0
"第12,49列",S2c Fixedclimb 承載量與天數,國家步道(山屋/營地) / c_id=160 檜谷山莊/營地,06 許可證可印天數printdays,NULL
"第12,49列",S2c Fixedclimb 承載量與天數,國家步道(山屋/營地) / c_id=160 檜谷山莊/營地,07 是否雪季路線issnow,0
"第12,49列",S2c Fixedclimb 承載量與天數,國家步道(山屋/營地) / c_id=160 檜谷山莊/營地,08 人數檢查teamscountchk,NULL
"第12,49列",S2c Fixedclimb 承載量與天數,國家步道(山屋/營地) / c_id=161 天池山莊/營地,01 假日承載量holidaynum,NULL
"第12,49列",S2c Fixedclimb 承載量與天數,國家步道(山屋/營地) / c_id=161 天池山莊/營地,02 平日承載量generalnum,NULL
"第12,49列",S2c Fixedclimb 承載量與天數,國家步道(山屋/營地) / c_id=161 天池山莊/營地,03 天數下限sumdaymin,1
"第12,49列",S2c Fixedclimb 承載量與天數,國家步道(山屋/營地) / c_id=161 天池山莊/營地,04 天數上限sumdaymax,1
"第12,49列",S2c Fixedclimb 承載量與天數,國家步道(山屋/營地) / c_id=161 天池山莊/營地,05 是否抽籤IsDraw,0
"第12,49列",S2c Fixedclimb 承載量與天數,國家步道(山屋/營地) / c_id=161 天池山莊/營地,06 許可證可印天數printdays,NULL
"第12,49列",S2c Fixedclimb 承載量與天數,國家步道(山屋/營地) / c_id=161 天池山莊/營地,07 是否雪季路線issnow,0
"第12,49列",S2c Fixedclimb 承載量與天數,國家步道(山屋/營地) / c_id=161 天池山莊/營地,08 人數檢查teamscountchk,NULL
"第12,49列",S2c Fixedclimb 承載量與天數,野生動物保護區 / c_id=627 翡翠水庫食蛇龜野生動物保護區,01 假日承載量holidaynum,NULL
"第12,49列",S2c Fixedclimb 承載量與天數,野生動物保護區 / c_id=627 翡翠水庫食蛇龜野生動物保護區,02 平日承載量generalnum,NULL
"第12,49列",S2c Fixedclimb 承載量與天數,野生動物保護區 / c_id=627 翡翠水庫食蛇龜野生動物保護區,03 天數下限sumdaymin,1
"第12,49列",S2c Fixedclimb 承載量與天數,野生動物保護區 / c_id=627 翡翠水庫食蛇龜野生動物保護區,04 天數上限sumdaymax,1
"第12,49列",S2c Fixedclimb 承載量與天數,野生動物保護區 / c_id=627 翡翠水庫食蛇龜野生動物保護區,05 是否抽籤IsDraw,0
"第12,49列",S2c Fixedclimb 承載量與天數,野生動物保護區 / c_id=627 翡翠水庫食蛇龜野生動物保護區,06 許可證可印天數printdays,NULL
"第12,49列",S2c Fixedclimb 承載量與天數,野生動物保護區 / c_id=627 翡翠水庫食蛇龜野生動物保護區,07 是否雪季路線issnow,0
"第12,49列",S2c Fixedclimb 承載量與天數,野生動物保護區 / c_id=627 翡翠水庫食蛇龜野生動物保護區,08 人數檢查teamscountchk,NULL
"第12,49列",S2c Fixedclimb 承載量與天數,野生動物保護區 / c_id=628 玉里野生動物保護區,01 假日承載量holidaynum,NULL
"第12,49列",S2c Fixedclimb 承載量與天數,野生動物保護區 / c_id=628 玉里野生動物保護區,02 平日承載量generalnum,NULL
"第12,49列",S2c Fixedclimb 承載量與天數,野生動物保護區 / c_id=628 玉里野生動物保護區,03 天數下限sumdaymin,1
"第12,49列",S2c Fixedclimb 承載量與天數,野生動物保護區 / c_id=628 玉里野生動物保護區,04 天數上限sumdaymax,1
"第12,49列",S2c Fixedclimb 承載量與天數,野生動物保護區 / c_id=628 玉里野生動物保護區,05 是否抽籤IsDraw,0
"第12,49列",S2c Fixedclimb 承載量與天數,野生動物保護區 / c_id=628 玉里野生動物保護區,06 許可證可印天數printdays,NULL
"第12,49列",S2c Fixedclimb 承載量與天數,野生動物保護區 / c_id=628 玉里野生動物保護區,07 是否雪季路線issnow,0
"第12,49列",S2c Fixedclimb 承載量與天數,野生動物保護區 / c_id=628 玉里野生動物保護區,08 人數檢查teamscountchk,NULL
"第12,49列",S2c Fixedclimb 承載量與天數,雪霸國家公園管理處 / c_id=100 (4級) 雪山主峰(單日往返),01 假日承載量holidaynum,NULL
"第12,49列",S2c Fixedclimb 承載量與天數,雪霸國家公園管理處 / c_id=100 (4級) 雪山主峰(單日往返),02 平日承載量generalnum,NULL
"第12,49列",S2c Fixedclimb 承載量與天數,雪霸國家公園管理處 / c_id=100 (4級) 雪山主峰(單日往返),03 天數下限sumdaymin,1
"第12,49列",S2c Fixedclimb 承載量與天數,雪霸國家公園管理處 / c_id=100 (4級) 雪山主峰(單日往返),04 天數上限sumdaymax,1
"第12,49列",S2c Fixedclimb 承載量與天數,雪霸國家公園管理處 / c_id=100 (4級) 雪山主峰(單日往返),05 是否抽籤IsDraw,0
"第12,49列",S2c Fixedclimb 承載量與天數,雪霸國家公園管理處 / c_id=100 (4級) 雪山主峰(單日往返),06 許可證可印天數printdays,5
"第12,49列",S2c Fixedclimb 承載量與天數,雪霸國家公園管理處 / c_id=100 (4級) 雪山主峰(單日往返),07 是否雪季路線issnow,0
"第12,49列",S2c Fixedclimb 承載量與天數,雪霸國家公園管理處 / c_id=100 (4級) 雪山主峰(單日往返),08 人數檢查teamscountchk,NULL
"第12,49列",S2c Fixedclimb 承載量與天數,雪霸國家公園管理處 / c_id=101 舊(4級) 翠池  (2022/7/20後整併至,01 假日承載量holidaynum,NULL
"第12,49列",S2c Fixedclimb 承載量與天數,雪霸國家公園管理處 / c_id=101 舊(4級) 翠池  (2022/7/20後整併至,02 平日承載量generalnum,NULL
"第12,49列",S2c Fixedclimb 承載量與天數,雪霸國家公園管理處 / c_id=101 舊(4級) 翠池  (2022/7/20後整併至,03 天數下限sumdaymin,2
"第12,49列",S2c Fixedclimb 承載量與天數,雪霸國家公園管理處 / c_id=101 舊(4級) 翠池  (2022/7/20後整併至,04 天數上限sumdaymax,4
"第12,49列",S2c Fixedclimb 承載量與天數,雪霸國家公園管理處 / c_id=101 舊(4級) 翠池  (2022/7/20後整併至,05 是否抽籤IsDraw,0
"第12,49列",S2c Fixedclimb 承載量與天數,雪霸國家公園管理處 / c_id=101 舊(4級) 翠池  (2022/7/20後整併至,06 許可證可印天數printdays,5
"第12,49列",S2c Fixedclimb 承載量與天數,雪霸國家公園管理處 / c_id=101 舊(4級) 翠池  (2022/7/20後整併至,07 是否雪季路線issnow,0
"第12,49列",S2c Fixedclimb 承載量與天數,雪霸國家公園管理處 / c_id=101 舊(4級) 翠池  (2022/7/20後整併至,08 人數檢查teamscountchk,NULL
"第12,49列",S2c Fixedclimb 承載量與天數,雪霸國家公園管理處 / c_id=102 (4級) 雪山北峰、翠池,01 假日承載量holidaynum,NULL
"第12,49列",S2c Fixedclimb 承載量與天數,雪霸國家公園管理處 / c_id=102 (4級) 雪山北峰、翠池,02 平日承載量generalnum,NULL
"第12,49列",S2c Fixedclimb 承載量與天數,雪霸國家公園管理處 / c_id=102 (4級) 雪山北峰、翠池,03 天數下限sumdaymin,2
"第12,49列",S2c Fixedclimb 承載量與天數,雪霸國家公園管理處 / c_id=102 (4級) 雪山北峰、翠池,04 天數上限sumdaymax,5
"第12,49列",S2c Fixedclimb 承載量與天數,雪霸國家公園管理處 / c_id=102 (4級) 雪山北峰、翠池,05 是否抽籤IsDraw,0
"第12,49列",S2c Fixedclimb 承載量與天數,雪霸國家公園管理處 / c_id=102 (4級) 雪山北峰、翠池,06 許可證可印天數printdays,5
"第12,49列",S2c Fixedclimb 承載量與天數,雪霸國家公園管理處 / c_id=102 (4級) 雪山北峰、翠池,07 是否雪季路線issnow,0
"第12,49列",S2c Fixedclimb 承載量與天數,雪霸國家公園管理處 / c_id=102 (4級) 雪山北峰、翠池,08 人數檢查teamscountchk,NULL
"第12,49列",S2c Fixedclimb 承載量與天數,雪霸國家公園管理處 / c_id=103 雪地訓練申請案,01 假日承載量holidaynum,NULL
"第12,49列",S2c Fixedclimb 承載量與天數,雪霸國家公園管理處 / c_id=103 雪地訓練申請案,02 平日承載量generalnum,NULL
"第12,49列",S2c Fixedclimb 承載量與天數,雪霸國家公園管理處 / c_id=103 雪地訓練申請案,03 天數下限sumdaymin,3
"第12,49列",S2c Fixedclimb 承載量與天數,雪霸國家公園管理處 / c_id=103 雪地訓練申請案,04 天數上限sumdaymax,10
"第12,49列",S2c Fixedclimb 承載量與天數,雪霸國家公園管理處 / c_id=103 雪地訓練申請案,05 是否抽籤IsDraw,0
"第12,49列",S2c Fixedclimb 承載量與天數,雪霸國家公園管理處 / c_id=103 雪地訓練申請案,06 許可證可印天數printdays,5
"第12,49列",S2c Fixedclimb 承載量與天數,雪霸國家公園管理處 / c_id=103 雪地訓練申請案,07 是否雪季路線issnow,1
"第12,49列",S2c Fixedclimb 承載量與天數,雪霸國家公園管理處 / c_id=103 雪地訓練申請案,08 人數檢查teamscountchk,NULL
"第12,49列",S2c Fixedclimb 承載量與天數,雪霸國家公園管理處 / c_id=104 (3級) 志佳陽大山,01 假日承載量holidaynum,NULL
"第12,49列",S2c Fixedclimb 承載量與天數,雪霸國家公園管理處 / c_id=104 (3級) 志佳陽大山,02 平日承載量generalnum,NULL
"第12,49列",S2c Fixedclimb 承載量與天數,雪霸國家公園管理處 / c_id=104 (3級) 志佳陽大山,03 天數下限sumdaymin,1
"第12,49列",S2c Fixedclimb 承載量與天數,雪霸國家公園管理處 / c_id=104 (3級) 志佳陽大山,04 天數上限sumdaymax,3
"第12,49列",S2c Fixedclimb 承載量與天數,雪霸國家公園管理處 / c_id=104 (3級) 志佳陽大山,05 是否抽籤IsDraw,0
"第12,49列",S2c Fixedclimb 承載量與天數,雪霸國家公園管理處 / c_id=104 (3級) 志佳陽大山,06 許可證可印天數printdays,5
"第12,49列",S2c Fixedclimb 承載量與天數,雪霸國家公園管理處 / c_id=104 (3級) 志佳陽大山,07 是否雪季路線issnow,0
"第12,49列",S2c Fixedclimb 承載量與天數,雪霸國家公園管理處 / c_id=104 (3級) 志佳陽大山,08 人數檢查teamscountchk,NULL
"第12,49列",S2c Fixedclimb 承載量與天數,雪霸國家公園管理處 / c_id=105 (4級) 志佳陽-雪山線,01 假日承載量holidaynum,NULL
"第12,49列",S2c Fixedclimb 承載量與天數,雪霸國家公園管理處 / c_id=105 (4級) 志佳陽-雪山線,02 平日承載量generalnum,NULL
"第12,49列",S2c Fixedclimb 承載量與天數,雪霸國家公園管理處 / c_id=105 (4級) 志佳陽-雪山線,03 天數下限sumdaymin,2
"第12,49列",S2c Fixedclimb 承載量與天數,雪霸國家公園管理處 / c_id=105 (4級) 志佳陽-雪山線,04 天數上限sumdaymax,4
"第12,49列",S2c Fixedclimb 承載量與天數,雪霸國家公園管理處 / c_id=105 (4級) 志佳陽-雪山線,05 是否抽籤IsDraw,0
"第12,49列",S2c Fixedclimb 承載量與天數,雪霸國家公園管理處 / c_id=105 (4級) 志佳陽-雪山線,06 許可證可印天數printdays,5
"第12,49列",S2c Fixedclimb 承載量與天數,雪霸國家公園管理處 / c_id=105 (4級) 志佳陽-雪山線,07 是否雪季路線issnow,0
"第12,49列",S2c Fixedclimb 承載量與天數,雪霸國家公園管理處 / c_id=105 (4級) 志佳陽-雪山線,08 人數檢查teamscountchk,NULL
"第12,49列",S2c Fixedclimb 承載量與天數,雪霸國家公園管理處 / c_id=106 (5級) 志佳陽-雪山北峰線,01 假日承載量holidaynum,NULL
"第12,49列",S2c Fixedclimb 承載量與天數,雪霸國家公園管理處 / c_id=106 (5級) 志佳陽-雪山北峰線,02 平日承載量generalnum,NULL
"第12,49列",S2c Fixedclimb 承載量與天數,雪霸國家公園管理處 / c_id=106 (5級) 志佳陽-雪山北峰線,03 天數下限sumdaymin,3
"第12,49列",S2c Fixedclimb 承載量與天數,雪霸國家公園管理處 / c_id=106 (5級) 志佳陽-雪山北峰線,04 天數上限sumdaymax,5
"第12,49列",S2c Fixedclimb 承載量與天數,雪霸國家公園管理處 / c_id=106 (5級) 志佳陽-雪山北峰線,05 是否抽籤IsDraw,0
"第12,49列",S2c Fixedclimb 承載量與天數,雪霸國家公園管理處 / c_id=106 (5級) 志佳陽-雪山北峰線,06 許可證可印天數printdays,5
"第12,49列",S2c Fixedclimb 承載量與天數,雪霸國家公園管理處 / c_id=106 (5級) 志佳陽-雪山北峰線,07 是否雪季路線issnow,0
"第12,49列",S2c Fixedclimb 承載量與天數,雪霸國家公園管理處 / c_id=106 (5級) 志佳陽-雪山北峰線,08 人數檢查teamscountchk,NULL
"第12,49列",S2c Fixedclimb 承載量與天數,雪霸國家公園管理處 / c_id=107 (3級) 推論山單日往返,01 假日承載量holidaynum,NULL
"第12,49列",S2c Fixedclimb 承載量與天數,雪霸國家公園管理處 / c_id=107 (3級) 推論山單日往返,02 平日承載量generalnum,NULL
"第12,49列",S2c Fixedclimb 承載量與天數,雪霸國家公園管理處 / c_id=107 (3級) 推論山單日往返,03 天數下限sumdaymin,1
"第12,49列",S2c Fixedclimb 承載量與天數,雪霸國家公園管理處 / c_id=107 (3級) 推論山單日往返,04 天數上限sumdaymax,1
"第12,49列",S2c Fixedclimb 承載量與天數,雪霸國家公園管理處 / c_id=107 (3級) 推論山單日往返,05 是否抽籤IsDraw,0
"第12,49列",S2c Fixedclimb 承載量與天數,雪霸國家公園管理處 / c_id=107 (3級) 推論山單日往返,06 許可證可印天數printdays,5
"第12,49列",S2c Fixedclimb 承載量與天數,雪霸國家公園管理處 / c_id=107 (3級) 推論山單日往返,07 是否雪季路線issnow,0
"第12,49列",S2c Fixedclimb 承載量與天數,雪霸國家公園管理處 / c_id=107 (3級) 推論山單日往返,08 人數檢查teamscountchk,NULL
"第12,49列",S2c Fixedclimb 承載量與天數,雪霸國家公園管理處 / c_id=108 (4級) 大劍線,01 假日承載量holidaynum,NULL
"第12,49列",S2c Fixedclimb 承載量與天數,雪霸國家公園管理處 / c_id=108 (4級) 大劍線,02 平日承載量generalnum,NULL
"第12,49列",S2c Fixedclimb 承載量與天數,雪霸國家公園管理處 / c_id=108 (4級) 大劍線,03 天數下限sumdaymin,2
"第12,49列",S2c Fixedclimb 承載量與天數,雪霸國家公園管理處 / c_id=108 (4級) 大劍線,04 天數上限sumdaymax,3
"第12,49列",S2c Fixedclimb 承載量與天數,雪霸國家公園管理處 / c_id=108 (4級) 大劍線,05 是否抽籤IsDraw,0
"第12,49列",S2c Fixedclimb 承載量與天數,雪霸國家公園管理處 / c_id=108 (4級) 大劍線,06 許可證可印天數printdays,5
"第12,49列",S2c Fixedclimb 承載量與天數,雪霸國家公園管理處 / c_id=108 (4級) 大劍線,07 是否雪季路線issnow,0
"第12,49列",S2c Fixedclimb 承載量與天數,雪霸國家公園管理處 / c_id=108 (4級) 大劍線,08 人數檢查teamscountchk,NULL
"第12,49列",S2c Fixedclimb 承載量與天數,雪霸國家公園管理處 / c_id=110 (5級) 大小劍線,01 假日承載量holidaynum,NULL
"第12,49列",S2c Fixedclimb 承載量與天數,雪霸國家公園管理處 / c_id=110 (5級) 大小劍線,02 平日承載量generalnum,NULL
"第12,49列",S2c Fixedclimb 承載量與天數,雪霸國家公園管理處 / c_id=110 (5級) 大小劍線,03 天數下限sumdaymin,3
"第12,49列",S2c Fixedclimb 承載量與天數,雪霸國家公園管理處 / c_id=110 (5級) 大小劍線,04 天數上限sumdaymax,4
"第12,49列",S2c Fixedclimb 承載量與天數,雪霸國家公園管理處 / c_id=110 (5級) 大小劍線,05 是否抽籤IsDraw,0
"第12,49列",S2c Fixedclimb 承載量與天數,雪霸國家公園管理處 / c_id=110 (5級) 大小劍線,06 許可證可印天數printdays,5
"第12,49列",S2c Fixedclimb 承載量與天數,雪霸國家公園管理處 / c_id=110 (5級) 大小劍線,07 是否雪季路線issnow,0
"第12,49列",S2c Fixedclimb 承載量與天數,雪霸國家公園管理處 / c_id=110 (5級) 大小劍線,08 人數檢查teamscountchk,NULL
"第12,49列",S2c Fixedclimb 承載量與天數,雪霸國家公園管理處 / c_id=111 (5級) 雪劍線,01 假日承載量holidaynum,NULL
"第12,49列",S2c Fixedclimb 承載量與天數,雪霸國家公園管理處 / c_id=111 (5級) 雪劍線,02 平日承載量generalnum,NULL
"第12,49列",S2c Fixedclimb 承載量與天數,雪霸國家公園管理處 / c_id=111 (5級) 雪劍線,03 天數下限sumdaymin,4
"第12,49列",S2c Fixedclimb 承載量與天數,雪霸國家公園管理處 / c_id=111 (5級) 雪劍線,04 天數上限sumdaymax,6
"第12,49列",S2c Fixedclimb 承載量與天數,雪霸國家公園管理處 / c_id=111 (5級) 雪劍線,05 是否抽籤IsDraw,0
"第12,49列",S2c Fixedclimb 承載量與天數,雪霸國家公園管理處 / c_id=111 (5級) 雪劍線,06 許可證可印天數printdays,5
"第12,49列",S2c Fixedclimb 承載量與天數,雪霸國家公園管理處 / c_id=111 (5級) 雪劍線,07 是否雪季路線issnow,0
"第12,49列",S2c Fixedclimb 承載量與天數,雪霸國家公園管理處 / c_id=111 (5級) 雪劍線,08 人數檢查teamscountchk,NULL
"第12,49列",S2c Fixedclimb 承載量與天數,雪霸國家公園管理處 / c_id=112 (3級) 武陵一秀或二秀 (桃山、池有山) 單日,01 假日承載量holidaynum,NULL
"第12,49列",S2c Fixedclimb 承載量與天數,雪霸國家公園管理處 / c_id=112 (3級) 武陵一秀或二秀 (桃山、池有山) 單日,02 平日承載量generalnum,NULL
"第12,49列",S2c Fixedclimb 承載量與天數,雪霸國家公園管理處 / c_id=112 (3級) 武陵一秀或二秀 (桃山、池有山) 單日,03 天數下限sumdaymin,1
"第12,49列",S2c Fixedclimb 承載量與天數,雪霸國家公園管理處 / c_id=112 (3級) 武陵一秀或二秀 (桃山、池有山) 單日,04 天數上限sumdaymax,1
"第12,49列",S2c Fixedclimb 承載量與天數,雪霸國家公園管理處 / c_id=112 (3級) 武陵一秀或二秀 (桃山、池有山) 單日,05 是否抽籤IsDraw,0
"第12,49列",S2c Fixedclimb 承載量與天數,雪霸國家公園管理處 / c_id=112 (3級) 武陵一秀或二秀 (桃山、池有山) 單日,06 許可證可印天數printdays,5
"第12,49列",S2c Fixedclimb 承載量與天數,雪霸國家公園管理處 / c_id=112 (3級) 武陵一秀或二秀 (桃山、池有山) 單日,07 是否雪季路線issnow,0
"第12,49列",S2c Fixedclimb 承載量與天數,雪霸國家公園管理處 / c_id=112 (3級) 武陵一秀或二秀 (桃山、池有山) 單日,08 人數檢查teamscountchk,NULL
"第12,49列",S2c Fixedclimb 承載量與天數,雪霸國家公園管理處 / c_id=113 (3級) 武陵三秀 (不包含品田山),01 假日承載量holidaynum,NULL
"第12,49列",S2c Fixedclimb 承載量與天數,雪霸國家公園管理處 / c_id=113 (3級) 武陵三秀 (不包含品田山),02 平日承載量generalnum,NULL
"第12,49列",S2c Fixedclimb 承載量與天數,雪霸國家公園管理處 / c_id=113 (3級) 武陵三秀 (不包含品田山),03 天數下限sumdaymin,2
"第12,49列",S2c Fixedclimb 承載量與天數,雪霸國家公園管理處 / c_id=113 (3級) 武陵三秀 (不包含品田山),04 天數上限sumdaymax,3
"第12,49列",S2c Fixedclimb 承載量與天數,雪霸國家公園管理處 / c_id=113 (3級) 武陵三秀 (不包含品田山),05 是否抽籤IsDraw,0
"第12,49列",S2c Fixedclimb 承載量與天數,雪霸國家公園管理處 / c_id=113 (3級) 武陵三秀 (不包含品田山),06 許可證可印天數printdays,5
"第12,49列",S2c Fixedclimb 承載量與天數,雪霸國家公園管理處 / c_id=113 (3級) 武陵三秀 (不包含品田山),07 是否雪季路線issnow,0
"第12,49列",S2c Fixedclimb 承載量與天數,雪霸國家公園管理處 / c_id=113 (3級) 武陵三秀 (不包含品田山),08 人數檢查teamscountchk,NULL
"第12,49列",S2c Fixedclimb 承載量與天數,雪霸國家公園管理處 / c_id=114 (4級) 喀拉業山單日長程往返,01 假日承載量holidaynum,NULL
"第12,49列",S2c Fixedclimb 承載量與天數,雪霸國家公園管理處 / c_id=114 (4級) 喀拉業山單日長程往返,02 平日承載量generalnum,NULL
"第12,49列",S2c Fixedclimb 承載量與天數,雪霸國家公園管理處 / c_id=114 (4級) 喀拉業山單日長程往返,03 天數下限sumdaymin,1
"第12,49列",S2c Fixedclimb 承載量與天數,雪霸國家公園管理處 / c_id=114 (4級) 喀拉業山單日長程往返,04 天數上限sumdaymax,1
"第12,49列",S2c Fixedclimb 承載量與天數,雪霸國家公園管理處 / c_id=114 (4級) 喀拉業山單日長程往返,05 是否抽籤IsDraw,0
"第12,49列",S2c Fixedclimb 承載量與天數,雪霸國家公園管理處 / c_id=114 (4級) 喀拉業山單日長程往返,06 許可證可印天數printdays,5
"第12,49列",S2c Fixedclimb 承載量與天數,雪霸國家公園管理處 / c_id=114 (4級) 喀拉業山單日長程往返,07 是否雪季路線issnow,0
"第12,49列",S2c Fixedclimb 承載量與天數,雪霸國家公園管理處 / c_id=114 (4級) 喀拉業山單日長程往返,08 人數檢查teamscountchk,NULL
"第12,49列",S2c Fixedclimb 承載量與天數,雪霸國家公園管理處 / c_id=115 (4級) 品田山單日長程往返,01 假日承載量holidaynum,NULL
"第12,49列",S2c Fixedclimb 承載量與天數,雪霸國家公園管理處 / c_id=115 (4級) 品田山單日長程往返,02 平日承載量generalnum,NULL
"第12,49列",S2c Fixedclimb 承載量與天數,雪霸國家公園管理處 / c_id=115 (4級) 品田山單日長程往返,03 天數下限sumdaymin,1
"第12,49列",S2c Fixedclimb 承載量與天數,雪霸國家公園管理處 / c_id=115 (4級) 品田山單日長程往返,04 天數上限sumdaymax,1
"第12,49列",S2c Fixedclimb 承載量與天數,雪霸國家公園管理處 / c_id=115 (4級) 品田山單日長程往返,05 是否抽籤IsDraw,0
"第12,49列",S2c Fixedclimb 承載量與天數,雪霸國家公園管理處 / c_id=115 (4級) 品田山單日長程往返,06 許可證可印天數printdays,5
"第12,49列",S2c Fixedclimb 承載量與天數,雪霸國家公園管理處 / c_id=115 (4級) 品田山單日長程往返,07 是否雪季路線issnow,0
"第12,49列",S2c Fixedclimb 承載量與天數,雪霸國家公園管理處 / c_id=115 (4級) 品田山單日長程往返,08 人數檢查teamscountchk,NULL
"第12,49列",S2c Fixedclimb 承載量與天數,雪霸國家公園管理處 / c_id=116 (4級) 武陵四秀線,01 假日承載量holidaynum,NULL
"第12,49列",S2c Fixedclimb 承載量與天數,雪霸國家公園管理處 / c_id=116 (4級) 武陵四秀線,02 平日承載量generalnum,NULL
"第12,49列",S2c Fixedclimb 承載量與天數,雪霸國家公園管理處 / c_id=116 (4級) 武陵四秀線,03 天數下限sumdaymin,2
"第12,49列",S2c Fixedclimb 承載量與天數,雪霸國家公園管理處 / c_id=116 (4級) 武陵四秀線,04 天數上限sumdaymax,4
"第12,49列",S2c Fixedclimb 承載量與天數,雪霸國家公園管理處 / c_id=116 (4級) 武陵四秀線,05 是否抽籤IsDraw,0
"第12,49列",S2c Fixedclimb 承載量與天數,雪霸國家公園管理處 / c_id=116 (4級) 武陵四秀線,06 許可證可印天數printdays,5
"第12,49列",S2c Fixedclimb 承載量與天數,雪霸國家公園管理處 / c_id=116 (4級) 武陵四秀線,07 是否雪季路線issnow,0
"第12,49列",S2c Fixedclimb 承載量與天數,雪霸國家公園管理處 / c_id=116 (4級) 武陵四秀線,08 人數檢查teamscountchk,NULL
"第12,49列",S2c Fixedclimb 承載量與天數,雪霸國家公園管理處 / c_id=117 舊 (4級) 秀霸線 (2022/4/12後調整,01 假日承載量holidaynum,NULL
"第12,49列",S2c Fixedclimb 承載量與天數,雪霸國家公園管理處 / c_id=117 舊 (4級) 秀霸線 (2022/4/12後調整,02 平日承載量generalnum,NULL
"第12,49列",S2c Fixedclimb 承載量與天數,雪霸國家公園管理處 / c_id=117 舊 (4級) 秀霸線 (2022/4/12後調整,03 天數下限sumdaymin,3
"第12,49列",S2c Fixedclimb 承載量與天數,雪霸國家公園管理處 / c_id=117 舊 (4級) 秀霸線 (2022/4/12後調整,04 天數上限sumdaymax,5
"第12,49列",S2c Fixedclimb 承載量與天數,雪霸國家公園管理處 / c_id=117 舊 (4級) 秀霸線 (2022/4/12後調整,05 是否抽籤IsDraw,0
"第12,49列",S2c Fixedclimb 承載量與天數,雪霸國家公園管理處 / c_id=117 舊 (4級) 秀霸線 (2022/4/12後調整,06 許可證可印天數printdays,5
"第12,49列",S2c Fixedclimb 承載量與天數,雪霸國家公園管理處 / c_id=117 舊 (4級) 秀霸線 (2022/4/12後調整,07 是否雪季路線issnow,0
"第12,49列",S2c Fixedclimb 承載量與天數,雪霸國家公園管理處 / c_id=117 舊 (4級) 秀霸線 (2022/4/12後調整,08 人數檢查teamscountchk,NULL
"第12,49列",S2c Fixedclimb 承載量與天數,雪霸國家公園管理處 / c_id=118 (4級) 大霸線,01 假日承載量holidaynum,NULL
"第12,49列",S2c Fixedclimb 承載量與天數,雪霸國家公園管理處 / c_id=118 (4級) 大霸線,02 平日承載量generalnum,NULL
"第12,49列",S2c Fixedclimb 承載量與天數,雪霸國家公園管理處 / c_id=118 (4級) 大霸線,03 天數下限sumdaymin,3
"第12,49列",S2c Fixedclimb 承載量與天數,雪霸國家公園管理處 / c_id=118 (4級) 大霸線,04 天數上限sumdaymax,4
"第12,49列",S2c Fixedclimb 承載量與天數,雪霸國家公園管理處 / c_id=118 (4級) 大霸線,05 是否抽籤IsDraw,0
"第12,49列",S2c Fixedclimb 承載量與天數,雪霸國家公園管理處 / c_id=118 (4級) 大霸線,06 許可證可印天數printdays,5
"第12,49列",S2c Fixedclimb 承載量與天數,雪霸國家公園管理處 / c_id=118 (4級) 大霸線,07 是否雪季路線issnow,0
"第12,49列",S2c Fixedclimb 承載量與天數,雪霸國家公園管理處 / c_id=118 (4級) 大霸線,08 人數檢查teamscountchk,NULL
"第12,49列",S2c Fixedclimb 承載量與天數,雪霸國家公園管理處 / c_id=119 (5級) 大霸線(首日住宿中霸山屋),01 假日承載量holidaynum,NULL
"第12,49列",S2c Fixedclimb 承載量與天數,雪霸國家公園管理處 / c_id=119 (5級) 大霸線(首日住宿中霸山屋),02 平日承載量generalnum,NULL
"第12,49列",S2c Fixedclimb 承載量與天數,雪霸國家公園管理處 / c_id=119 (5級) 大霸線(首日住宿中霸山屋),03 天數下限sumdaymin,3
"第12,49列",S2c Fixedclimb 承載量與天數,雪霸國家公園管理處 / c_id=119 (5級) 大霸線(首日住宿中霸山屋),04 天數上限sumdaymax,4
"第12,49列",S2c Fixedclimb 承載量與天數,雪霸國家公園管理處 / c_id=119 (5級) 大霸線(首日住宿中霸山屋),05 是否抽籤IsDraw,0
"第12,49列",S2c Fixedclimb 承載量與天數,雪霸國家公園管理處 / c_id=119 (5級) 大霸線(首日住宿中霸山屋),06 許可證可印天數printdays,5
"第12,49列",S2c Fixedclimb 承載量與天數,雪霸國家公園管理處 / c_id=119 (5級) 大霸線(首日住宿中霸山屋),07 是否雪季路線issnow,0
"第12,49列",S2c Fixedclimb 承載量與天數,雪霸國家公園管理處 / c_id=119 (5級) 大霸線(首日住宿中霸山屋),08 人數檢查teamscountchk,NULL
"第12,49列",S2c Fixedclimb 承載量與天數,雪霸國家公園管理處 / c_id=12 (A級)  七卡、雪山東峰(舊),01 假日承載量holidaynum,NULL
"第12,49列",S2c Fixedclimb 承載量與天數,雪霸國家公園管理處 / c_id=12 (A級)  七卡、雪山東峰(舊),02 平日承載量generalnum,NULL
"第12,49列",S2c Fixedclimb 承載量與天數,雪霸國家公園管理處 / c_id=12 (A級)  七卡、雪山東峰(舊),03 天數下限sumdaymin,2
"第12,49列",S2c Fixedclimb 承載量與天數,雪霸國家公園管理處 / c_id=12 (A級)  七卡、雪山東峰(舊),04 天數上限sumdaymax,5
"第12,49列",S2c Fixedclimb 承載量與天數,雪霸國家公園管理處 / c_id=12 (A級)  七卡、雪山東峰(舊),05 是否抽籤IsDraw,0
"第12,49列",S2c Fixedclimb 承載量與天數,雪霸國家公園管理處 / c_id=12 (A級)  七卡、雪山東峰(舊),06 許可證可印天數printdays,5
"第12,49列",S2c Fixedclimb 承載量與天數,雪霸國家公園管理處 / c_id=12 (A級)  七卡、雪山東峰(舊),07 是否雪季路線issnow,0
"第12,49列",S2c Fixedclimb 承載量與天數,雪霸國家公園管理處 / c_id=12 (A級)  七卡、雪山東峰(舊),08 人數檢查teamscountchk,NULL
"第12,49列",S2c Fixedclimb 承載量與天數,雪霸國家公園管理處 / c_id=120 (5級) 大霸北稜線,01 假日承載量holidaynum,NULL
"第12,49列",S2c Fixedclimb 承載量與天數,雪霸國家公園管理處 / c_id=120 (5級) 大霸北稜線,02 平日承載量generalnum,NULL
"第12,49列",S2c Fixedclimb 承載量與天數,雪霸國家公園管理處 / c_id=120 (5級) 大霸北稜線,03 天數下限sumdaymin,3
"第12,49列",S2c Fixedclimb 承載量與天數,雪霸國家公園管理處 / c_id=120 (5級) 大霸北稜線,04 天數上限sumdaymax,5
"第12,49列",S2c Fixedclimb 承載量與天數,雪霸國家公園管理處 / c_id=120 (5級) 大霸北稜線,05 是否抽籤IsDraw,0
"第12,49列",S2c Fixedclimb 承載量與天數,雪霸國家公園管理處 / c_id=120 (5級) 大霸北稜線,06 許可證可印天數printdays,5
"第12,49列",S2c Fixedclimb 承載量與天數,雪霸國家公園管理處 / c_id=120 (5級) 大霸北稜線,07 是否雪季路線issnow,0
"第12,49列",S2c Fixedclimb 承載量與天數,雪霸國家公園管理處 / c_id=120 (5級) 大霸北稜線,08 人數檢查teamscountchk,NULL
"第12,49列",S2c Fixedclimb 承載量與天數,雪霸國家公園管理處 / c_id=121 (5級) 聖稜線I型,01 假日承載量holidaynum,NULL
"第12,49列",S2c Fixedclimb 承載量與天數,雪霸國家公園管理處 / c_id=121 (5級) 聖稜線I型,02 平日承載量generalnum,NULL
"第12,49列",S2c Fixedclimb 承載量與天數,雪霸國家公園管理處 / c_id=121 (5級) 聖稜線I型,03 天數下限sumdaymin,4
"第12,49列",S2c Fixedclimb 承載量與天數,雪霸國家公園管理處 / c_id=121 (5級) 聖稜線I型,04 天數上限sumdaymax,6
"第12,49列",S2c Fixedclimb 承載量與天數,雪霸國家公園管理處 / c_id=121 (5級) 聖稜線I型,05 是否抽籤IsDraw,0
"第12,49列",S2c Fixedclimb 承載量與天數,雪霸國家公園管理處 / c_id=121 (5級) 聖稜線I型,06 許可證可印天數printdays,5
"第12,49列",S2c Fixedclimb 承載量與天數,雪霸國家公園管理處 / c_id=121 (5級) 聖稜線I型,07 是否雪季路線issnow,0
"第12,49列",S2c Fixedclimb 承載量與天數,雪霸國家公園管理處 / c_id=121 (5級) 聖稜線I型,08 人數檢查teamscountchk,NULL
"第12,49列",S2c Fixedclimb 承載量與天數,雪霸國家公園管理處 / c_id=122 (5級) 聖稜線O型,01 假日承載量holidaynum,NULL
"第12,49列",S2c Fixedclimb 承載量與天數,雪霸國家公園管理處 / c_id=122 (5級) 聖稜線O型,02 平日承載量generalnum,NULL
"第12,49列",S2c Fixedclimb 承載量與天數,雪霸國家公園管理處 / c_id=122 (5級) 聖稜線O型,03 天數下限sumdaymin,3
"第12,49列",S2c Fixedclimb 承載量與天數,雪霸國家公園管理處 / c_id=122 (5級) 聖稜線O型,04 天數上限sumdaymax,6
"第12,49列",S2c Fixedclimb 承載量與天數,雪霸國家公園管理處 / c_id=122 (5級) 聖稜線O型,05 是否抽籤IsDraw,0
"第12,49列",S2c Fixedclimb 承載量與天數,雪霸國家公園管理處 / c_id=122 (5級) 聖稜線O型,06 許可證可印天數printdays,5
"第12,49列",S2c Fixedclimb 承載量與天數,雪霸國家公園管理處 / c_id=122 (5級) 聖稜線O型,07 是否雪季路線issnow,0
"第12,49列",S2c Fixedclimb 承載量與天數,雪霸國家公園管理處 / c_id=122 (5級) 聖稜線O型,08 人數檢查teamscountchk,NULL
"第12,49列",S2c Fixedclimb 承載量與天數,雪霸國家公園管理處 / c_id=123 (5級) 聖稜線Y型,01 假日承載量holidaynum,NULL
"第12,49列",S2c Fixedclimb 承載量與天數,雪霸國家公園管理處 / c_id=123 (5級) 聖稜線Y型,02 平日承載量generalnum,NULL
"第12,49列",S2c Fixedclimb 承載量與天數,雪霸國家公園管理處 / c_id=123 (5級) 聖稜線Y型,03 天數下限sumdaymin,4
"第12,49列",S2c Fixedclimb 承載量與天數,雪霸國家公園管理處 / c_id=123 (5級) 聖稜線Y型,04 天數上限sumdaymax,7
"第12,49列",S2c Fixedclimb 承載量與天數,雪霸國家公園管理處 / c_id=123 (5級) 聖稜線Y型,05 是否抽籤IsDraw,0
"第12,49列",S2c Fixedclimb 承載量與天數,雪霸國家公園管理處 / c_id=123 (5級) 聖稜線Y型,06 許可證可印天數printdays,5
"第12,49列",S2c Fixedclimb 承載量與天數,雪霸國家公園管理處 / c_id=123 (5級) 聖稜線Y型,07 是否雪季路線issnow,0
"第12,49列",S2c Fixedclimb 承載量與天數,雪霸國家公園管理處 / c_id=123 (5級) 聖稜線Y型,08 人數檢查teamscountchk,NULL
"第12,49列",S2c Fixedclimb 承載量與天數,雪霸國家公園管理處 / c_id=124 (6級)其他路線(傳統路線),01 假日承載量holidaynum,NULL
"第12,49列",S2c Fixedclimb 承載量與天數,雪霸國家公園管理處 / c_id=124 (6級)其他路線(傳統路線),02 平日承載量generalnum,NULL
"第12,49列",S2c Fixedclimb 承載量與天數,雪霸國家公園管理處 / c_id=124 (6級)其他路線(傳統路線),03 天數下限sumdaymin,1
"第12,49列",S2c Fixedclimb 承載量與天數,雪霸國家公園管理處 / c_id=124 (6級)其他路線(傳統路線),04 天數上限sumdaymax,20
"第12,49列",S2c Fixedclimb 承載量與天數,雪霸國家公園管理處 / c_id=124 (6級)其他路線(傳統路線),05 是否抽籤IsDraw,0
"第12,49列",S2c Fixedclimb 承載量與天數,雪霸國家公園管理處 / c_id=124 (6級)其他路線(傳統路線),06 許可證可印天數printdays,5
"第12,49列",S2c Fixedclimb 承載量與天數,雪霸國家公園管理處 / c_id=124 (6級)其他路線(傳統路線),07 是否雪季路線issnow,0
"第12,49列",S2c Fixedclimb 承載量與天數,雪霸國家公園管理處 / c_id=124 (6級)其他路線(傳統路線),08 人數檢查teamscountchk,NULL
"第12,49列",S2c Fixedclimb 承載量與天數,雪霸國家公園管理處 / c_id=125 (5級) 雪山西稜線,01 假日承載量holidaynum,NULL
"第12,49列",S2c Fixedclimb 承載量與天數,雪霸國家公園管理處 / c_id=125 (5級) 雪山西稜線,02 平日承載量generalnum,NULL
"第12,49列",S2c Fixedclimb 承載量與天數,雪霸國家公園管理處 / c_id=125 (5級) 雪山西稜線,03 天數下限sumdaymin,5
"第12,49列",S2c Fixedclimb 承載量與天數,雪霸國家公園管理處 / c_id=125 (5級) 雪山西稜線,04 天數上限sumdaymax,8
"第12,49列",S2c Fixedclimb 承載量與天數,雪霸國家公園管理處 / c_id=125 (5級) 雪山西稜線,05 是否抽籤IsDraw,0
"第12,49列",S2c Fixedclimb 承載量與天數,雪霸國家公園管理處 / c_id=125 (5級) 雪山西稜線,06 許可證可印天數printdays,5
"第12,49列",S2c Fixedclimb 承載量與天數,雪霸國家公園管理處 / c_id=125 (5級) 雪山西稜線,07 是否雪季路線issnow,0
"第12,49列",S2c Fixedclimb 承載量與天數,雪霸國家公園管理處 / c_id=125 (5級) 雪山西稜線,08 人數檢查teamscountchk,NULL
"第12,49列",S2c Fixedclimb 承載量與天數,雪霸國家公園管理處 / c_id=133 (3級) 雪山主峰(多日行程)-<外籍提前>,01 假日承載量holidaynum,NULL
"第12,49列",S2c Fixedclimb 承載量與天數,雪霸國家公園管理處 / c_id=133 (3級) 雪山主峰(多日行程)-<外籍提前>,02 平日承載量generalnum,NULL
"第12,49列",S2c Fixedclimb 承載量與天數,雪霸國家公園管理處 / c_id=133 (3級) 雪山主峰(多日行程)-<外籍提前>,03 天數下限sumdaymin,2
"第12,49列",S2c Fixedclimb 承載量與天數,雪霸國家公園管理處 / c_id=133 (3級) 雪山主峰(多日行程)-<外籍提前>,04 天數上限sumdaymax,3
"第12,49列",S2c Fixedclimb 承載量與天數,雪霸國家公園管理處 / c_id=133 (3級) 雪山主峰(多日行程)-<外籍提前>,05 是否抽籤IsDraw,0
"第12,49列",S2c Fixedclimb 承載量與天數,雪霸國家公園管理處 / c_id=133 (3級) 雪山主峰(多日行程)-<外籍提前>,06 許可證可印天數printdays,5
"第12,49列",S2c Fixedclimb 承載量與天數,雪霸國家公園管理處 / c_id=133 (3級) 雪山主峰(多日行程)-<外籍提前>,07 是否雪季路線issnow,0
"第12,49列",S2c Fixedclimb 承載量與天數,雪霸國家公園管理處 / c_id=133 (3級) 雪山主峰(多日行程)-<外籍提前>,08 人數檢查teamscountchk,NULL
"第12,49列",S2c Fixedclimb 承載量與天數,雪霸國家公園管理處 / c_id=134 (3級) 大霸線-<外籍提前>,01 假日承載量holidaynum,NULL
"第12,49列",S2c Fixedclimb 承載量與天數,雪霸國家公園管理處 / c_id=134 (3級) 大霸線-<外籍提前>,02 平日承載量generalnum,NULL
"第12,49列",S2c Fixedclimb 承載量與天數,雪霸國家公園管理處 / c_id=134 (3級) 大霸線-<外籍提前>,03 天數下限sumdaymin,3
"第12,49列",S2c Fixedclimb 承載量與天數,雪霸國家公園管理處 / c_id=134 (3級) 大霸線-<外籍提前>,04 天數上限sumdaymax,4
"第12,49列",S2c Fixedclimb 承載量與天數,雪霸國家公園管理處 / c_id=134 (3級) 大霸線-<外籍提前>,05 是否抽籤IsDraw,0
"第12,49列",S2c Fixedclimb 承載量與天數,雪霸國家公園管理處 / c_id=134 (3級) 大霸線-<外籍提前>,06 許可證可印天數printdays,5
"第12,49列",S2c Fixedclimb 承載量與天數,雪霸國家公園管理處 / c_id=134 (3級) 大霸線-<外籍提前>,07 是否雪季路線issnow,0
"第12,49列",S2c Fixedclimb 承載量與天數,雪霸國家公園管理處 / c_id=134 (3級) 大霸線-<外籍提前>,08 人數檢查teamscountchk,NULL
"第12,49列",S2c Fixedclimb 承載量與天數,雪霸國家公園管理處 / c_id=14 (A級) 雪山主峰 (多日行程)(舊),01 假日承載量holidaynum,NULL
"第12,49列",S2c Fixedclimb 承載量與天數,雪霸國家公園管理處 / c_id=14 (A級) 雪山主峰 (多日行程)(舊),02 平日承載量generalnum,NULL
"第12,49列",S2c Fixedclimb 承載量與天數,雪霸國家公園管理處 / c_id=14 (A級) 雪山主峰 (多日行程)(舊),03 天數下限sumdaymin,2
"第12,49列",S2c Fixedclimb 承載量與天數,雪霸國家公園管理處 / c_id=14 (A級) 雪山主峰 (多日行程)(舊),04 天數上限sumdaymax,6
"第12,49列",S2c Fixedclimb 承載量與天數,雪霸國家公園管理處 / c_id=14 (A級) 雪山主峰 (多日行程)(舊),05 是否抽籤IsDraw,0
"第12,49列",S2c Fixedclimb 承載量與天數,雪霸國家公園管理處 / c_id=14 (A級) 雪山主峰 (多日行程)(舊),06 許可證可印天數printdays,5
"第12,49列",S2c Fixedclimb 承載量與天數,雪霸國家公園管理處 / c_id=14 (A級) 雪山主峰 (多日行程)(舊),07 是否雪季路線issnow,0
"第12,49列",S2c Fixedclimb 承載量與天數,雪霸國家公園管理處 / c_id=14 (A級) 雪山主峰 (多日行程)(舊),08 人數檢查teamscountchk,NULL
"第12,49列",S2c Fixedclimb 承載量與天數,雪霸國家公園管理處 / c_id=151 (2級) 單日往返大霸線馬達拉溪登山口<自行車進,01 假日承載量holidaynum,NULL
"第12,49列",S2c Fixedclimb 承載量與天數,雪霸國家公園管理處 / c_id=151 (2級) 單日往返大霸線馬達拉溪登山口<自行車進,02 平日承載量generalnum,NULL
"第12,49列",S2c Fixedclimb 承載量與天數,雪霸國家公園管理處 / c_id=151 (2級) 單日往返大霸線馬達拉溪登山口<自行車進,03 天數下限sumdaymin,1
"第12,49列",S2c Fixedclimb 承載量與天數,雪霸國家公園管理處 / c_id=151 (2級) 單日往返大霸線馬達拉溪登山口<自行車進,04 天數上限sumdaymax,1
"第12,49列",S2c Fixedclimb 承載量與天數,雪霸國家公園管理處 / c_id=151 (2級) 單日往返大霸線馬達拉溪登山口<自行車進,05 是否抽籤IsDraw,0
"第12,49列",S2c Fixedclimb 承載量與天數,雪霸國家公園管理處 / c_id=151 (2級) 單日往返大霸線馬達拉溪登山口<自行車進,06 許可證可印天數printdays,NULL
"第12,49列",S2c Fixedclimb 承載量與天數,雪霸國家公園管理處 / c_id=151 (2級) 單日往返大霸線馬達拉溪登山口<自行車進,07 是否雪季路線issnow,0
"第12,49列",S2c Fixedclimb 承載量與天數,雪霸國家公園管理處 / c_id=151 (2級) 單日往返大霸線馬達拉溪登山口<自行車進,08 人數檢查teamscountchk,NULL
"第12,49列",S2c Fixedclimb 承載量與天數,雪霸國家公園管理處 / c_id=153 (4級) 中雪山、大雪山,01 假日承載量holidaynum,NULL
"第12,49列",S2c Fixedclimb 承載量與天數,雪霸國家公園管理處 / c_id=153 (4級) 中雪山、大雪山,02 平日承載量generalnum,NULL
"第12,49列",S2c Fixedclimb 承載量與天數,雪霸國家公園管理處 / c_id=153 (4級) 中雪山、大雪山,03 天數下限sumdaymin,2
"第12,49列",S2c Fixedclimb 承載量與天數,雪霸國家公園管理處 / c_id=153 (4級) 中雪山、大雪山,04 天數上限sumdaymax,4
"第12,49列",S2c Fixedclimb 承載量與天數,雪霸國家公園管理處 / c_id=153 (4級) 中雪山、大雪山,05 是否抽籤IsDraw,0
"第12,49列",S2c Fixedclimb 承載量與天數,雪霸國家公園管理處 / c_id=153 (4級) 中雪山、大雪山,06 許可證可印天數printdays,NULL
"第12,49列",S2c Fixedclimb 承載量與天數,雪霸國家公園管理處 / c_id=153 (4級) 中雪山、大雪山,07 是否雪季路線issnow,0
"第12,49列",S2c Fixedclimb 承載量與天數,雪霸國家公園管理處 / c_id=153 (4級) 中雪山、大雪山,08 人數檢查teamscountchk,NULL
"第12,49列",S2c Fixedclimb 承載量與天數,雪霸國家公園管理處 / c_id=155 (2級) 馬達拉溪登山口宿營地,01 假日承載量holidaynum,NULL
"第12,49列",S2c Fixedclimb 承載量與天數,雪霸國家公園管理處 / c_id=155 (2級) 馬達拉溪登山口宿營地,02 平日承載量generalnum,NULL
"第12,49列",S2c Fixedclimb 承載量與天數,雪霸國家公園管理處 / c_id=155 (2級) 馬達拉溪登山口宿營地,03 天數下限sumdaymin,2
"第12,49列",S2c Fixedclimb 承載量與天數,雪霸國家公園管理處 / c_id=155 (2級) 馬達拉溪登山口宿營地,04 天數上限sumdaymax,2
"第12,49列",S2c Fixedclimb 承載量與天數,雪霸國家公園管理處 / c_id=155 (2級) 馬達拉溪登山口宿營地,05 是否抽籤IsDraw,0
"第12,49列",S2c Fixedclimb 承載量與天數,雪霸國家公園管理處 / c_id=155 (2級) 馬達拉溪登山口宿營地,06 許可證可印天數printdays,NULL
"第12,49列",S2c Fixedclimb 承載量與天數,雪霸國家公園管理處 / c_id=155 (2級) 馬達拉溪登山口宿營地,07 是否雪季路線issnow,0
"第12,49列",S2c Fixedclimb 承載量與天數,雪霸國家公園管理處 / c_id=155 (2級) 馬達拉溪登山口宿營地,08 人數檢查teamscountchk,NULL
"第12,49列",S2c Fixedclimb 承載量與天數,雪霸國家公園管理處 / c_id=156 (4級) 秀霸線,01 假日承載量holidaynum,NULL
"第12,49列",S2c Fixedclimb 承載量與天數,雪霸國家公園管理處 / c_id=156 (4級) 秀霸線,02 平日承載量generalnum,NULL
"第12,49列",S2c Fixedclimb 承載量與天數,雪霸國家公園管理處 / c_id=156 (4級) 秀霸線,03 天數下限sumdaymin,3
"第12,49列",S2c Fixedclimb 承載量與天數,雪霸國家公園管理處 / c_id=156 (4級) 秀霸線,04 天數上限sumdaymax,5
"第12,49列",S2c Fixedclimb 承載量與天數,雪霸國家公園管理處 / c_id=156 (4級) 秀霸線,05 是否抽籤IsDraw,0
"第12,49列",S2c Fixedclimb 承載量與天數,雪霸國家公園管理處 / c_id=156 (4級) 秀霸線,06 許可證可印天數printdays,NULL
"第12,49列",S2c Fixedclimb 承載量與天數,雪霸國家公園管理處 / c_id=156 (4級) 秀霸線,07 是否雪季路線issnow,0
"第12,49列",S2c Fixedclimb 承載量與天數,雪霸國家公園管理處 / c_id=156 (4級) 秀霸線,08 人數檢查teamscountchk,NULL
"第12,49列",S2c Fixedclimb 承載量與天數,雪霸國家公園管理處 / c_id=16 (A級) 志佳陽大山(舊),01 假日承載量holidaynum,NULL
"第12,49列",S2c Fixedclimb 承載量與天數,雪霸國家公園管理處 / c_id=16 (A級) 志佳陽大山(舊),02 平日承載量generalnum,NULL
"第12,49列",S2c Fixedclimb 承載量與天數,雪霸國家公園管理處 / c_id=16 (A級) 志佳陽大山(舊),03 天數下限sumdaymin,1
"第12,49列",S2c Fixedclimb 承載量與天數,雪霸國家公園管理處 / c_id=16 (A級) 志佳陽大山(舊),04 天數上限sumdaymax,4
"第12,49列",S2c Fixedclimb 承載量與天數,雪霸國家公園管理處 / c_id=16 (A級) 志佳陽大山(舊),05 是否抽籤IsDraw,0
"第12,49列",S2c Fixedclimb 承載量與天數,雪霸國家公園管理處 / c_id=16 (A級) 志佳陽大山(舊),06 許可證可印天數printdays,5
"第12,49列",S2c Fixedclimb 承載量與天數,雪霸國家公園管理處 / c_id=16 (A級) 志佳陽大山(舊),07 是否雪季路線issnow,0
"第12,49列",S2c Fixedclimb 承載量與天數,雪霸國家公園管理處 / c_id=16 (A級) 志佳陽大山(舊),08 人數檢查teamscountchk,NULL
"第12,49列",S2c Fixedclimb 承載量與天數,雪霸國家公園管理處 / c_id=18 (B級) 志佳陽-雪山線(舊),01 假日承載量holidaynum,NULL
"第12,49列",S2c Fixedclimb 承載量與天數,雪霸國家公園管理處 / c_id=18 (B級) 志佳陽-雪山線(舊),02 平日承載量generalnum,NULL
"第12,49列",S2c Fixedclimb 承載量與天數,雪霸國家公園管理處 / c_id=18 (B級) 志佳陽-雪山線(舊),03 天數下限sumdaymin,2
"第12,49列",S2c Fixedclimb 承載量與天數,雪霸國家公園管理處 / c_id=18 (B級) 志佳陽-雪山線(舊),04 天數上限sumdaymax,10
"第12,49列",S2c Fixedclimb 承載量與天數,雪霸國家公園管理處 / c_id=18 (B級) 志佳陽-雪山線(舊),05 是否抽籤IsDraw,0
"第12,49列",S2c Fixedclimb 承載量與天數,雪霸國家公園管理處 / c_id=18 (B級) 志佳陽-雪山線(舊),06 許可證可印天數printdays,5
"第12,49列",S2c Fixedclimb 承載量與天數,雪霸國家公園管理處 / c_id=18 (B級) 志佳陽-雪山線(舊),07 是否雪季路線issnow,0
"第12,49列",S2c Fixedclimb 承載量與天數,雪霸國家公園管理處 / c_id=18 (B級) 志佳陽-雪山線(舊),08 人數檢查teamscountchk,NULL
"第12,49列",S2c Fixedclimb 承載量與天數,雪霸國家公園管理處 / c_id=19 (B級) 大小劍線,01 假日承載量holidaynum,NULL
"第12,49列",S2c Fixedclimb 承載量與天數,雪霸國家公園管理處 / c_id=19 (B級) 大小劍線,02 平日承載量generalnum,NULL
"第12,49列",S2c Fixedclimb 承載量與天數,雪霸國家公園管理處 / c_id=19 (B級) 大小劍線,03 天數下限sumdaymin,1
"第12,49列",S2c Fixedclimb 承載量與天數,雪霸國家公園管理處 / c_id=19 (B級) 大小劍線,04 天數上限sumdaymax,6
"第12,49列",S2c Fixedclimb 承載量與天數,雪霸國家公園管理處 / c_id=19 (B級) 大小劍線,05 是否抽籤IsDraw,0
"第12,49列",S2c Fixedclimb 承載量與天數,雪霸國家公園管理處 / c_id=19 (B級) 大小劍線,06 許可證可印天數printdays,5
"第12,49列",S2c Fixedclimb 承載量與天數,雪霸國家公園管理處 / c_id=19 (B級) 大小劍線,07 是否雪季路線issnow,0
"第12,49列",S2c Fixedclimb 承載量與天數,雪霸國家公園管理處 / c_id=19 (B級) 大小劍線,08 人數檢查teamscountchk,NULL
"第12,49列",S2c Fixedclimb 承載量與天數,雪霸國家公園管理處 / c_id=20 (C級) 雪劍線(舊),01 假日承載量holidaynum,NULL
"第12,49列",S2c Fixedclimb 承載量與天數,雪霸國家公園管理處 / c_id=20 (C級) 雪劍線(舊),02 平日承載量generalnum,NULL
"第12,49列",S2c Fixedclimb 承載量與天數,雪霸國家公園管理處 / c_id=20 (C級) 雪劍線(舊),03 天數下限sumdaymin,4
"第12,49列",S2c Fixedclimb 承載量與天數,雪霸國家公園管理處 / c_id=20 (C級) 雪劍線(舊),04 天數上限sumdaymax,10
"第12,49列",S2c Fixedclimb 承載量與天數,雪霸國家公園管理處 / c_id=20 (C級) 雪劍線(舊),05 是否抽籤IsDraw,0
"第12,49列",S2c Fixedclimb 承載量與天數,雪霸國家公園管理處 / c_id=20 (C級) 雪劍線(舊),06 許可證可印天數printdays,5
"第12,49列",S2c Fixedclimb 承載量與天數,雪霸國家公園管理處 / c_id=20 (C級) 雪劍線(舊),07 是否雪季路線issnow,0
"第12,49列",S2c Fixedclimb 承載量與天數,雪霸國家公園管理處 / c_id=20 (C級) 雪劍線(舊),08 人數檢查teamscountchk,NULL
"第12,49列",S2c Fixedclimb 承載量與天數,雪霸國家公園管理處 / c_id=36 (C級) 雪山西稜線(舊),01 假日承載量holidaynum,NULL
"第12,49列",S2c Fixedclimb 承載量與天數,雪霸國家公園管理處 / c_id=36 (C級) 雪山西稜線(舊),02 平日承載量generalnum,NULL
"第12,49列",S2c Fixedclimb 承載量與天數,雪霸國家公園管理處 / c_id=36 (C級) 雪山西稜線(舊),03 天數下限sumdaymin,5
"第12,49列",S2c Fixedclimb 承載量與天數,雪霸國家公園管理處 / c_id=36 (C級) 雪山西稜線(舊),04 天數上限sumdaymax,10
"第12,49列",S2c Fixedclimb 承載量與天數,雪霸國家公園管理處 / c_id=36 (C級) 雪山西稜線(舊),05 是否抽籤IsDraw,0
"第12,49列",S2c Fixedclimb 承載量與天數,雪霸國家公園管理處 / c_id=36 (C級) 雪山西稜線(舊),06 許可證可印天數printdays,5
"第12,49列",S2c Fixedclimb 承載量與天數,雪霸國家公園管理處 / c_id=36 (C級) 雪山西稜線(舊),07 是否雪季路線issnow,0
"第12,49列",S2c Fixedclimb 承載量與天數,雪霸國家公園管理處 / c_id=36 (C級) 雪山西稜線(舊),08 人數檢查teamscountchk,NULL
"第12,49列",S2c Fixedclimb 承載量與天數,雪霸國家公園管理處 / c_id=37 (B級) 武陵四秀線(舊),01 假日承載量holidaynum,NULL
"第12,49列",S2c Fixedclimb 承載量與天數,雪霸國家公園管理處 / c_id=37 (B級) 武陵四秀線(舊),02 平日承載量generalnum,NULL
"第12,49列",S2c Fixedclimb 承載量與天數,雪霸國家公園管理處 / c_id=37 (B級) 武陵四秀線(舊),03 天數下限sumdaymin,2
"第12,49列",S2c Fixedclimb 承載量與天數,雪霸國家公園管理處 / c_id=37 (B級) 武陵四秀線(舊),04 天數上限sumdaymax,10
"第12,49列",S2c Fixedclimb 承載量與天數,雪霸國家公園管理處 / c_id=37 (B級) 武陵四秀線(舊),05 是否抽籤IsDraw,0
"第12,49列",S2c Fixedclimb 承載量與天數,雪霸國家公園管理處 / c_id=37 (B級) 武陵四秀線(舊),06 許可證可印天數printdays,5
"第12,49列",S2c Fixedclimb 承載量與天數,雪霸國家公園管理處 / c_id=37 (B級) 武陵四秀線(舊),07 是否雪季路線issnow,0
"第12,49列",S2c Fixedclimb 承載量與天數,雪霸國家公園管理處 / c_id=37 (B級) 武陵四秀線(舊),08 人數檢查teamscountchk,NULL
"第12,49列",S2c Fixedclimb 承載量與天數,雪霸國家公園管理處 / c_id=42 (A級) 大霸線(舊),01 假日承載量holidaynum,NULL
"第12,49列",S2c Fixedclimb 承載量與天數,雪霸國家公園管理處 / c_id=42 (A級) 大霸線(舊),02 平日承載量generalnum,NULL
"第12,49列",S2c Fixedclimb 承載量與天數,雪霸國家公園管理處 / c_id=42 (A級) 大霸線(舊),03 天數下限sumdaymin,3
"第12,49列",S2c Fixedclimb 承載量與天數,雪霸國家公園管理處 / c_id=42 (A級) 大霸線(舊),04 天數上限sumdaymax,10
"第12,49列",S2c Fixedclimb 承載量與天數,雪霸國家公園管理處 / c_id=42 (A級) 大霸線(舊),05 是否抽籤IsDraw,0
"第12,49列",S2c Fixedclimb 承載量與天數,雪霸國家公園管理處 / c_id=42 (A級) 大霸線(舊),06 許可證可印天數printdays,5
"第12,49列",S2c Fixedclimb 承載量與天數,雪霸國家公園管理處 / c_id=42 (A級) 大霸線(舊),07 是否雪季路線issnow,0
"第12,49列",S2c Fixedclimb 承載量與天數,雪霸國家公園管理處 / c_id=42 (A級) 大霸線(舊),08 人數檢查teamscountchk,NULL
"第12,49列",S2c Fixedclimb 承載量與天數,雪霸國家公園管理處 / c_id=43 (B級) 大霸北稜線(舊),01 假日承載量holidaynum,NULL
"第12,49列",S2c Fixedclimb 承載量與天數,雪霸國家公園管理處 / c_id=43 (B級) 大霸北稜線(舊),02 平日承載量generalnum,NULL
"第12,49列",S2c Fixedclimb 承載量與天數,雪霸國家公園管理處 / c_id=43 (B級) 大霸北稜線(舊),03 天數下限sumdaymin,3
"第12,49列",S2c Fixedclimb 承載量與天數,雪霸國家公園管理處 / c_id=43 (B級) 大霸北稜線(舊),04 天數上限sumdaymax,6
"第12,49列",S2c Fixedclimb 承載量與天數,雪霸國家公園管理處 / c_id=43 (B級) 大霸北稜線(舊),05 是否抽籤IsDraw,0
"第12,49列",S2c Fixedclimb 承載量與天數,雪霸國家公園管理處 / c_id=43 (B級) 大霸北稜線(舊),06 許可證可印天數printdays,5
"第12,49列",S2c Fixedclimb 承載量與天數,雪霸國家公園管理處 / c_id=43 (B級) 大霸北稜線(舊),07 是否雪季路線issnow,0
"第12,49列",S2c Fixedclimb 承載量與天數,雪霸國家公園管理處 / c_id=43 (B級) 大霸北稜線(舊),08 人數檢查teamscountchk,NULL
"第12,49列",S2c Fixedclimb 承載量與天數,雪霸國家公園管理處 / c_id=44 (C+級) 聖稜線I型(舊),01 假日承載量holidaynum,NULL
"第12,49列",S2c Fixedclimb 承載量與天數,雪霸國家公園管理處 / c_id=44 (C+級) 聖稜線I型(舊),02 平日承載量generalnum,NULL
"第12,49列",S2c Fixedclimb 承載量與天數,雪霸國家公園管理處 / c_id=44 (C+級) 聖稜線I型(舊),03 天數下限sumdaymin,4
"第12,49列",S2c Fixedclimb 承載量與天數,雪霸國家公園管理處 / c_id=44 (C+級) 聖稜線I型(舊),04 天數上限sumdaymax,10
"第12,49列",S2c Fixedclimb 承載量與天數,雪霸國家公園管理處 / c_id=44 (C+級) 聖稜線I型(舊),05 是否抽籤IsDraw,0
"第12,49列",S2c Fixedclimb 承載量與天數,雪霸國家公園管理處 / c_id=44 (C+級) 聖稜線I型(舊),06 許可證可印天數printdays,5
"第12,49列",S2c Fixedclimb 承載量與天數,雪霸國家公園管理處 / c_id=44 (C+級) 聖稜線I型(舊),07 是否雪季路線issnow,0
"第12,49列",S2c Fixedclimb 承載量與天數,雪霸國家公園管理處 / c_id=44 (C+級) 聖稜線I型(舊),08 人數檢查teamscountchk,NULL
"第12,49列",S2c Fixedclimb 承載量與天數,雪霸國家公園管理處 / c_id=45 (C+級) 聖稜O型(舊),01 假日承載量holidaynum,NULL
"第12,49列",S2c Fixedclimb 承載量與天數,雪霸國家公園管理處 / c_id=45 (C+級) 聖稜O型(舊),02 平日承載量generalnum,NULL
"第12,49列",S2c Fixedclimb 承載量與天數,雪霸國家公園管理處 / c_id=45 (C+級) 聖稜O型(舊),03 天數下限sumdaymin,4
"第12,49列",S2c Fixedclimb 承載量與天數,雪霸國家公園管理處 / c_id=45 (C+級) 聖稜O型(舊),04 天數上限sumdaymax,10
"第12,49列",S2c Fixedclimb 承載量與天數,雪霸國家公園管理處 / c_id=45 (C+級) 聖稜O型(舊),05 是否抽籤IsDraw,0
"第12,49列",S2c Fixedclimb 承載量與天數,雪霸國家公園管理處 / c_id=45 (C+級) 聖稜O型(舊),06 許可證可印天數printdays,5
"第12,49列",S2c Fixedclimb 承載量與天數,雪霸國家公園管理處 / c_id=45 (C+級) 聖稜O型(舊),07 是否雪季路線issnow,0
"第12,49列",S2c Fixedclimb 承載量與天數,雪霸國家公園管理處 / c_id=45 (C+級) 聖稜O型(舊),08 人數檢查teamscountchk,NULL
"第12,49列",S2c Fixedclimb 承載量與天數,雪霸國家公園管理處 / c_id=46 (C+級) 聖稜Y型(舊),01 假日承載量holidaynum,NULL
"第12,49列",S2c Fixedclimb 承載量與天數,雪霸國家公園管理處 / c_id=46 (C+級) 聖稜Y型(舊),02 平日承載量generalnum,NULL
"第12,49列",S2c Fixedclimb 承載量與天數,雪霸國家公園管理處 / c_id=46 (C+級) 聖稜Y型(舊),03 天數下限sumdaymin,4
"第12,49列",S2c Fixedclimb 承載量與天數,雪霸國家公園管理處 / c_id=46 (C+級) 聖稜Y型(舊),04 天數上限sumdaymax,10
"第12,49列",S2c Fixedclimb 承載量與天數,雪霸國家公園管理處 / c_id=46 (C+級) 聖稜Y型(舊),05 是否抽籤IsDraw,0
"第12,49列",S2c Fixedclimb 承載量與天數,雪霸國家公園管理處 / c_id=46 (C+級) 聖稜Y型(舊),06 許可證可印天數printdays,5
"第12,49列",S2c Fixedclimb 承載量與天數,雪霸國家公園管理處 / c_id=46 (C+級) 聖稜Y型(舊),07 是否雪季路線issnow,0
"第12,49列",S2c Fixedclimb 承載量與天數,雪霸國家公園管理處 / c_id=46 (C+級) 聖稜Y型(舊),08 人數檢查teamscountchk,NULL
"第12,49列",S2c Fixedclimb 承載量與天數,雪霸國家公園管理處 / c_id=47 雪東線 (含翠池(B級)、雪山北峰(C級)),01 假日承載量holidaynum,NULL
"第12,49列",S2c Fixedclimb 承載量與天數,雪霸國家公園管理處 / c_id=47 雪東線 (含翠池(B級)、雪山北峰(C級)),02 平日承載量generalnum,NULL
"第12,49列",S2c Fixedclimb 承載量與天數,雪霸國家公園管理處 / c_id=47 雪東線 (含翠池(B級)、雪山北峰(C級)),03 天數下限sumdaymin,2
"第12,49列",S2c Fixedclimb 承載量與天數,雪霸國家公園管理處 / c_id=47 雪東線 (含翠池(B級)、雪山北峰(C級)),04 天數上限sumdaymax,10
"第12,49列",S2c Fixedclimb 承載量與天數,雪霸國家公園管理處 / c_id=47 雪東線 (含翠池(B級)、雪山北峰(C級)),05 是否抽籤IsDraw,0
"第12,49列",S2c Fixedclimb 承載量與天數,雪霸國家公園管理處 / c_id=47 雪東線 (含翠池(B級)、雪山北峰(C級)),06 許可證可印天數printdays,5
"第12,49列",S2c Fixedclimb 承載量與天數,雪霸國家公園管理處 / c_id=47 雪東線 (含翠池(B級)、雪山北峰(C級)),07 是否雪季路線issnow,0
"第12,49列",S2c Fixedclimb 承載量與天數,雪霸國家公園管理處 / c_id=47 雪東線 (含翠池(B級)、雪山北峰(C級)),08 人數檢查teamscountchk,NULL
"第12,49列",S2c Fixedclimb 承載量與天數,雪霸國家公園管理處 / c_id=48 (A級) 武陵三秀 (桃山、池有山、喀拉業山)(,01 假日承載量holidaynum,NULL
"第12,49列",S2c Fixedclimb 承載量與天數,雪霸國家公園管理處 / c_id=48 (A級) 武陵三秀 (桃山、池有山、喀拉業山)(,02 平日承載量generalnum,NULL
"第12,49列",S2c Fixedclimb 承載量與天數,雪霸國家公園管理處 / c_id=48 (A級) 武陵三秀 (桃山、池有山、喀拉業山)(,03 天數下限sumdaymin,2
"第12,49列",S2c Fixedclimb 承載量與天數,雪霸國家公園管理處 / c_id=48 (A級) 武陵三秀 (桃山、池有山、喀拉業山)(,04 天數上限sumdaymax,10
"第12,49列",S2c Fixedclimb 承載量與天數,雪霸國家公園管理處 / c_id=48 (A級) 武陵三秀 (桃山、池有山、喀拉業山)(,05 是否抽籤IsDraw,0
"第12,49列",S2c Fixedclimb 承載量與天數,雪霸國家公園管理處 / c_id=48 (A級) 武陵三秀 (桃山、池有山、喀拉業山)(,06 許可證可印天數printdays,5
"第12,49列",S2c Fixedclimb 承載量與天數,雪霸國家公園管理處 / c_id=48 (A級) 武陵三秀 (桃山、池有山、喀拉業山)(,07 是否雪季路線issnow,0
"第12,49列",S2c Fixedclimb 承載量與天數,雪霸國家公園管理處 / c_id=48 (A級) 武陵三秀 (桃山、池有山、喀拉業山)(,08 人數檢查teamscountchk,NULL
"第12,49列",S2c Fixedclimb 承載量與天數,雪霸國家公園管理處 / c_id=50 (B級) 秀霸線(舊),01 假日承載量holidaynum,NULL
"第12,49列",S2c Fixedclimb 承載量與天數,雪霸國家公園管理處 / c_id=50 (B級) 秀霸線(舊),02 平日承載量generalnum,NULL
"第12,49列",S2c Fixedclimb 承載量與天數,雪霸國家公園管理處 / c_id=50 (B級) 秀霸線(舊),03 天數下限sumdaymin,3
"第12,49列",S2c Fixedclimb 承載量與天數,雪霸國家公園管理處 / c_id=50 (B級) 秀霸線(舊),04 天數上限sumdaymax,10
"第12,49列",S2c Fixedclimb 承載量與天數,雪霸國家公園管理處 / c_id=50 (B級) 秀霸線(舊),05 是否抽籤IsDraw,0
"第12,49列",S2c Fixedclimb 承載量與天數,雪霸國家公園管理處 / c_id=50 (B級) 秀霸線(舊),06 許可證可印天數printdays,5
"第12,49列",S2c Fixedclimb 承載量與天數,雪霸國家公園管理處 / c_id=50 (B級) 秀霸線(舊),07 是否雪季路線issnow,0
"第12,49列",S2c Fixedclimb 承載量與天數,雪霸國家公園管理處 / c_id=50 (B級) 秀霸線(舊),08 人數檢查teamscountchk,NULL
"第12,49列",S2c Fixedclimb 承載量與天數,雪霸國家公園管理處 / c_id=66 (B級) 雪山主峰(單日往返)(舊),01 假日承載量holidaynum,NULL
"第12,49列",S2c Fixedclimb 承載量與天數,雪霸國家公園管理處 / c_id=66 (B級) 雪山主峰(單日往返)(舊),02 平日承載量generalnum,NULL
"第12,49列",S2c Fixedclimb 承載量與天數,雪霸國家公園管理處 / c_id=66 (B級) 雪山主峰(單日往返)(舊),03 天數下限sumdaymin,1
"第12,49列",S2c Fixedclimb 承載量與天數,雪霸國家公園管理處 / c_id=66 (B級) 雪山主峰(單日往返)(舊),04 天數上限sumdaymax,1
"第12,49列",S2c Fixedclimb 承載量與天數,雪霸國家公園管理處 / c_id=66 (B級) 雪山主峰(單日往返)(舊),05 是否抽籤IsDraw,0
"第12,49列",S2c Fixedclimb 承載量與天數,雪霸國家公園管理處 / c_id=66 (B級) 雪山主峰(單日往返)(舊),06 許可證可印天數printdays,5
"第12,49列",S2c Fixedclimb 承載量與天數,雪霸國家公園管理處 / c_id=66 (B級) 雪山主峰(單日往返)(舊),07 是否雪季路線issnow,0
"第12,49列",S2c Fixedclimb 承載量與天數,雪霸國家公園管理處 / c_id=66 (B級) 雪山主峰(單日往返)(舊),08 人數檢查teamscountchk,NULL
"第12,49列",S2c Fixedclimb 承載量與天數,雪霸國家公園管理處 / c_id=666 (6級)自訂路線(非傳統路線),01 假日承載量holidaynum,NULL
"第12,49列",S2c Fixedclimb 承載量與天數,雪霸國家公園管理處 / c_id=666 (6級)自訂路線(非傳統路線),02 平日承載量generalnum,NULL
"第12,49列",S2c Fixedclimb 承載量與天數,雪霸國家公園管理處 / c_id=666 (6級)自訂路線(非傳統路線),03 天數下限sumdaymin,1
"第12,49列",S2c Fixedclimb 承載量與天數,雪霸國家公園管理處 / c_id=666 (6級)自訂路線(非傳統路線),04 天數上限sumdaymax,20
"第12,49列",S2c Fixedclimb 承載量與天數,雪霸國家公園管理處 / c_id=666 (6級)自訂路線(非傳統路線),05 是否抽籤IsDraw,0
"第12,49列",S2c Fixedclimb 承載量與天數,雪霸國家公園管理處 / c_id=666 (6級)自訂路線(非傳統路線),06 許可證可印天數printdays,5
"第12,49列",S2c Fixedclimb 承載量與天數,雪霸國家公園管理處 / c_id=666 (6級)自訂路線(非傳統路線),07 是否雪季路線issnow,0
"第12,49列",S2c Fixedclimb 承載量與天數,雪霸國家公園管理處 / c_id=666 (6級)自訂路線(非傳統路線),08 人數檢查teamscountchk,NULL
"第12,49列",S2c Fixedclimb 承載量與天數,雪霸國家公園管理處 / c_id=67 (B級) 喀拉業山單日長程往返(舊),01 假日承載量holidaynum,NULL
"第12,49列",S2c Fixedclimb 承載量與天數,雪霸國家公園管理處 / c_id=67 (B級) 喀拉業山單日長程往返(舊),02 平日承載量generalnum,NULL
"第12,49列",S2c Fixedclimb 承載量與天數,雪霸國家公園管理處 / c_id=67 (B級) 喀拉業山單日長程往返(舊),03 天數下限sumdaymin,1
"第12,49列",S2c Fixedclimb 承載量與天數,雪霸國家公園管理處 / c_id=67 (B級) 喀拉業山單日長程往返(舊),04 天數上限sumdaymax,1
"第12,49列",S2c Fixedclimb 承載量與天數,雪霸國家公園管理處 / c_id=67 (B級) 喀拉業山單日長程往返(舊),05 是否抽籤IsDraw,0
"第12,49列",S2c Fixedclimb 承載量與天數,雪霸國家公園管理處 / c_id=67 (B級) 喀拉業山單日長程往返(舊),06 許可證可印天數printdays,5
"第12,49列",S2c Fixedclimb 承載量與天數,雪霸國家公園管理處 / c_id=67 (B級) 喀拉業山單日長程往返(舊),07 是否雪季路線issnow,0
"第12,49列",S2c Fixedclimb 承載量與天數,雪霸國家公園管理處 / c_id=67 (B級) 喀拉業山單日長程往返(舊),08 人數檢查teamscountchk,NULL
"第12,49列",S2c Fixedclimb 承載量與天數,雪霸國家公園管理處 / c_id=68 (A級) 武陵二秀 (桃山、池有山 ) 單日往返,01 假日承載量holidaynum,NULL
"第12,49列",S2c Fixedclimb 承載量與天數,雪霸國家公園管理處 / c_id=68 (A級) 武陵二秀 (桃山、池有山 ) 單日往返,02 平日承載量generalnum,NULL
"第12,49列",S2c Fixedclimb 承載量與天數,雪霸國家公園管理處 / c_id=68 (A級) 武陵二秀 (桃山、池有山 ) 單日往返,03 天數下限sumdaymin,1
"第12,49列",S2c Fixedclimb 承載量與天數,雪霸國家公園管理處 / c_id=68 (A級) 武陵二秀 (桃山、池有山 ) 單日往返,04 天數上限sumdaymax,1
"第12,49列",S2c Fixedclimb 承載量與天數,雪霸國家公園管理處 / c_id=68 (A級) 武陵二秀 (桃山、池有山 ) 單日往返,05 是否抽籤IsDraw,0
"第12,49列",S2c Fixedclimb 承載量與天數,雪霸國家公園管理處 / c_id=68 (A級) 武陵二秀 (桃山、池有山 ) 單日往返,06 許可證可印天數printdays,5
"第12,49列",S2c Fixedclimb 承載量與天數,雪霸國家公園管理處 / c_id=68 (A級) 武陵二秀 (桃山、池有山 ) 單日往返,07 是否雪季路線issnow,0
"第12,49列",S2c Fixedclimb 承載量與天數,雪霸國家公園管理處 / c_id=68 (A級) 武陵二秀 (桃山、池有山 ) 單日往返,08 人數檢查teamscountchk,NULL
"第12,49列",S2c Fixedclimb 承載量與天數,雪霸國家公園管理處 / c_id=74 (B級) 大劍線(舊),01 假日承載量holidaynum,NULL
"第12,49列",S2c Fixedclimb 承載量與天數,雪霸國家公園管理處 / c_id=74 (B級) 大劍線(舊),02 平日承載量generalnum,NULL
"第12,49列",S2c Fixedclimb 承載量與天數,雪霸國家公園管理處 / c_id=74 (B級) 大劍線(舊),03 天數下限sumdaymin,2
"第12,49列",S2c Fixedclimb 承載量與天數,雪霸國家公園管理處 / c_id=74 (B級) 大劍線(舊),04 天數上限sumdaymax,6
"第12,49列",S2c Fixedclimb 承載量與天數,雪霸國家公園管理處 / c_id=74 (B級) 大劍線(舊),05 是否抽籤IsDraw,0
"第12,49列",S2c Fixedclimb 承載量與天數,雪霸國家公園管理處 / c_id=74 (B級) 大劍線(舊),06 許可證可印天數printdays,5
"第12,49列",S2c Fixedclimb 承載量與天數,雪霸國家公園管理處 / c_id=74 (B級) 大劍線(舊),07 是否雪季路線issnow,0
"第12,49列",S2c Fixedclimb 承載量與天數,雪霸國家公園管理處 / c_id=74 (B級) 大劍線(舊),08 人數檢查teamscountchk,NULL
"第12,49列",S2c Fixedclimb 承載量與天數,雪霸國家公園管理處 / c_id=75 (C級) 大小劍線(舊),01 假日承載量holidaynum,NULL
"第12,49列",S2c Fixedclimb 承載量與天數,雪霸國家公園管理處 / c_id=75 (C級) 大小劍線(舊),02 平日承載量generalnum,NULL
"第12,49列",S2c Fixedclimb 承載量與天數,雪霸國家公園管理處 / c_id=75 (C級) 大小劍線(舊),03 天數下限sumdaymin,3
"第12,49列",S2c Fixedclimb 承載量與天數,雪霸國家公園管理處 / c_id=75 (C級) 大小劍線(舊),04 天數上限sumdaymax,10
"第12,49列",S2c Fixedclimb 承載量與天數,雪霸國家公園管理處 / c_id=75 (C級) 大小劍線(舊),05 是否抽籤IsDraw,0
"第12,49列",S2c Fixedclimb 承載量與天數,雪霸國家公園管理處 / c_id=75 (C級) 大小劍線(舊),06 許可證可印天數printdays,5
"第12,49列",S2c Fixedclimb 承載量與天數,雪霸國家公園管理處 / c_id=75 (C級) 大小劍線(舊),07 是否雪季路線issnow,0
"第12,49列",S2c Fixedclimb 承載量與天數,雪霸國家公園管理處 / c_id=75 (C級) 大小劍線(舊),08 人數檢查teamscountchk,NULL
"第12,49列",S2c Fixedclimb 承載量與天數,雪霸國家公園管理處 / c_id=77 (B級) 品田山單日長程往返(舊),01 假日承載量holidaynum,NULL
"第12,49列",S2c Fixedclimb 承載量與天數,雪霸國家公園管理處 / c_id=77 (B級) 品田山單日長程往返(舊),02 平日承載量generalnum,NULL
"第12,49列",S2c Fixedclimb 承載量與天數,雪霸國家公園管理處 / c_id=77 (B級) 品田山單日長程往返(舊),03 天數下限sumdaymin,1
"第12,49列",S2c Fixedclimb 承載量與天數,雪霸國家公園管理處 / c_id=77 (B級) 品田山單日長程往返(舊),04 天數上限sumdaymax,1
"第12,49列",S2c Fixedclimb 承載量與天數,雪霸國家公園管理處 / c_id=77 (B級) 品田山單日長程往返(舊),05 是否抽籤IsDraw,0
"第12,49列",S2c Fixedclimb 承載量與天數,雪霸國家公園管理處 / c_id=77 (B級) 品田山單日長程往返(舊),06 許可證可印天數printdays,5
"第12,49列",S2c Fixedclimb 承載量與天數,雪霸國家公園管理處 / c_id=77 (B級) 品田山單日長程往返(舊),07 是否雪季路線issnow,0
"第12,49列",S2c Fixedclimb 承載量與天數,雪霸國家公園管理處 / c_id=77 (B級) 品田山單日長程往返(舊),08 人數檢查teamscountchk,NULL
"第12,49列",S2c Fixedclimb 承載量與天數,雪霸國家公園管理處 / c_id=78 (C級) 志佳陽-雪山北峰線(舊),01 假日承載量holidaynum,NULL
"第12,49列",S2c Fixedclimb 承載量與天數,雪霸國家公園管理處 / c_id=78 (C級) 志佳陽-雪山北峰線(舊),02 平日承載量generalnum,NULL
"第12,49列",S2c Fixedclimb 承載量與天數,雪霸國家公園管理處 / c_id=78 (C級) 志佳陽-雪山北峰線(舊),03 天數下限sumdaymin,3
"第12,49列",S2c Fixedclimb 承載量與天數,雪霸國家公園管理處 / c_id=78 (C級) 志佳陽-雪山北峰線(舊),04 天數上限sumdaymax,10
"第12,49列",S2c Fixedclimb 承載量與天數,雪霸國家公園管理處 / c_id=78 (C級) 志佳陽-雪山北峰線(舊),05 是否抽籤IsDraw,0
"第12,49列",S2c Fixedclimb 承載量與天數,雪霸國家公園管理處 / c_id=78 (C級) 志佳陽-雪山北峰線(舊),06 許可證可印天數printdays,5
"第12,49列",S2c Fixedclimb 承載量與天數,雪霸國家公園管理處 / c_id=78 (C級) 志佳陽-雪山北峰線(舊),07 是否雪季路線issnow,0
"第12,49列",S2c Fixedclimb 承載量與天數,雪霸國家公園管理處 / c_id=78 (C級) 志佳陽-雪山北峰線(舊),08 人數檢查teamscountchk,NULL
"第12,49列",S2c Fixedclimb 承載量與天數,雪霸國家公園管理處 / c_id=79 (A級) 推論山單日往返(舊),01 假日承載量holidaynum,NULL
"第12,49列",S2c Fixedclimb 承載量與天數,雪霸國家公園管理處 / c_id=79 (A級) 推論山單日往返(舊),02 平日承載量generalnum,NULL
"第12,49列",S2c Fixedclimb 承載量與天數,雪霸國家公園管理處 / c_id=79 (A級) 推論山單日往返(舊),03 天數下限sumdaymin,1
"第12,49列",S2c Fixedclimb 承載量與天數,雪霸國家公園管理處 / c_id=79 (A級) 推論山單日往返(舊),04 天數上限sumdaymax,1
"第12,49列",S2c Fixedclimb 承載量與天數,雪霸國家公園管理處 / c_id=79 (A級) 推論山單日往返(舊),05 是否抽籤IsDraw,0
"第12,49列",S2c Fixedclimb 承載量與天數,雪霸國家公園管理處 / c_id=79 (A級) 推論山單日往返(舊),06 許可證可印天數printdays,5
"第12,49列",S2c Fixedclimb 承載量與天數,雪霸國家公園管理處 / c_id=79 (A級) 推論山單日往返(舊),07 是否雪季路線issnow,0
"第12,49列",S2c Fixedclimb 承載量與天數,雪霸國家公園管理處 / c_id=79 (A級) 推論山單日往返(舊),08 人數檢查teamscountchk,NULL
"第12,49列",S2c Fixedclimb 承載量與天數,雪霸國家公園管理處 / c_id=80 (C級) 大霸線(首日住宿中霸山屋)(舊),01 假日承載量holidaynum,NULL
"第12,49列",S2c Fixedclimb 承載量與天數,雪霸國家公園管理處 / c_id=80 (C級) 大霸線(首日住宿中霸山屋)(舊),02 平日承載量generalnum,NULL
"第12,49列",S2c Fixedclimb 承載量與天數,雪霸國家公園管理處 / c_id=80 (C級) 大霸線(首日住宿中霸山屋)(舊),03 天數下限sumdaymin,3
"第12,49列",S2c Fixedclimb 承載量與天數,雪霸國家公園管理處 / c_id=80 (C級) 大霸線(首日住宿中霸山屋)(舊),04 天數上限sumdaymax,10
"第12,49列",S2c Fixedclimb 承載量與天數,雪霸國家公園管理處 / c_id=80 (C級) 大霸線(首日住宿中霸山屋)(舊),05 是否抽籤IsDraw,0
"第12,49列",S2c Fixedclimb 承載量與天數,雪霸國家公園管理處 / c_id=80 (C級) 大霸線(首日住宿中霸山屋)(舊),06 許可證可印天數printdays,5
"第12,49列",S2c Fixedclimb 承載量與天數,雪霸國家公園管理處 / c_id=80 (C級) 大霸線(首日住宿中霸山屋)(舊),07 是否雪季路線issnow,0
"第12,49列",S2c Fixedclimb 承載量與天數,雪霸國家公園管理處 / c_id=80 (C級) 大霸線(首日住宿中霸山屋)(舊),08 人數檢查teamscountchk,NULL
"第12,49列",S2c Fixedclimb 承載量與天數,雪霸國家公園管理處 / c_id=83 雪地訓練申請案(舊),01 假日承載量holidaynum,NULL
"第12,49列",S2c Fixedclimb 承載量與天數,雪霸國家公園管理處 / c_id=83 雪地訓練申請案(舊),02 平日承載量generalnum,NULL
"第12,49列",S2c Fixedclimb 承載量與天數,雪霸國家公園管理處 / c_id=83 雪地訓練申請案(舊),03 天數下限sumdaymin,3
"第12,49列",S2c Fixedclimb 承載量與天數,雪霸國家公園管理處 / c_id=83 雪地訓練申請案(舊),04 天數上限sumdaymax,10
"第12,49列",S2c Fixedclimb 承載量與天數,雪霸國家公園管理處 / c_id=83 雪地訓練申請案(舊),05 是否抽籤IsDraw,0
"第12,49列",S2c Fixedclimb 承載量與天數,雪霸國家公園管理處 / c_id=83 雪地訓練申請案(舊),06 許可證可印天數printdays,5
"第12,49列",S2c Fixedclimb 承載量與天數,雪霸國家公園管理處 / c_id=83 雪地訓練申請案(舊),07 是否雪季路線issnow,1
"第12,49列",S2c Fixedclimb 承載量與天數,雪霸國家公園管理處 / c_id=83 雪地訓練申請案(舊),08 人數檢查teamscountchk,NULL
"第12,49列",S2c Fixedclimb 承載量與天數,雪霸國家公園管理處 / c_id=93 (C+級) 其他路線(舊),01 假日承載量holidaynum,NULL
"第12,49列",S2c Fixedclimb 承載量與天數,雪霸國家公園管理處 / c_id=93 (C+級) 其他路線(舊),02 平日承載量generalnum,NULL
"第12,49列",S2c Fixedclimb 承載量與天數,雪霸國家公園管理處 / c_id=93 (C+級) 其他路線(舊),03 天數下限sumdaymin,1
"第12,49列",S2c Fixedclimb 承載量與天數,雪霸國家公園管理處 / c_id=93 (C+級) 其他路線(舊),04 天數上限sumdaymax,20
"第12,49列",S2c Fixedclimb 承載量與天數,雪霸國家公園管理處 / c_id=93 (C+級) 其他路線(舊),05 是否抽籤IsDraw,0
"第12,49列",S2c Fixedclimb 承載量與天數,雪霸國家公園管理處 / c_id=93 (C+級) 其他路線(舊),06 許可證可印天數printdays,5
"第12,49列",S2c Fixedclimb 承載量與天數,雪霸國家公園管理處 / c_id=93 (C+級) 其他路線(舊),07 是否雪季路線issnow,0
"第12,49列",S2c Fixedclimb 承載量與天數,雪霸國家公園管理處 / c_id=93 (C+級) 其他路線(舊),08 人數檢查teamscountchk,NULL
"第12,49列",S2c Fixedclimb 承載量與天數,雪霸國家公園管理處 / c_id=94 (B級)翠池(舊),01 假日承載量holidaynum,NULL
"第12,49列",S2c Fixedclimb 承載量與天數,雪霸國家公園管理處 / c_id=94 (B級)翠池(舊),02 平日承載量generalnum,NULL
"第12,49列",S2c Fixedclimb 承載量與天數,雪霸國家公園管理處 / c_id=94 (B級)翠池(舊),03 天數下限sumdaymin,2
"第12,49列",S2c Fixedclimb 承載量與天數,雪霸國家公園管理處 / c_id=94 (B級)翠池(舊),04 天數上限sumdaymax,10
"第12,49列",S2c Fixedclimb 承載量與天數,雪霸國家公園管理處 / c_id=94 (B級)翠池(舊),05 是否抽籤IsDraw,0
"第12,49列",S2c Fixedclimb 承載量與天數,雪霸國家公園管理處 / c_id=94 (B級)翠池(舊),06 許可證可印天數printdays,5
"第12,49列",S2c Fixedclimb 承載量與天數,雪霸國家公園管理處 / c_id=94 (B級)翠池(舊),07 是否雪季路線issnow,0
"第12,49列",S2c Fixedclimb 承載量與天數,雪霸國家公園管理處 / c_id=94 (B級)翠池(舊),08 人數檢查teamscountchk,NULL
"第12,49列",S2c Fixedclimb 承載量與天數,雪霸國家公園管理處 / c_id=95 (C級)雪山北峰、翠池(舊),01 假日承載量holidaynum,NULL
"第12,49列",S2c Fixedclimb 承載量與天數,雪霸國家公園管理處 / c_id=95 (C級)雪山北峰、翠池(舊),02 平日承載量generalnum,NULL
"第12,49列",S2c Fixedclimb 承載量與天數,雪霸國家公園管理處 / c_id=95 (C級)雪山北峰、翠池(舊),03 天數下限sumdaymin,3
"第12,49列",S2c Fixedclimb 承載量與天數,雪霸國家公園管理處 / c_id=95 (C級)雪山北峰、翠池(舊),04 天數上限sumdaymax,10
"第12,49列",S2c Fixedclimb 承載量與天數,雪霸國家公園管理處 / c_id=95 (C級)雪山北峰、翠池(舊),05 是否抽籤IsDraw,0
"第12,49列",S2c Fixedclimb 承載量與天數,雪霸國家公園管理處 / c_id=95 (C級)雪山北峰、翠池(舊),06 許可證可印天數printdays,5
"第12,49列",S2c Fixedclimb 承載量與天數,雪霸國家公園管理處 / c_id=95 (C級)雪山北峰、翠池(舊),07 是否雪季路線issnow,0
"第12,49列",S2c Fixedclimb 承載量與天數,雪霸國家公園管理處 / c_id=95 (C級)雪山北峰、翠池(舊),08 人數檢查teamscountchk,NULL
"第12,49列",S2c Fixedclimb 承載量與天數,雪霸國家公園管理處 / c_id=96 (A級)  七卡、雪山東峰(單日往返)(舊),01 假日承載量holidaynum,NULL
"第12,49列",S2c Fixedclimb 承載量與天數,雪霸國家公園管理處 / c_id=96 (A級)  七卡、雪山東峰(單日往返)(舊),02 平日承載量generalnum,NULL
"第12,49列",S2c Fixedclimb 承載量與天數,雪霸國家公園管理處 / c_id=96 (A級)  七卡、雪山東峰(單日往返)(舊),03 天數下限sumdaymin,1
"第12,49列",S2c Fixedclimb 承載量與天數,雪霸國家公園管理處 / c_id=96 (A級)  七卡、雪山東峰(單日往返)(舊),04 天數上限sumdaymax,1
"第12,49列",S2c Fixedclimb 承載量與天數,雪霸國家公園管理處 / c_id=96 (A級)  七卡、雪山東峰(單日往返)(舊),05 是否抽籤IsDraw,0
"第12,49列",S2c Fixedclimb 承載量與天數,雪霸國家公園管理處 / c_id=96 (A級)  七卡、雪山東峰(單日往返)(舊),06 許可證可印天數printdays,5
"第12,49列",S2c Fixedclimb 承載量與天數,雪霸國家公園管理處 / c_id=96 (A級)  七卡、雪山東峰(單日往返)(舊),07 是否雪季路線issnow,0
"第12,49列",S2c Fixedclimb 承載量與天數,雪霸國家公園管理處 / c_id=96 (A級)  七卡、雪山東峰(單日往返)(舊),08 人數檢查teamscountchk,NULL
"第12,49列",S2c Fixedclimb 承載量與天數,雪霸國家公園管理處 / c_id=97 (3級)  七卡、雪山東峰單日往返,01 假日承載量holidaynum,NULL
"第12,49列",S2c Fixedclimb 承載量與天數,雪霸國家公園管理處 / c_id=97 (3級)  七卡、雪山東峰單日往返,02 平日承載量generalnum,NULL
"第12,49列",S2c Fixedclimb 承載量與天數,雪霸國家公園管理處 / c_id=97 (3級)  七卡、雪山東峰單日往返,03 天數下限sumdaymin,1
"第12,49列",S2c Fixedclimb 承載量與天數,雪霸國家公園管理處 / c_id=97 (3級)  七卡、雪山東峰單日往返,04 天數上限sumdaymax,1
"第12,49列",S2c Fixedclimb 承載量與天數,雪霸國家公園管理處 / c_id=97 (3級)  七卡、雪山東峰單日往返,05 是否抽籤IsDraw,0
"第12,49列",S2c Fixedclimb 承載量與天數,雪霸國家公園管理處 / c_id=97 (3級)  七卡、雪山東峰單日往返,06 許可證可印天數printdays,5
"第12,49列",S2c Fixedclimb 承載量與天數,雪霸國家公園管理處 / c_id=97 (3級)  七卡、雪山東峰單日往返,07 是否雪季路線issnow,0
"第12,49列",S2c Fixedclimb 承載量與天數,雪霸國家公園管理處 / c_id=97 (3級)  七卡、雪山東峰單日往返,08 人數檢查teamscountchk,NULL
"第12,49列",S2c Fixedclimb 承載量與天數,雪霸國家公園管理處 / c_id=98 (3級)  七卡、雪山東峰,01 假日承載量holidaynum,NULL
"第12,49列",S2c Fixedclimb 承載量與天數,雪霸國家公園管理處 / c_id=98 (3級)  七卡、雪山東峰,02 平日承載量generalnum,NULL
"第12,49列",S2c Fixedclimb 承載量與天數,雪霸國家公園管理處 / c_id=98 (3級)  七卡、雪山東峰,03 天數下限sumdaymin,2
"第12,49列",S2c Fixedclimb 承載量與天數,雪霸國家公園管理處 / c_id=98 (3級)  七卡、雪山東峰,04 天數上限sumdaymax,3
"第12,49列",S2c Fixedclimb 承載量與天數,雪霸國家公園管理處 / c_id=98 (3級)  七卡、雪山東峰,05 是否抽籤IsDraw,0
"第12,49列",S2c Fixedclimb 承載量與天數,雪霸國家公園管理處 / c_id=98 (3級)  七卡、雪山東峰,06 許可證可印天數printdays,5
"第12,49列",S2c Fixedclimb 承載量與天數,雪霸國家公園管理處 / c_id=98 (3級)  七卡、雪山東峰,07 是否雪季路線issnow,0
"第12,49列",S2c Fixedclimb 承載量與天數,雪霸國家公園管理處 / c_id=98 (3級)  七卡、雪山東峰,08 人數檢查teamscountchk,NULL
"第12,49列",S2c Fixedclimb 承載量與天數,雪霸國家公園管理處 / c_id=99 (3級) 雪山主峰(多日行程),01 假日承載量holidaynum,NULL
"第12,49列",S2c Fixedclimb 承載量與天數,雪霸國家公園管理處 / c_id=99 (3級) 雪山主峰(多日行程),02 平日承載量generalnum,NULL
"第12,49列",S2c Fixedclimb 承載量與天數,雪霸國家公園管理處 / c_id=99 (3級) 雪山主峰(多日行程),03 天數下限sumdaymin,2
"第12,49列",S2c Fixedclimb 承載量與天數,雪霸國家公園管理處 / c_id=99 (3級) 雪山主峰(多日行程),04 天數上限sumdaymax,4
"第12,49列",S2c Fixedclimb 承載量與天數,雪霸國家公園管理處 / c_id=99 (3級) 雪山主峰(多日行程),05 是否抽籤IsDraw,0
"第12,49列",S2c Fixedclimb 承載量與天數,雪霸國家公園管理處 / c_id=99 (3級) 雪山主峰(多日行程),06 許可證可印天數printdays,5
"第12,49列",S2c Fixedclimb 承載量與天數,雪霸國家公園管理處 / c_id=99 (3級) 雪山主峰(多日行程),07 是否雪季路線issnow,0
"第12,49列",S2c Fixedclimb 承載量與天數,雪霸國家公園管理處 / c_id=99 (3級) 雪山主峰(多日行程),08 人數檢查teamscountchk,NULL
"第12,49列",S2c Fixedclimb 承載量與天數,警政署入山 / c_id=157 入山證申請,01 假日承載量holidaynum,NULL
"第12,49列",S2c Fixedclimb 承載量與天數,警政署入山 / c_id=157 入山證申請,02 平日承載量generalnum,NULL
"第12,49列",S2c Fixedclimb 承載量與天數,警政署入山 / c_id=157 入山證申請,03 天數下限sumdaymin,1
"第12,49列",S2c Fixedclimb 承載量與天數,警政署入山 / c_id=157 入山證申請,04 天數上限sumdaymax,1
"第12,49列",S2c Fixedclimb 承載量與天數,警政署入山 / c_id=157 入山證申請,05 是否抽籤IsDraw,0
"第12,49列",S2c Fixedclimb 承載量與天數,警政署入山 / c_id=157 入山證申請,06 許可證可印天數printdays,NULL
"第12,49列",S2c Fixedclimb 承載量與天數,警政署入山 / c_id=157 入山證申請,07 是否雪季路線issnow,0
"第12,49列",S2c Fixedclimb 承載量與天數,警政署入山 / c_id=157 入山證申請,08 人數檢查teamscountchk,NULL
"第12,49列",S2c Fixedclimb 承載量與天數,警政署入山 / c_id=162 玉山八通關(嘉義縣-阿里山鄉),01 假日承載量holidaynum,NULL
"第12,49列",S2c Fixedclimb 承載量與天數,警政署入山 / c_id=162 玉山八通關(嘉義縣-阿里山鄉),02 平日承載量generalnum,NULL
"第12,49列",S2c Fixedclimb 承載量與天數,警政署入山 / c_id=162 玉山八通關(嘉義縣-阿里山鄉),03 天數下限sumdaymin,1
"第12,49列",S2c Fixedclimb 承載量與天數,警政署入山 / c_id=162 玉山八通關(嘉義縣-阿里山鄉),04 天數上限sumdaymax,1
"第12,49列",S2c Fixedclimb 承載量與天數,警政署入山 / c_id=162 玉山八通關(嘉義縣-阿里山鄉),05 是否抽籤IsDraw,0
"第12,49列",S2c Fixedclimb 承載量與天數,警政署入山 / c_id=162 玉山八通關(嘉義縣-阿里山鄉),06 許可證可印天數printdays,NULL
"第12,49列",S2c Fixedclimb 承載量與天數,警政署入山 / c_id=162 玉山八通關(嘉義縣-阿里山鄉),07 是否雪季路線issnow,0
"第12,49列",S2c Fixedclimb 承載量與天數,警政署入山 / c_id=162 玉山八通關(嘉義縣-阿里山鄉),08 人數檢查teamscountchk,NULL
"第12,49列",S2c Fixedclimb 承載量與天數,警政署入山 / c_id=163 玉山八通關(南投縣-信義鄉),01 假日承載量holidaynum,NULL
"第12,49列",S2c Fixedclimb 承載量與天數,警政署入山 / c_id=163 玉山八通關(南投縣-信義鄉),02 平日承載量generalnum,NULL
"第12,49列",S2c Fixedclimb 承載量與天數,警政署入山 / c_id=163 玉山八通關(南投縣-信義鄉),03 天數下限sumdaymin,1
"第12,49列",S2c Fixedclimb 承載量與天數,警政署入山 / c_id=163 玉山八通關(南投縣-信義鄉),04 天數上限sumdaymax,1
"第12,49列",S2c Fixedclimb 承載量與天數,警政署入山 / c_id=163 玉山八通關(南投縣-信義鄉),05 是否抽籤IsDraw,0
"第12,49列",S2c Fixedclimb 承載量與天數,警政署入山 / c_id=163 玉山八通關(南投縣-信義鄉),06 許可證可印天數printdays,NULL
"第12,49列",S2c Fixedclimb 承載量與天數,警政署入山 / c_id=163 玉山八通關(南投縣-信義鄉),07 是否雪季路線issnow,0
"第12,49列",S2c Fixedclimb 承載量與天數,警政署入山 / c_id=163 玉山八通關(南投縣-信義鄉),08 人數檢查teamscountchk,NULL
"第12,49列",S2c Fixedclimb 承載量與天數,警政署入山 / c_id=164 玉山主東峰(嘉義縣-阿里山鄉),01 假日承載量holidaynum,NULL
"第12,49列",S2c Fixedclimb 承載量與天數,警政署入山 / c_id=164 玉山主東峰(嘉義縣-阿里山鄉),02 平日承載量generalnum,NULL
"第12,49列",S2c Fixedclimb 承載量與天數,警政署入山 / c_id=164 玉山主東峰(嘉義縣-阿里山鄉),03 天數下限sumdaymin,1
"第12,49列",S2c Fixedclimb 承載量與天數,警政署入山 / c_id=164 玉山主東峰(嘉義縣-阿里山鄉),04 天數上限sumdaymax,1
"第12,49列",S2c Fixedclimb 承載量與天數,警政署入山 / c_id=164 玉山主東峰(嘉義縣-阿里山鄉),05 是否抽籤IsDraw,0
"第12,49列",S2c Fixedclimb 承載量與天數,警政署入山 / c_id=164 玉山主東峰(嘉義縣-阿里山鄉),06 許可證可印天數printdays,NULL
"第12,49列",S2c Fixedclimb 承載量與天數,警政署入山 / c_id=164 玉山主東峰(嘉義縣-阿里山鄉),07 是否雪季路線issnow,0
"第12,49列",S2c Fixedclimb 承載量與天數,警政署入山 / c_id=164 玉山主東峰(嘉義縣-阿里山鄉),08 人數檢查teamscountchk,NULL
"第12,49列",S2c Fixedclimb 承載量與天數,警政署入山 / c_id=165 玉山主東峰(南投縣-信義鄉),01 假日承載量holidaynum,NULL
"第12,49列",S2c Fixedclimb 承載量與天數,警政署入山 / c_id=165 玉山主東峰(南投縣-信義鄉),02 平日承載量generalnum,NULL
"第12,49列",S2c Fixedclimb 承載量與天數,警政署入山 / c_id=165 玉山主東峰(南投縣-信義鄉),03 天數下限sumdaymin,1
"第12,49列",S2c Fixedclimb 承載量與天數,警政署入山 / c_id=165 玉山主東峰(南投縣-信義鄉),04 天數上限sumdaymax,1
"第12,49列",S2c Fixedclimb 承載量與天數,警政署入山 / c_id=165 玉山主東峰(南投縣-信義鄉),05 是否抽籤IsDraw,0
"第12,49列",S2c Fixedclimb 承載量與天數,警政署入山 / c_id=165 玉山主東峰(南投縣-信義鄉),06 許可證可印天數printdays,NULL
"第12,49列",S2c Fixedclimb 承載量與天數,警政署入山 / c_id=165 玉山主東峰(南投縣-信義鄉),07 是否雪季路線issnow,0
"第12,49列",S2c Fixedclimb 承載量與天數,警政署入山 / c_id=165 玉山主東峰(南投縣-信義鄉),08 人數檢查teamscountchk,NULL
"第12,49列",S2c Fixedclimb 承載量與天數,警政署入山 / c_id=166 玉山群峰(嘉義縣-阿里山鄉),01 假日承載量holidaynum,NULL
"第12,49列",S2c Fixedclimb 承載量與天數,警政署入山 / c_id=166 玉山群峰(嘉義縣-阿里山鄉),02 平日承載量generalnum,NULL
"第12,49列",S2c Fixedclimb 承載量與天數,警政署入山 / c_id=166 玉山群峰(嘉義縣-阿里山鄉),03 天數下限sumdaymin,1
"第12,49列",S2c Fixedclimb 承載量與天數,警政署入山 / c_id=166 玉山群峰(嘉義縣-阿里山鄉),04 天數上限sumdaymax,1
"第12,49列",S2c Fixedclimb 承載量與天數,警政署入山 / c_id=166 玉山群峰(嘉義縣-阿里山鄉),05 是否抽籤IsDraw,0
"第12,49列",S2c Fixedclimb 承載量與天數,警政署入山 / c_id=166 玉山群峰(嘉義縣-阿里山鄉),06 許可證可印天數printdays,NULL
"第12,49列",S2c Fixedclimb 承載量與天數,警政署入山 / c_id=166 玉山群峰(嘉義縣-阿里山鄉),07 是否雪季路線issnow,0
"第12,49列",S2c Fixedclimb 承載量與天數,警政署入山 / c_id=166 玉山群峰(嘉義縣-阿里山鄉),08 人數檢查teamscountchk,NULL
"第12,49列",S2c Fixedclimb 承載量與天數,警政署入山 / c_id=167 玉山群峰(南投縣-信義鄉),01 假日承載量holidaynum,NULL
"第12,49列",S2c Fixedclimb 承載量與天數,警政署入山 / c_id=167 玉山群峰(南投縣-信義鄉),02 平日承載量generalnum,NULL
"第12,49列",S2c Fixedclimb 承載量與天數,警政署入山 / c_id=167 玉山群峰(南投縣-信義鄉),03 天數下限sumdaymin,1
"第12,49列",S2c Fixedclimb 承載量與天數,警政署入山 / c_id=167 玉山群峰(南投縣-信義鄉),04 天數上限sumdaymax,1
"第12,49列",S2c Fixedclimb 承載量與天數,警政署入山 / c_id=167 玉山群峰(南投縣-信義鄉),05 是否抽籤IsDraw,0
"第12,49列",S2c Fixedclimb 承載量與天數,警政署入山 / c_id=167 玉山群峰(南投縣-信義鄉),06 許可證可印天數printdays,NULL
"第12,49列",S2c Fixedclimb 承載量與天數,警政署入山 / c_id=167 玉山群峰(南投縣-信義鄉),07 是否雪季路線issnow,0
"第12,49列",S2c Fixedclimb 承載量與天數,警政署入山 / c_id=167 玉山群峰(南投縣-信義鄉),08 人數檢查teamscountchk,NULL
"第12,49列",S2c Fixedclimb 承載量與天數,警政署入山 / c_id=168 玉山群峰(高雄市-桃源區),01 假日承載量holidaynum,NULL
"第12,49列",S2c Fixedclimb 承載量與天數,警政署入山 / c_id=168 玉山群峰(高雄市-桃源區),02 平日承載量generalnum,NULL
"第12,49列",S2c Fixedclimb 承載量與天數,警政署入山 / c_id=168 玉山群峰(高雄市-桃源區),03 天數下限sumdaymin,1
"第12,49列",S2c Fixedclimb 承載量與天數,警政署入山 / c_id=168 玉山群峰(高雄市-桃源區),04 天數上限sumdaymax,1
"第12,49列",S2c Fixedclimb 承載量與天數,警政署入山 / c_id=168 玉山群峰(高雄市-桃源區),05 是否抽籤IsDraw,0
"第12,49列",S2c Fixedclimb 承載量與天數,警政署入山 / c_id=168 玉山群峰(高雄市-桃源區),06 許可證可印天數printdays,NULL
"第12,49列",S2c Fixedclimb 承載量與天數,警政署入山 / c_id=168 玉山群峰(高雄市-桃源區),07 是否雪季路線issnow,0
"第12,49列",S2c Fixedclimb 承載量與天數,警政署入山 / c_id=168 玉山群峰(高雄市-桃源區),08 人數檢查teamscountchk,NULL
"第12,49列",S2c Fixedclimb 承載量與天數,警政署入山 / c_id=169 玉山後四峰(嘉義縣-阿里山鄉),01 假日承載量holidaynum,NULL
"第12,49列",S2c Fixedclimb 承載量與天數,警政署入山 / c_id=169 玉山後四峰(嘉義縣-阿里山鄉),02 平日承載量generalnum,NULL
"第12,49列",S2c Fixedclimb 承載量與天數,警政署入山 / c_id=169 玉山後四峰(嘉義縣-阿里山鄉),03 天數下限sumdaymin,1
"第12,49列",S2c Fixedclimb 承載量與天數,警政署入山 / c_id=169 玉山後四峰(嘉義縣-阿里山鄉),04 天數上限sumdaymax,1
"第12,49列",S2c Fixedclimb 承載量與天數,警政署入山 / c_id=169 玉山後四峰(嘉義縣-阿里山鄉),05 是否抽籤IsDraw,0
"第12,49列",S2c Fixedclimb 承載量與天數,警政署入山 / c_id=169 玉山後四峰(嘉義縣-阿里山鄉),06 許可證可印天數printdays,NULL
"第12,49列",S2c Fixedclimb 承載量與天數,警政署入山 / c_id=169 玉山後四峰(嘉義縣-阿里山鄉),07 是否雪季路線issnow,0
"第12,49列",S2c Fixedclimb 承載量與天數,警政署入山 / c_id=169 玉山後四峰(嘉義縣-阿里山鄉),08 人數檢查teamscountchk,NULL
"第12,49列",S2c Fixedclimb 承載量與天數,警政署入山 / c_id=170 玉山後四峰(高雄市-桃源區),01 假日承載量holidaynum,NULL
"第12,49列",S2c Fixedclimb 承載量與天數,警政署入山 / c_id=170 玉山後四峰(高雄市-桃源區),02 平日承載量generalnum,NULL
"第12,49列",S2c Fixedclimb 承載量與天數,警政署入山 / c_id=170 玉山後四峰(高雄市-桃源區),03 天數下限sumdaymin,1
"第12,49列",S2c Fixedclimb 承載量與天數,警政署入山 / c_id=170 玉山後四峰(高雄市-桃源區),04 天數上限sumdaymax,1
"第12,49列",S2c Fixedclimb 承載量與天數,警政署入山 / c_id=170 玉山後四峰(高雄市-桃源區),05 是否抽籤IsDraw,0
"第12,49列",S2c Fixedclimb 承載量與天數,警政署入山 / c_id=170 玉山後四峰(高雄市-桃源區),06 許可證可印天數printdays,NULL
"第12,49列",S2c Fixedclimb 承載量與天數,警政署入山 / c_id=170 玉山後四峰(高雄市-桃源區),07 是否雪季路線issnow,0
"第12,49列",S2c Fixedclimb 承載量與天數,警政署入山 / c_id=170 玉山後四峰(高雄市-桃源區),08 人數檢查teamscountchk,NULL
"第12,49列",S2c Fixedclimb 承載量與天數,警政署入山 / c_id=171 玉山後五峰(高雄市-桃源區),01 假日承載量holidaynum,NULL
"第12,49列",S2c Fixedclimb 承載量與天數,警政署入山 / c_id=171 玉山後五峰(高雄市-桃源區),02 平日承載量generalnum,NULL
"第12,49列",S2c Fixedclimb 承載量與天數,警政署入山 / c_id=171 玉山後五峰(高雄市-桃源區),03 天數下限sumdaymin,1
"第12,49列",S2c Fixedclimb 承載量與天數,警政署入山 / c_id=171 玉山後五峰(高雄市-桃源區),04 天數上限sumdaymax,1
"第12,49列",S2c Fixedclimb 承載量與天數,警政署入山 / c_id=171 玉山後五峰(高雄市-桃源區),05 是否抽籤IsDraw,0
"第12,49列",S2c Fixedclimb 承載量與天數,警政署入山 / c_id=171 玉山後五峰(高雄市-桃源區),06 許可證可印天數printdays,NULL
"第12,49列",S2c Fixedclimb 承載量與天數,警政署入山 / c_id=171 玉山後五峰(高雄市-桃源區),07 是否雪季路線issnow,0
"第12,49列",S2c Fixedclimb 承載量與天數,警政署入山 / c_id=171 玉山後五峰(高雄市-桃源區),08 人數檢查teamscountchk,NULL
"第12,49列",S2c Fixedclimb 承載量與天數,警政署入山 / c_id=172 玉山主南峰(嘉義縣-阿里山鄉),01 假日承載量holidaynum,NULL
"第12,49列",S2c Fixedclimb 承載量與天數,警政署入山 / c_id=172 玉山主南峰(嘉義縣-阿里山鄉),02 平日承載量generalnum,NULL
"第12,49列",S2c Fixedclimb 承載量與天數,警政署入山 / c_id=172 玉山主南峰(嘉義縣-阿里山鄉),03 天數下限sumdaymin,1
"第12,49列",S2c Fixedclimb 承載量與天數,警政署入山 / c_id=172 玉山主南峰(嘉義縣-阿里山鄉),04 天數上限sumdaymax,1
"第12,49列",S2c Fixedclimb 承載量與天數,警政署入山 / c_id=172 玉山主南峰(嘉義縣-阿里山鄉),05 是否抽籤IsDraw,0
"第12,49列",S2c Fixedclimb 承載量與天數,警政署入山 / c_id=172 玉山主南峰(嘉義縣-阿里山鄉),06 許可證可印天數printdays,NULL
"第12,49列",S2c Fixedclimb 承載量與天數,警政署入山 / c_id=172 玉山主南峰(嘉義縣-阿里山鄉),07 是否雪季路線issnow,0
"第12,49列",S2c Fixedclimb 承載量與天數,警政署入山 / c_id=172 玉山主南峰(嘉義縣-阿里山鄉),08 人數檢查teamscountchk,NULL
"第12,49列",S2c Fixedclimb 承載量與天數,警政署入山 / c_id=173 玉山主南峰(高雄市-桃源區),01 假日承載量holidaynum,NULL
"第12,49列",S2c Fixedclimb 承載量與天數,警政署入山 / c_id=173 玉山主南峰(高雄市-桃源區),02 平日承載量generalnum,NULL
"第12,49列",S2c Fixedclimb 承載量與天數,警政署入山 / c_id=173 玉山主南峰(高雄市-桃源區),03 天數下限sumdaymin,1
"第12,49列",S2c Fixedclimb 承載量與天數,警政署入山 / c_id=173 玉山主南峰(高雄市-桃源區),04 天數上限sumdaymax,1
"第12,49列",S2c Fixedclimb 承載量與天數,警政署入山 / c_id=173 玉山主南峰(高雄市-桃源區),05 是否抽籤IsDraw,0
"第12,49列",S2c Fixedclimb 承載量與天數,警政署入山 / c_id=173 玉山主南峰(高雄市-桃源區),06 許可證可印天數printdays,NULL
"第12,49列",S2c Fixedclimb 承載量與天數,警政署入山 / c_id=173 玉山主南峰(高雄市-桃源區),07 是否雪季路線issnow,0
"第12,49列",S2c Fixedclimb 承載量與天數,警政署入山 / c_id=173 玉山主南峰(高雄市-桃源區),08 人數檢查teamscountchk,NULL
"第12,49列",S2c Fixedclimb 承載量與天數,警政署入山 / c_id=174 玉山主峰圓峰(嘉義縣-阿里山鄉),01 假日承載量holidaynum,NULL
"第12,49列",S2c Fixedclimb 承載量與天數,警政署入山 / c_id=174 玉山主峰圓峰(嘉義縣-阿里山鄉),02 平日承載量generalnum,NULL
"第12,49列",S2c Fixedclimb 承載量與天數,警政署入山 / c_id=174 玉山主峰圓峰(嘉義縣-阿里山鄉),03 天數下限sumdaymin,1
"第12,49列",S2c Fixedclimb 承載量與天數,警政署入山 / c_id=174 玉山主峰圓峰(嘉義縣-阿里山鄉),04 天數上限sumdaymax,1
"第12,49列",S2c Fixedclimb 承載量與天數,警政署入山 / c_id=174 玉山主峰圓峰(嘉義縣-阿里山鄉),05 是否抽籤IsDraw,0
"第12,49列",S2c Fixedclimb 承載量與天數,警政署入山 / c_id=174 玉山主峰圓峰(嘉義縣-阿里山鄉),06 許可證可印天數printdays,NULL
"第12,49列",S2c Fixedclimb 承載量與天數,警政署入山 / c_id=174 玉山主峰圓峰(嘉義縣-阿里山鄉),07 是否雪季路線issnow,0
"第12,49列",S2c Fixedclimb 承載量與天數,警政署入山 / c_id=174 玉山主峰圓峰(嘉義縣-阿里山鄉),08 人數檢查teamscountchk,NULL
"第12,49列",S2c Fixedclimb 承載量與天數,警政署入山 / c_id=175 玉山主峰圓峰(高雄市-桃源區),01 假日承載量holidaynum,NULL
"第12,49列",S2c Fixedclimb 承載量與天數,警政署入山 / c_id=175 玉山主峰圓峰(高雄市-桃源區),02 平日承載量generalnum,NULL
"第12,49列",S2c Fixedclimb 承載量與天數,警政署入山 / c_id=175 玉山主峰圓峰(高雄市-桃源區),03 天數下限sumdaymin,1
"第12,49列",S2c Fixedclimb 承載量與天數,警政署入山 / c_id=175 玉山主峰圓峰(高雄市-桃源區),04 天數上限sumdaymax,1
"第12,49列",S2c Fixedclimb 承載量與天數,警政署入山 / c_id=175 玉山主峰圓峰(高雄市-桃源區),05 是否抽籤IsDraw,0
"第12,49列",S2c Fixedclimb 承載量與天數,警政署入山 / c_id=175 玉山主峰圓峰(高雄市-桃源區),06 許可證可印天數printdays,NULL
"第12,49列",S2c Fixedclimb 承載量與天數,警政署入山 / c_id=175 玉山主峰圓峰(高雄市-桃源區),07 是否雪季路線issnow,0
"第12,49列",S2c Fixedclimb 承載量與天數,警政署入山 / c_id=175 玉山主峰圓峰(高雄市-桃源區),08 人數檢查teamscountchk,NULL
"第12,49列",S2c Fixedclimb 承載量與天數,警政署入山 / c_id=176 楠梓仙溪(嘉義縣-阿里山鄉),01 假日承載量holidaynum,NULL
"第12,49列",S2c Fixedclimb 承載量與天數,警政署入山 / c_id=176 楠梓仙溪(嘉義縣-阿里山鄉),02 平日承載量generalnum,NULL
"第12,49列",S2c Fixedclimb 承載量與天數,警政署入山 / c_id=176 楠梓仙溪(嘉義縣-阿里山鄉),03 天數下限sumdaymin,1
"第12,49列",S2c Fixedclimb 承載量與天數,警政署入山 / c_id=176 楠梓仙溪(嘉義縣-阿里山鄉),04 天數上限sumdaymax,1
"第12,49列",S2c Fixedclimb 承載量與天數,警政署入山 / c_id=176 楠梓仙溪(嘉義縣-阿里山鄉),05 是否抽籤IsDraw,0
"第12,49列",S2c Fixedclimb 承載量與天數,警政署入山 / c_id=176 楠梓仙溪(嘉義縣-阿里山鄉),06 許可證可印天數printdays,NULL
"第12,49列",S2c Fixedclimb 承載量與天數,警政署入山 / c_id=176 楠梓仙溪(嘉義縣-阿里山鄉),07 是否雪季路線issnow,0
"第12,49列",S2c Fixedclimb 承載量與天數,警政署入山 / c_id=176 楠梓仙溪(嘉義縣-阿里山鄉),08 人數檢查teamscountchk,NULL
"第12,49列",S2c Fixedclimb 承載量與天數,警政署入山 / c_id=177 楠梓仙溪(高雄市-桃源區),01 假日承載量holidaynum,NULL
"第12,49列",S2c Fixedclimb 承載量與天數,警政署入山 / c_id=177 楠梓仙溪(高雄市-桃源區),02 平日承載量generalnum,NULL
"第12,49列",S2c Fixedclimb 承載量與天數,警政署入山 / c_id=177 楠梓仙溪(高雄市-桃源區),03 天數下限sumdaymin,1
"第12,49列",S2c Fixedclimb 承載量與天數,警政署入山 / c_id=177 楠梓仙溪(高雄市-桃源區),04 天數上限sumdaymax,1
"第12,49列",S2c Fixedclimb 承載量與天數,警政署入山 / c_id=177 楠梓仙溪(高雄市-桃源區),05 是否抽籤IsDraw,0
"第12,49列",S2c Fixedclimb 承載量與天數,警政署入山 / c_id=177 楠梓仙溪(高雄市-桃源區),06 許可證可印天數printdays,NULL
"第12,49列",S2c Fixedclimb 承載量與天數,警政署入山 / c_id=177 楠梓仙溪(高雄市-桃源區),07 是否雪季路線issnow,0
"第12,49列",S2c Fixedclimb 承載量與天數,警政署入山 / c_id=177 楠梓仙溪(高雄市-桃源區),08 人數檢查teamscountchk,NULL
"第12,49列",S2c Fixedclimb 承載量與天數,警政署入山 / c_id=178 哈盆越嶺(宜蘭縣-大同鄉),01 假日承載量holidaynum,NULL
"第12,49列",S2c Fixedclimb 承載量與天數,警政署入山 / c_id=178 哈盆越嶺(宜蘭縣-大同鄉),02 平日承載量generalnum,NULL
"第12,49列",S2c Fixedclimb 承載量與天數,警政署入山 / c_id=178 哈盆越嶺(宜蘭縣-大同鄉),03 天數下限sumdaymin,1
"第12,49列",S2c Fixedclimb 承載量與天數,警政署入山 / c_id=178 哈盆越嶺(宜蘭縣-大同鄉),04 天數上限sumdaymax,1
"第12,49列",S2c Fixedclimb 承載量與天數,警政署入山 / c_id=178 哈盆越嶺(宜蘭縣-大同鄉),05 是否抽籤IsDraw,0
"第12,49列",S2c Fixedclimb 承載量與天數,警政署入山 / c_id=178 哈盆越嶺(宜蘭縣-大同鄉),06 許可證可印天數printdays,NULL
"第12,49列",S2c Fixedclimb 承載量與天數,警政署入山 / c_id=178 哈盆越嶺(宜蘭縣-大同鄉),07 是否雪季路線issnow,0
"第12,49列",S2c Fixedclimb 承載量與天數,警政署入山 / c_id=178 哈盆越嶺(宜蘭縣-大同鄉),08 人數檢查teamscountchk,NULL
"第12,49列",S2c Fixedclimb 承載量與天數,警政署入山 / c_id=179 七彩湖(南投縣-信義鄉),01 假日承載量holidaynum,NULL
"第12,49列",S2c Fixedclimb 承載量與天數,警政署入山 / c_id=179 七彩湖(南投縣-信義鄉),02 平日承載量generalnum,NULL
"第12,49列",S2c Fixedclimb 承載量與天數,警政署入山 / c_id=179 七彩湖(南投縣-信義鄉),03 天數下限sumdaymin,1
"第12,49列",S2c Fixedclimb 承載量與天數,警政署入山 / c_id=179 七彩湖(南投縣-信義鄉),04 天數上限sumdaymax,1
"第12,49列",S2c Fixedclimb 承載量與天數,警政署入山 / c_id=179 七彩湖(南投縣-信義鄉),05 是否抽籤IsDraw,0
"第12,49列",S2c Fixedclimb 承載量與天數,警政署入山 / c_id=179 七彩湖(南投縣-信義鄉),06 許可證可印天數printdays,NULL
"第12,49列",S2c Fixedclimb 承載量與天數,警政署入山 / c_id=179 七彩湖(南投縣-信義鄉),07 是否雪季路線issnow,0
"第12,49列",S2c Fixedclimb 承載量與天數,警政署入山 / c_id=179 七彩湖(南投縣-信義鄉),08 人數檢查teamscountchk,NULL
"第12,49列",S2c Fixedclimb 承載量與天數,警政署入山 / c_id=180 七彩湖(花蓮縣-萬榮鄉),01 假日承載量holidaynum,NULL
"第12,49列",S2c Fixedclimb 承載量與天數,警政署入山 / c_id=180 七彩湖(花蓮縣-萬榮鄉),02 平日承載量generalnum,NULL
"第12,49列",S2c Fixedclimb 承載量與天數,警政署入山 / c_id=180 七彩湖(花蓮縣-萬榮鄉),03 天數下限sumdaymin,1
"第12,49列",S2c Fixedclimb 承載量與天數,警政署入山 / c_id=180 七彩湖(花蓮縣-萬榮鄉),04 天數上限sumdaymax,1
"第12,49列",S2c Fixedclimb 承載量與天數,警政署入山 / c_id=180 七彩湖(花蓮縣-萬榮鄉),05 是否抽籤IsDraw,0
"第12,49列",S2c Fixedclimb 承載量與天數,警政署入山 / c_id=180 七彩湖(花蓮縣-萬榮鄉),06 許可證可印天數printdays,NULL
"第12,49列",S2c Fixedclimb 承載量與天數,警政署入山 / c_id=180 七彩湖(花蓮縣-萬榮鄉),07 是否雪季路線issnow,0
"第12,49列",S2c Fixedclimb 承載量與天數,警政署入山 / c_id=180 七彩湖(花蓮縣-萬榮鄉),08 人數檢查teamscountchk,NULL
"第12,49列",S2c Fixedclimb 承載量與天數,警政署入山 / c_id=181 能高越嶺(花蓮縣-秀林鄉),01 假日承載量holidaynum,NULL
"第12,49列",S2c Fixedclimb 承載量與天數,警政署入山 / c_id=181 能高越嶺(花蓮縣-秀林鄉),02 平日承載量generalnum,NULL
"第12,49列",S2c Fixedclimb 承載量與天數,警政署入山 / c_id=181 能高越嶺(花蓮縣-秀林鄉),03 天數下限sumdaymin,1
"第12,49列",S2c Fixedclimb 承載量與天數,警政署入山 / c_id=181 能高越嶺(花蓮縣-秀林鄉),04 天數上限sumdaymax,1
"第12,49列",S2c Fixedclimb 承載量與天數,警政署入山 / c_id=181 能高越嶺(花蓮縣-秀林鄉),05 是否抽籤IsDraw,0
"第12,49列",S2c Fixedclimb 承載量與天數,警政署入山 / c_id=181 能高越嶺(花蓮縣-秀林鄉),06 許可證可印天數printdays,NULL
"第12,49列",S2c Fixedclimb 承載量與天數,警政署入山 / c_id=181 能高越嶺(花蓮縣-秀林鄉),07 是否雪季路線issnow,0
"第12,49列",S2c Fixedclimb 承載量與天數,警政署入山 / c_id=181 能高越嶺(花蓮縣-秀林鄉),08 人數檢查teamscountchk,NULL
"第12,49列",S2c Fixedclimb 承載量與天數,警政署入山 / c_id=182 關門古道(南投縣-信義鄉),01 假日承載量holidaynum,NULL
"第12,49列",S2c Fixedclimb 承載量與天數,警政署入山 / c_id=182 關門古道(南投縣-信義鄉),02 平日承載量generalnum,NULL
"第12,49列",S2c Fixedclimb 承載量與天數,警政署入山 / c_id=182 關門古道(南投縣-信義鄉),03 天數下限sumdaymin,1
"第12,49列",S2c Fixedclimb 承載量與天數,警政署入山 / c_id=182 關門古道(南投縣-信義鄉),04 天數上限sumdaymax,1
"第12,49列",S2c Fixedclimb 承載量與天數,警政署入山 / c_id=182 關門古道(南投縣-信義鄉),05 是否抽籤IsDraw,0
"第12,49列",S2c Fixedclimb 承載量與天數,警政署入山 / c_id=182 關門古道(南投縣-信義鄉),06 許可證可印天數printdays,NULL
"第12,49列",S2c Fixedclimb 承載量與天數,警政署入山 / c_id=182 關門古道(南投縣-信義鄉),07 是否雪季路線issnow,0
"第12,49列",S2c Fixedclimb 承載量與天數,警政署入山 / c_id=182 關門古道(南投縣-信義鄉),08 人數檢查teamscountchk,NULL
"第12,49列",S2c Fixedclimb 承載量與天數,警政署入山 / c_id=183 關門古道(花蓮縣-萬榮鄉),01 假日承載量holidaynum,NULL
"第12,49列",S2c Fixedclimb 承載量與天數,警政署入山 / c_id=183 關門古道(花蓮縣-萬榮鄉),02 平日承載量generalnum,NULL
"第12,49列",S2c Fixedclimb 承載量與天數,警政署入山 / c_id=183 關門古道(花蓮縣-萬榮鄉),03 天數下限sumdaymin,1
"第12,49列",S2c Fixedclimb 承載量與天數,警政署入山 / c_id=183 關門古道(花蓮縣-萬榮鄉),04 天數上限sumdaymax,1
"第12,49列",S2c Fixedclimb 承載量與天數,警政署入山 / c_id=183 關門古道(花蓮縣-萬榮鄉),05 是否抽籤IsDraw,0
"第12,49列",S2c Fixedclimb 承載量與天數,警政署入山 / c_id=183 關門古道(花蓮縣-萬榮鄉),06 許可證可印天數printdays,NULL
"第12,49列",S2c Fixedclimb 承載量與天數,警政署入山 / c_id=183 關門古道(花蓮縣-萬榮鄉),07 是否雪季路線issnow,0
"第12,49列",S2c Fixedclimb 承載量與天數,警政署入山 / c_id=183 關門古道(花蓮縣-萬榮鄉),08 人數檢查teamscountchk,NULL
"第12,49列",S2c Fixedclimb 承載量與天數,警政署入山 / c_id=184 南一段(高雄市-桃源區),01 假日承載量holidaynum,NULL
"第12,49列",S2c Fixedclimb 承載量與天數,警政署入山 / c_id=184 南一段(高雄市-桃源區),02 平日承載量generalnum,NULL
"第12,49列",S2c Fixedclimb 承載量與天數,警政署入山 / c_id=184 南一段(高雄市-桃源區),03 天數下限sumdaymin,1
"第12,49列",S2c Fixedclimb 承載量與天數,警政署入山 / c_id=184 南一段(高雄市-桃源區),04 天數上限sumdaymax,1
"第12,49列",S2c Fixedclimb 承載量與天數,警政署入山 / c_id=184 南一段(高雄市-桃源區),05 是否抽籤IsDraw,0
"第12,49列",S2c Fixedclimb 承載量與天數,警政署入山 / c_id=184 南一段(高雄市-桃源區),06 許可證可印天數printdays,NULL
"第12,49列",S2c Fixedclimb 承載量與天數,警政署入山 / c_id=184 南一段(高雄市-桃源區),07 是否雪季路線issnow,0
"第12,49列",S2c Fixedclimb 承載量與天數,警政署入山 / c_id=184 南一段(高雄市-桃源區),08 人數檢查teamscountchk,NULL
"第12,49列",S2c Fixedclimb 承載量與天數,警政署入山 / c_id=185 南一段(臺東縣-海端鄉),01 假日承載量holidaynum,NULL
"第12,49列",S2c Fixedclimb 承載量與天數,警政署入山 / c_id=185 南一段(臺東縣-海端鄉),02 平日承載量generalnum,NULL
"第12,49列",S2c Fixedclimb 承載量與天數,警政署入山 / c_id=185 南一段(臺東縣-海端鄉),03 天數下限sumdaymin,1
"第12,49列",S2c Fixedclimb 承載量與天數,警政署入山 / c_id=185 南一段(臺東縣-海端鄉),04 天數上限sumdaymax,1
"第12,49列",S2c Fixedclimb 承載量與天數,警政署入山 / c_id=185 南一段(臺東縣-海端鄉),05 是否抽籤IsDraw,0
"第12,49列",S2c Fixedclimb 承載量與天數,警政署入山 / c_id=185 南一段(臺東縣-海端鄉),06 許可證可印天數printdays,NULL
"第12,49列",S2c Fixedclimb 承載量與天數,警政署入山 / c_id=185 南一段(臺東縣-海端鄉),07 是否雪季路線issnow,0
"第12,49列",S2c Fixedclimb 承載量與天數,警政署入山 / c_id=185 南一段(臺東縣-海端鄉),08 人數檢查teamscountchk,NULL
"第12,49列",S2c Fixedclimb 承載量與天數,警政署入山 / c_id=186 南二段(南投縣-信義鄉),01 假日承載量holidaynum,NULL
"第12,49列",S2c Fixedclimb 承載量與天數,警政署入山 / c_id=186 南二段(南投縣-信義鄉),02 平日承載量generalnum,NULL
"第12,49列",S2c Fixedclimb 承載量與天數,警政署入山 / c_id=186 南二段(南投縣-信義鄉),03 天數下限sumdaymin,1
"第12,49列",S2c Fixedclimb 承載量與天數,警政署入山 / c_id=186 南二段(南投縣-信義鄉),04 天數上限sumdaymax,1
"第12,49列",S2c Fixedclimb 承載量與天數,警政署入山 / c_id=186 南二段(南投縣-信義鄉),05 是否抽籤IsDraw,0
"第12,49列",S2c Fixedclimb 承載量與天數,警政署入山 / c_id=186 南二段(南投縣-信義鄉),06 許可證可印天數printdays,NULL
"第12,49列",S2c Fixedclimb 承載量與天數,警政署入山 / c_id=186 南二段(南投縣-信義鄉),07 是否雪季路線issnow,0
"第12,49列",S2c Fixedclimb 承載量與天數,警政署入山 / c_id=186 南二段(南投縣-信義鄉),08 人數檢查teamscountchk,NULL
"第12,49列",S2c Fixedclimb 承載量與天數,警政署入山 / c_id=187 南二段(臺東縣-海端鄉),01 假日承載量holidaynum,NULL
"第12,49列",S2c Fixedclimb 承載量與天數,警政署入山 / c_id=187 南二段(臺東縣-海端鄉),02 平日承載量generalnum,NULL
"第12,49列",S2c Fixedclimb 承載量與天數,警政署入山 / c_id=187 南二段(臺東縣-海端鄉),03 天數下限sumdaymin,1
"第12,49列",S2c Fixedclimb 承載量與天數,警政署入山 / c_id=187 南二段(臺東縣-海端鄉),04 天數上限sumdaymax,1
"第12,49列",S2c Fixedclimb 承載量與天數,警政署入山 / c_id=187 南二段(臺東縣-海端鄉),05 是否抽籤IsDraw,0
"第12,49列",S2c Fixedclimb 承載量與天數,警政署入山 / c_id=187 南二段(臺東縣-海端鄉),06 許可證可印天數printdays,NULL
"第12,49列",S2c Fixedclimb 承載量與天數,警政署入山 / c_id=187 南二段(臺東縣-海端鄉),07 是否雪季路線issnow,0
"第12,49列",S2c Fixedclimb 承載量與天數,警政署入山 / c_id=187 南二段(臺東縣-海端鄉),08 人數檢查teamscountchk,NULL
"第12,49列",S2c Fixedclimb 承載量與天數,警政署入山 / c_id=188 南三段(南投縣-信義鄉),01 假日承載量holidaynum,NULL
"第12,49列",S2c Fixedclimb 承載量與天數,警政署入山 / c_id=188 南三段(南投縣-信義鄉),02 平日承載量generalnum,NULL
"第12,49列",S2c Fixedclimb 承載量與天數,警政署入山 / c_id=188 南三段(南投縣-信義鄉),03 天數下限sumdaymin,1
"第12,49列",S2c Fixedclimb 承載量與天數,警政署入山 / c_id=188 南三段(南投縣-信義鄉),04 天數上限sumdaymax,1
"第12,49列",S2c Fixedclimb 承載量與天數,警政署入山 / c_id=188 南三段(南投縣-信義鄉),05 是否抽籤IsDraw,0
"第12,49列",S2c Fixedclimb 承載量與天數,警政署入山 / c_id=188 南三段(南投縣-信義鄉),06 許可證可印天數printdays,NULL
"第12,49列",S2c Fixedclimb 承載量與天數,警政署入山 / c_id=188 南三段(南投縣-信義鄉),07 是否雪季路線issnow,0
"第12,49列",S2c Fixedclimb 承載量與天數,警政署入山 / c_id=188 南三段(南投縣-信義鄉),08 人數檢查teamscountchk,NULL
"第12,49列",S2c Fixedclimb 承載量與天數,警政署入山 / c_id=189 南三段(花蓮縣-萬榮鄉),01 假日承載量holidaynum,NULL
"第12,49列",S2c Fixedclimb 承載量與天數,警政署入山 / c_id=189 南三段(花蓮縣-萬榮鄉),02 平日承載量generalnum,NULL
"第12,49列",S2c Fixedclimb 承載量與天數,警政署入山 / c_id=189 南三段(花蓮縣-萬榮鄉),03 天數下限sumdaymin,1
"第12,49列",S2c Fixedclimb 承載量與天數,警政署入山 / c_id=189 南三段(花蓮縣-萬榮鄉),04 天數上限sumdaymax,1
"第12,49列",S2c Fixedclimb 承載量與天數,警政署入山 / c_id=189 南三段(花蓮縣-萬榮鄉),05 是否抽籤IsDraw,0
"第12,49列",S2c Fixedclimb 承載量與天數,警政署入山 / c_id=189 南三段(花蓮縣-萬榮鄉),06 許可證可印天數printdays,NULL
"第12,49列",S2c Fixedclimb 承載量與天數,警政署入山 / c_id=189 南三段(花蓮縣-萬榮鄉),07 是否雪季路線issnow,0
"第12,49列",S2c Fixedclimb 承載量與天數,警政署入山 / c_id=189 南三段(花蓮縣-萬榮鄉),08 人數檢查teamscountchk,NULL
"第12,49列",S2c Fixedclimb 承載量與天數,警政署入山 / c_id=190 南三段(花蓮縣-卓溪鄉),01 假日承載量holidaynum,NULL
"第12,49列",S2c Fixedclimb 承載量與天數,警政署入山 / c_id=190 南三段(花蓮縣-卓溪鄉),02 平日承載量generalnum,NULL
"第12,49列",S2c Fixedclimb 承載量與天數,警政署入山 / c_id=190 南三段(花蓮縣-卓溪鄉),03 天數下限sumdaymin,1
"第12,49列",S2c Fixedclimb 承載量與天數,警政署入山 / c_id=190 南三段(花蓮縣-卓溪鄉),04 天數上限sumdaymax,1
"第12,49列",S2c Fixedclimb 承載量與天數,警政署入山 / c_id=190 南三段(花蓮縣-卓溪鄉),05 是否抽籤IsDraw,0
"第12,49列",S2c Fixedclimb 承載量與天數,警政署入山 / c_id=190 南三段(花蓮縣-卓溪鄉),06 許可證可印天數printdays,NULL
"第12,49列",S2c Fixedclimb 承載量與天數,警政署入山 / c_id=190 南三段(花蓮縣-卓溪鄉),07 是否雪季路線issnow,0
"第12,49列",S2c Fixedclimb 承載量與天數,警政署入山 / c_id=190 南三段(花蓮縣-卓溪鄉),08 人數檢查teamscountchk,NULL
"第12,49列",S2c Fixedclimb 承載量與天數,警政署入山 / c_id=191 丹大橫斷(南投縣-信義鄉),01 假日承載量holidaynum,NULL
"第12,49列",S2c Fixedclimb 承載量與天數,警政署入山 / c_id=191 丹大橫斷(南投縣-信義鄉),02 平日承載量generalnum,NULL
"第12,49列",S2c Fixedclimb 承載量與天數,警政署入山 / c_id=191 丹大橫斷(南投縣-信義鄉),03 天數下限sumdaymin,1
"第12,49列",S2c Fixedclimb 承載量與天數,警政署入山 / c_id=191 丹大橫斷(南投縣-信義鄉),04 天數上限sumdaymax,1
"第12,49列",S2c Fixedclimb 承載量與天數,警政署入山 / c_id=191 丹大橫斷(南投縣-信義鄉),05 是否抽籤IsDraw,0
"第12,49列",S2c Fixedclimb 承載量與天數,警政署入山 / c_id=191 丹大橫斷(南投縣-信義鄉),06 許可證可印天數printdays,NULL
"第12,49列",S2c Fixedclimb 承載量與天數,警政署入山 / c_id=191 丹大橫斷(南投縣-信義鄉),07 是否雪季路線issnow,0
"第12,49列",S2c Fixedclimb 承載量與天數,警政署入山 / c_id=191 丹大橫斷(南投縣-信義鄉),08 人數檢查teamscountchk,NULL
"第12,49列",S2c Fixedclimb 承載量與天數,警政署入山 / c_id=192 丹大橫斷(花蓮縣-萬榮鄉),01 假日承載量holidaynum,NULL
"第12,49列",S2c Fixedclimb 承載量與天數,警政署入山 / c_id=192 丹大橫斷(花蓮縣-萬榮鄉),02 平日承載量generalnum,NULL
"第12,49列",S2c Fixedclimb 承載量與天數,警政署入山 / c_id=192 丹大橫斷(花蓮縣-萬榮鄉),03 天數下限sumdaymin,1
"第12,49列",S2c Fixedclimb 承載量與天數,警政署入山 / c_id=192 丹大橫斷(花蓮縣-萬榮鄉),04 天數上限sumdaymax,1
"第12,49列",S2c Fixedclimb 承載量與天數,警政署入山 / c_id=192 丹大橫斷(花蓮縣-萬榮鄉),05 是否抽籤IsDraw,0
"第12,49列",S2c Fixedclimb 承載量與天數,警政署入山 / c_id=192 丹大橫斷(花蓮縣-萬榮鄉),06 許可證可印天數printdays,NULL
"第12,49列",S2c Fixedclimb 承載量與天數,警政署入山 / c_id=192 丹大橫斷(花蓮縣-萬榮鄉),07 是否雪季路線issnow,0
"第12,49列",S2c Fixedclimb 承載量與天數,警政署入山 / c_id=192 丹大橫斷(花蓮縣-萬榮鄉),08 人數檢查teamscountchk,NULL
"第12,49列",S2c Fixedclimb 承載量與天數,警政署入山 / c_id=193 丹大橫斷(花蓮縣-卓溪鄉),01 假日承載量holidaynum,NULL
"第12,49列",S2c Fixedclimb 承載量與天數,警政署入山 / c_id=193 丹大橫斷(花蓮縣-卓溪鄉),02 平日承載量generalnum,NULL
"第12,49列",S2c Fixedclimb 承載量與天數,警政署入山 / c_id=193 丹大橫斷(花蓮縣-卓溪鄉),03 天數下限sumdaymin,1
"第12,49列",S2c Fixedclimb 承載量與天數,警政署入山 / c_id=193 丹大橫斷(花蓮縣-卓溪鄉),04 天數上限sumdaymax,1
"第12,49列",S2c Fixedclimb 承載量與天數,警政署入山 / c_id=193 丹大橫斷(花蓮縣-卓溪鄉),05 是否抽籤IsDraw,0
"第12,49列",S2c Fixedclimb 承載量與天數,警政署入山 / c_id=193 丹大橫斷(花蓮縣-卓溪鄉),06 許可證可印天數printdays,NULL
"第12,49列",S2c Fixedclimb 承載量與天數,警政署入山 / c_id=193 丹大橫斷(花蓮縣-卓溪鄉),07 是否雪季路線issnow,0
"第12,49列",S2c Fixedclimb 承載量與天數,警政署入山 / c_id=193 丹大橫斷(花蓮縣-卓溪鄉),08 人數檢查teamscountchk,NULL
"第12,49列",S2c Fixedclimb 承載量與天數,警政署入山 / c_id=194 中央山脈北一段(宜蘭縣-大同鄉),01 假日承載量holidaynum,NULL
"第12,49列",S2c Fixedclimb 承載量與天數,警政署入山 / c_id=194 中央山脈北一段(宜蘭縣-大同鄉),02 平日承載量generalnum,NULL
"第12,49列",S2c Fixedclimb 承載量與天數,警政署入山 / c_id=194 中央山脈北一段(宜蘭縣-大同鄉),03 天數下限sumdaymin,1
"第12,49列",S2c Fixedclimb 承載量與天數,警政署入山 / c_id=194 中央山脈北一段(宜蘭縣-大同鄉),04 天數上限sumdaymax,1
"第12,49列",S2c Fixedclimb 承載量與天數,警政署入山 / c_id=194 中央山脈北一段(宜蘭縣-大同鄉),05 是否抽籤IsDraw,0
"第12,49列",S2c Fixedclimb 承載量與天數,警政署入山 / c_id=194 中央山脈北一段(宜蘭縣-大同鄉),06 許可證可印天數printdays,NULL
"第12,49列",S2c Fixedclimb 承載量與天數,警政署入山 / c_id=194 中央山脈北一段(宜蘭縣-大同鄉),07 是否雪季路線issnow,0
"第12,49列",S2c Fixedclimb 承載量與天數,警政署入山 / c_id=194 中央山脈北一段(宜蘭縣-大同鄉),08 人數檢查teamscountchk,NULL
"第12,49列",S2c Fixedclimb 承載量與天數,警政署入山 / c_id=195 中央山脈北一段(宜蘭縣-南澳鄉),01 假日承載量holidaynum,NULL
"第12,49列",S2c Fixedclimb 承載量與天數,警政署入山 / c_id=195 中央山脈北一段(宜蘭縣-南澳鄉),02 平日承載量generalnum,NULL
"第12,49列",S2c Fixedclimb 承載量與天數,警政署入山 / c_id=195 中央山脈北一段(宜蘭縣-南澳鄉),03 天數下限sumdaymin,1
"第12,49列",S2c Fixedclimb 承載量與天數,警政署入山 / c_id=195 中央山脈北一段(宜蘭縣-南澳鄉),04 天數上限sumdaymax,1
"第12,49列",S2c Fixedclimb 承載量與天數,警政署入山 / c_id=195 中央山脈北一段(宜蘭縣-南澳鄉),05 是否抽籤IsDraw,0
"第12,49列",S2c Fixedclimb 承載量與天數,警政署入山 / c_id=195 中央山脈北一段(宜蘭縣-南澳鄉),06 許可證可印天數printdays,NULL
"第12,49列",S2c Fixedclimb 承載量與天數,警政署入山 / c_id=195 中央山脈北一段(宜蘭縣-南澳鄉),07 是否雪季路線issnow,0
"第12,49列",S2c Fixedclimb 承載量與天數,警政署入山 / c_id=195 中央山脈北一段(宜蘭縣-南澳鄉),08 人數檢查teamscountchk,NULL
"第12,49列",S2c Fixedclimb 承載量與天數,警政署入山 / c_id=196 出雲山林道(高雄市-茂林區),01 假日承載量holidaynum,NULL
"第12,49列",S2c Fixedclimb 承載量與天數,警政署入山 / c_id=196 出雲山林道(高雄市-茂林區),02 平日承載量generalnum,NULL
"第12,49列",S2c Fixedclimb 承載量與天數,警政署入山 / c_id=196 出雲山林道(高雄市-茂林區),03 天數下限sumdaymin,1
"第12,49列",S2c Fixedclimb 承載量與天數,警政署入山 / c_id=196 出雲山林道(高雄市-茂林區),04 天數上限sumdaymax,1
"第12,49列",S2c Fixedclimb 承載量與天數,警政署入山 / c_id=196 出雲山林道(高雄市-茂林區),05 是否抽籤IsDraw,0
"第12,49列",S2c Fixedclimb 承載量與天數,警政署入山 / c_id=196 出雲山林道(高雄市-茂林區),06 許可證可印天數printdays,NULL
"第12,49列",S2c Fixedclimb 承載量與天數,警政署入山 / c_id=196 出雲山林道(高雄市-茂林區),07 是否雪季路線issnow,0
"第12,49列",S2c Fixedclimb 承載量與天數,警政署入山 / c_id=196 出雲山林道(高雄市-茂林區),08 人數檢查teamscountchk,NULL
"第12,49列",S2c Fixedclimb 承載量與天數,警政署入山 / c_id=197 出雲山林道(高雄市-桃源區),01 假日承載量holidaynum,NULL
"第12,49列",S2c Fixedclimb 承載量與天數,警政署入山 / c_id=197 出雲山林道(高雄市-桃源區),02 平日承載量generalnum,NULL
"第12,49列",S2c Fixedclimb 承載量與天數,警政署入山 / c_id=197 出雲山林道(高雄市-桃源區),03 天數下限sumdaymin,1
"第12,49列",S2c Fixedclimb 承載量與天數,警政署入山 / c_id=197 出雲山林道(高雄市-桃源區),04 天數上限sumdaymax,1
"第12,49列",S2c Fixedclimb 承載量與天數,警政署入山 / c_id=197 出雲山林道(高雄市-桃源區),05 是否抽籤IsDraw,0
"第12,49列",S2c Fixedclimb 承載量與天數,警政署入山 / c_id=197 出雲山林道(高雄市-桃源區),06 許可證可印天數printdays,NULL
"第12,49列",S2c Fixedclimb 承載量與天數,警政署入山 / c_id=197 出雲山林道(高雄市-桃源區),07 是否雪季路線issnow,0
"第12,49列",S2c Fixedclimb 承載量與天數,警政署入山 / c_id=197 出雲山林道(高雄市-桃源區),08 人數檢查teamscountchk,NULL
"第12,49列",S2c Fixedclimb 承載量與天數,警政署入山 / c_id=198 馬博橫斷(南投縣-信義鄉),01 假日承載量holidaynum,NULL
"第12,49列",S2c Fixedclimb 承載量與天數,警政署入山 / c_id=198 馬博橫斷(南投縣-信義鄉),02 平日承載量generalnum,NULL
"第12,49列",S2c Fixedclimb 承載量與天數,警政署入山 / c_id=198 馬博橫斷(南投縣-信義鄉),03 天數下限sumdaymin,1
"第12,49列",S2c Fixedclimb 承載量與天數,警政署入山 / c_id=198 馬博橫斷(南投縣-信義鄉),04 天數上限sumdaymax,1
"第12,49列",S2c Fixedclimb 承載量與天數,警政署入山 / c_id=198 馬博橫斷(南投縣-信義鄉),05 是否抽籤IsDraw,0
"第12,49列",S2c Fixedclimb 承載量與天數,警政署入山 / c_id=198 馬博橫斷(南投縣-信義鄉),06 許可證可印天數printdays,NULL
"第12,49列",S2c Fixedclimb 承載量與天數,警政署入山 / c_id=198 馬博橫斷(南投縣-信義鄉),07 是否雪季路線issnow,0
"第12,49列",S2c Fixedclimb 承載量與天數,警政署入山 / c_id=198 馬博橫斷(南投縣-信義鄉),08 人數檢查teamscountchk,NULL
"第12,49列",S2c Fixedclimb 承載量與天數,警政署入山 / c_id=199 馬博橫斷(花蓮縣-卓溪鄉),01 假日承載量holidaynum,NULL
"第12,49列",S2c Fixedclimb 承載量與天數,警政署入山 / c_id=199 馬博橫斷(花蓮縣-卓溪鄉),02 平日承載量generalnum,NULL
"第12,49列",S2c Fixedclimb 承載量與天數,警政署入山 / c_id=199 馬博橫斷(花蓮縣-卓溪鄉),03 天數下限sumdaymin,1
"第12,49列",S2c Fixedclimb 承載量與天數,警政署入山 / c_id=199 馬博橫斷(花蓮縣-卓溪鄉),04 天數上限sumdaymax,1
"第12,49列",S2c Fixedclimb 承載量與天數,警政署入山 / c_id=199 馬博橫斷(花蓮縣-卓溪鄉),05 是否抽籤IsDraw,0
"第12,49列",S2c Fixedclimb 承載量與天數,警政署入山 / c_id=199 馬博橫斷(花蓮縣-卓溪鄉),06 許可證可印天數printdays,NULL
"第12,49列",S2c Fixedclimb 承載量與天數,警政署入山 / c_id=199 馬博橫斷(花蓮縣-卓溪鄉),07 是否雪季路線issnow,0
"第12,49列",S2c Fixedclimb 承載量與天數,警政署入山 / c_id=199 馬博橫斷(花蓮縣-卓溪鄉),08 人數檢查teamscountchk,NULL
"第12,49列",S2c Fixedclimb 承載量與天數,警政署入山 / c_id=200 秀姑巒山(南投縣-信義鄉),01 假日承載量holidaynum,NULL
"第12,49列",S2c Fixedclimb 承載量與天數,警政署入山 / c_id=200 秀姑巒山(南投縣-信義鄉),02 平日承載量generalnum,NULL
"第12,49列",S2c Fixedclimb 承載量與天數,警政署入山 / c_id=200 秀姑巒山(南投縣-信義鄉),03 天數下限sumdaymin,1
"第12,49列",S2c Fixedclimb 承載量與天數,警政署入山 / c_id=200 秀姑巒山(南投縣-信義鄉),04 天數上限sumdaymax,1
"第12,49列",S2c Fixedclimb 承載量與天數,警政署入山 / c_id=200 秀姑巒山(南投縣-信義鄉),05 是否抽籤IsDraw,0
"第12,49列",S2c Fixedclimb 承載量與天數,警政署入山 / c_id=200 秀姑巒山(南投縣-信義鄉),06 許可證可印天數printdays,NULL
"第12,49列",S2c Fixedclimb 承載量與天數,警政署入山 / c_id=200 秀姑巒山(南投縣-信義鄉),07 是否雪季路線issnow,0
"第12,49列",S2c Fixedclimb 承載量與天數,警政署入山 / c_id=200 秀姑巒山(南投縣-信義鄉),08 人數檢查teamscountchk,NULL
"第12,49列",S2c Fixedclimb 承載量與天數,警政署入山 / c_id=201 秀姑巒山(花蓮縣-卓溪鄉),01 假日承載量holidaynum,NULL
"第12,49列",S2c Fixedclimb 承載量與天數,警政署入山 / c_id=201 秀姑巒山(花蓮縣-卓溪鄉),02 平日承載量generalnum,NULL
"第12,49列",S2c Fixedclimb 承載量與天數,警政署入山 / c_id=201 秀姑巒山(花蓮縣-卓溪鄉),03 天數下限sumdaymin,1
"第12,49列",S2c Fixedclimb 承載量與天數,警政署入山 / c_id=201 秀姑巒山(花蓮縣-卓溪鄉),04 天數上限sumdaymax,1
"第12,49列",S2c Fixedclimb 承載量與天數,警政署入山 / c_id=201 秀姑巒山(花蓮縣-卓溪鄉),05 是否抽籤IsDraw,0
"第12,49列",S2c Fixedclimb 承載量與天數,警政署入山 / c_id=201 秀姑巒山(花蓮縣-卓溪鄉),06 許可證可印天數printdays,NULL
"第12,49列",S2c Fixedclimb 承載量與天數,警政署入山 / c_id=201 秀姑巒山(花蓮縣-卓溪鄉),07 是否雪季路線issnow,0
"第12,49列",S2c Fixedclimb 承載量與天數,警政署入山 / c_id=201 秀姑巒山(花蓮縣-卓溪鄉),08 人數檢查teamscountchk,NULL
"第12,49列",S2c Fixedclimb 承載量與天數,警政署入山 / c_id=202 南面玉穗社(高雄市-桃源區),01 假日承載量holidaynum,NULL
"第12,49列",S2c Fixedclimb 承載量與天數,警政署入山 / c_id=202 南面玉穗社(高雄市-桃源區),02 平日承載量generalnum,NULL
"第12,49列",S2c Fixedclimb 承載量與天數,警政署入山 / c_id=202 南面玉穗社(高雄市-桃源區),03 天數下限sumdaymin,1
"第12,49列",S2c Fixedclimb 承載量與天數,警政署入山 / c_id=202 南面玉穗社(高雄市-桃源區),04 天數上限sumdaymax,1
"第12,49列",S2c Fixedclimb 承載量與天數,警政署入山 / c_id=202 南面玉穗社(高雄市-桃源區),05 是否抽籤IsDraw,0
"第12,49列",S2c Fixedclimb 承載量與天數,警政署入山 / c_id=202 南面玉穗社(高雄市-桃源區),06 許可證可印天數printdays,NULL
"第12,49列",S2c Fixedclimb 承載量與天數,警政署入山 / c_id=202 南面玉穗社(高雄市-桃源區),07 是否雪季路線issnow,0
"第12,49列",S2c Fixedclimb 承載量與天數,警政署入山 / c_id=202 南面玉穗社(高雄市-桃源區),08 人數檢查teamscountchk,NULL
"第12,49列",S2c Fixedclimb 承載量與天數,警政署入山 / c_id=203 南面玉穗社(高雄市-那瑪夏區),01 假日承載量holidaynum,NULL
"第12,49列",S2c Fixedclimb 承載量與天數,警政署入山 / c_id=203 南面玉穗社(高雄市-那瑪夏區),02 平日承載量generalnum,NULL
"第12,49列",S2c Fixedclimb 承載量與天數,警政署入山 / c_id=203 南面玉穗社(高雄市-那瑪夏區),03 天數下限sumdaymin,1
"第12,49列",S2c Fixedclimb 承載量與天數,警政署入山 / c_id=203 南面玉穗社(高雄市-那瑪夏區),04 天數上限sumdaymax,1
"第12,49列",S2c Fixedclimb 承載量與天數,警政署入山 / c_id=203 南面玉穗社(高雄市-那瑪夏區),05 是否抽籤IsDraw,0
"第12,49列",S2c Fixedclimb 承載量與天數,警政署入山 / c_id=203 南面玉穗社(高雄市-那瑪夏區),06 許可證可印天數printdays,NULL
"第12,49列",S2c Fixedclimb 承載量與天數,警政署入山 / c_id=203 南面玉穗社(高雄市-那瑪夏區),07 是否雪季路線issnow,0
"第12,49列",S2c Fixedclimb 承載量與天數,警政署入山 / c_id=203 南面玉穗社(高雄市-那瑪夏區),08 人數檢查teamscountchk,NULL
"第12,49列",S2c Fixedclimb 承載量與天數,警政署入山 / c_id=204 南湖群峰(宜蘭縣-大同鄉),01 假日承載量holidaynum,NULL
"第12,49列",S2c Fixedclimb 承載量與天數,警政署入山 / c_id=204 南湖群峰(宜蘭縣-大同鄉),02 平日承載量generalnum,NULL
"第12,49列",S2c Fixedclimb 承載量與天數,警政署入山 / c_id=204 南湖群峰(宜蘭縣-大同鄉),03 天數下限sumdaymin,1
"第12,49列",S2c Fixedclimb 承載量與天數,警政署入山 / c_id=204 南湖群峰(宜蘭縣-大同鄉),04 天數上限sumdaymax,1
"第12,49列",S2c Fixedclimb 承載量與天數,警政署入山 / c_id=204 南湖群峰(宜蘭縣-大同鄉),05 是否抽籤IsDraw,0
"第12,49列",S2c Fixedclimb 承載量與天數,警政署入山 / c_id=204 南湖群峰(宜蘭縣-大同鄉),06 許可證可印天數printdays,NULL
"第12,49列",S2c Fixedclimb 承載量與天數,警政署入山 / c_id=204 南湖群峰(宜蘭縣-大同鄉),07 是否雪季路線issnow,0
"第12,49列",S2c Fixedclimb 承載量與天數,警政署入山 / c_id=204 南湖群峰(宜蘭縣-大同鄉),08 人數檢查teamscountchk,NULL
"第12,49列",S2c Fixedclimb 承載量與天數,警政署入山 / c_id=205 崑崙凹(屏東縣-泰武鄉),01 假日承載量holidaynum,NULL
"第12,49列",S2c Fixedclimb 承載量與天數,警政署入山 / c_id=205 崑崙凹(屏東縣-泰武鄉),02 平日承載量generalnum,NULL
"第12,49列",S2c Fixedclimb 承載量與天數,警政署入山 / c_id=205 崑崙凹(屏東縣-泰武鄉),03 天數下限sumdaymin,1
"第12,49列",S2c Fixedclimb 承載量與天數,警政署入山 / c_id=205 崑崙凹(屏東縣-泰武鄉),04 天數上限sumdaymax,1
"第12,49列",S2c Fixedclimb 承載量與天數,警政署入山 / c_id=205 崑崙凹(屏東縣-泰武鄉),05 是否抽籤IsDraw,0
"第12,49列",S2c Fixedclimb 承載量與天數,警政署入山 / c_id=205 崑崙凹(屏東縣-泰武鄉),06 許可證可印天數printdays,NULL
"第12,49列",S2c Fixedclimb 承載量與天數,警政署入山 / c_id=205 崑崙凹(屏東縣-泰武鄉),07 是否雪季路線issnow,0
"第12,49列",S2c Fixedclimb 承載量與天數,警政署入山 / c_id=205 崑崙凹(屏東縣-泰武鄉),08 人數檢查teamscountchk,NULL
"第12,49列",S2c Fixedclimb 承載量與天數,警政署入山 / c_id=206 崑崙凹(屏東縣-來義鄉),01 假日承載量holidaynum,NULL
"第12,49列",S2c Fixedclimb 承載量與天數,警政署入山 / c_id=206 崑崙凹(屏東縣-來義鄉),02 平日承載量generalnum,NULL
"第12,49列",S2c Fixedclimb 承載量與天數,警政署入山 / c_id=206 崑崙凹(屏東縣-來義鄉),03 天數下限sumdaymin,1
"第12,49列",S2c Fixedclimb 承載量與天數,警政署入山 / c_id=206 崑崙凹(屏東縣-來義鄉),04 天數上限sumdaymax,1
"第12,49列",S2c Fixedclimb 承載量與天數,警政署入山 / c_id=206 崑崙凹(屏東縣-來義鄉),05 是否抽籤IsDraw,0
"第12,49列",S2c Fixedclimb 承載量與天數,警政署入山 / c_id=206 崑崙凹(屏東縣-來義鄉),06 許可證可印天數printdays,NULL
"第12,49列",S2c Fixedclimb 承載量與天數,警政署入山 / c_id=206 崑崙凹(屏東縣-來義鄉),07 是否雪季路線issnow,0
"第12,49列",S2c Fixedclimb 承載量與天數,警政署入山 / c_id=206 崑崙凹(屏東縣-來義鄉),08 人數檢查teamscountchk,NULL
"第12,49列",S2c Fixedclimb 承載量與天數,警政署入山 / c_id=207 崑崙凹(屏東縣-春日鄉),01 假日承載量holidaynum,NULL
"第12,49列",S2c Fixedclimb 承載量與天數,警政署入山 / c_id=207 崑崙凹(屏東縣-春日鄉),02 平日承載量generalnum,NULL
"第12,49列",S2c Fixedclimb 承載量與天數,警政署入山 / c_id=207 崑崙凹(屏東縣-春日鄉),03 天數下限sumdaymin,1
"第12,49列",S2c Fixedclimb 承載量與天數,警政署入山 / c_id=207 崑崙凹(屏東縣-春日鄉),04 天數上限sumdaymax,1
"第12,49列",S2c Fixedclimb 承載量與天數,警政署入山 / c_id=207 崑崙凹(屏東縣-春日鄉),05 是否抽籤IsDraw,0
"第12,49列",S2c Fixedclimb 承載量與天數,警政署入山 / c_id=207 崑崙凹(屏東縣-春日鄉),06 許可證可印天數printdays,NULL
"第12,49列",S2c Fixedclimb 承載量與天數,警政署入山 / c_id=207 崑崙凹(屏東縣-春日鄉),07 是否雪季路線issnow,0
"第12,49列",S2c Fixedclimb 承載量與天數,警政署入山 / c_id=207 崑崙凹(屏東縣-春日鄉),08 人數檢查teamscountchk,NULL
"第12,49列",S2c Fixedclimb 承載量與天數,警政署入山 / c_id=208 浸水營古道(屏東縣-春日鄉),01 假日承載量holidaynum,NULL
"第12,49列",S2c Fixedclimb 承載量與天數,警政署入山 / c_id=208 浸水營古道(屏東縣-春日鄉),02 平日承載量generalnum,NULL
"第12,49列",S2c Fixedclimb 承載量與天數,警政署入山 / c_id=208 浸水營古道(屏東縣-春日鄉),03 天數下限sumdaymin,1
"第12,49列",S2c Fixedclimb 承載量與天數,警政署入山 / c_id=208 浸水營古道(屏東縣-春日鄉),04 天數上限sumdaymax,1
"第12,49列",S2c Fixedclimb 承載量與天數,警政署入山 / c_id=208 浸水營古道(屏東縣-春日鄉),05 是否抽籤IsDraw,0
"第12,49列",S2c Fixedclimb 承載量與天數,警政署入山 / c_id=208 浸水營古道(屏東縣-春日鄉),06 許可證可印天數printdays,NULL
"第12,49列",S2c Fixedclimb 承載量與天數,警政署入山 / c_id=208 浸水營古道(屏東縣-春日鄉),07 是否雪季路線issnow,0
"第12,49列",S2c Fixedclimb 承載量與天數,警政署入山 / c_id=208 浸水營古道(屏東縣-春日鄉),08 人數檢查teamscountchk,NULL
"第12,49列",S2c Fixedclimb 承載量與天數,警政署入山 / c_id=209 浸水營古道(臺東縣-大武鄉),01 假日承載量holidaynum,NULL
"第12,49列",S2c Fixedclimb 承載量與天數,警政署入山 / c_id=209 浸水營古道(臺東縣-大武鄉),02 平日承載量generalnum,NULL
"第12,49列",S2c Fixedclimb 承載量與天數,警政署入山 / c_id=209 浸水營古道(臺東縣-大武鄉),03 天數下限sumdaymin,1
"第12,49列",S2c Fixedclimb 承載量與天數,警政署入山 / c_id=209 浸水營古道(臺東縣-大武鄉),04 天數上限sumdaymax,1
"第12,49列",S2c Fixedclimb 承載量與天數,警政署入山 / c_id=209 浸水營古道(臺東縣-大武鄉),05 是否抽籤IsDraw,0
"第12,49列",S2c Fixedclimb 承載量與天數,警政署入山 / c_id=209 浸水營古道(臺東縣-大武鄉),06 許可證可印天數printdays,NULL
"第12,49列",S2c Fixedclimb 承載量與天數,警政署入山 / c_id=209 浸水營古道(臺東縣-大武鄉),07 是否雪季路線issnow,0
"第12,49列",S2c Fixedclimb 承載量與天數,警政署入山 / c_id=209 浸水營古道(臺東縣-大武鄉),08 人數檢查teamscountchk,NULL
"第12,49列",S2c Fixedclimb 承載量與天數,警政署入山 / c_id=210 八通關越嶺古道(南投縣-信義鄉),01 假日承載量holidaynum,NULL
"第12,49列",S2c Fixedclimb 承載量與天數,警政署入山 / c_id=210 八通關越嶺古道(南投縣-信義鄉),02 平日承載量generalnum,NULL
"第12,49列",S2c Fixedclimb 承載量與天數,警政署入山 / c_id=210 八通關越嶺古道(南投縣-信義鄉),03 天數下限sumdaymin,1
"第12,49列",S2c Fixedclimb 承載量與天數,警政署入山 / c_id=210 八通關越嶺古道(南投縣-信義鄉),04 天數上限sumdaymax,1
"第12,49列",S2c Fixedclimb 承載量與天數,警政署入山 / c_id=210 八通關越嶺古道(南投縣-信義鄉),05 是否抽籤IsDraw,0
"第12,49列",S2c Fixedclimb 承載量與天數,警政署入山 / c_id=210 八通關越嶺古道(南投縣-信義鄉),06 許可證可印天數printdays,NULL
"第12,49列",S2c Fixedclimb 承載量與天數,警政署入山 / c_id=210 八通關越嶺古道(南投縣-信義鄉),07 是否雪季路線issnow,0
"第12,49列",S2c Fixedclimb 承載量與天數,警政署入山 / c_id=210 八通關越嶺古道(南投縣-信義鄉),08 人數檢查teamscountchk,NULL
"第12,49列",S2c Fixedclimb 承載量與天數,警政署入山 / c_id=211 八通關越嶺古道(花蓮縣-卓溪鄉),01 假日承載量holidaynum,NULL
"第12,49列",S2c Fixedclimb 承載量與天數,警政署入山 / c_id=211 八通關越嶺古道(花蓮縣-卓溪鄉),02 平日承載量generalnum,NULL
"第12,49列",S2c Fixedclimb 承載量與天數,警政署入山 / c_id=211 八通關越嶺古道(花蓮縣-卓溪鄉),03 天數下限sumdaymin,1
"第12,49列",S2c Fixedclimb 承載量與天數,警政署入山 / c_id=211 八通關越嶺古道(花蓮縣-卓溪鄉),04 天數上限sumdaymax,1
"第12,49列",S2c Fixedclimb 承載量與天數,警政署入山 / c_id=211 八通關越嶺古道(花蓮縣-卓溪鄉),05 是否抽籤IsDraw,0
"第12,49列",S2c Fixedclimb 承載量與天數,警政署入山 / c_id=211 八通關越嶺古道(花蓮縣-卓溪鄉),06 許可證可印天數printdays,NULL
"第12,49列",S2c Fixedclimb 承載量與天數,警政署入山 / c_id=211 八通關越嶺古道(花蓮縣-卓溪鄉),07 是否雪季路線issnow,0
"第12,49列",S2c Fixedclimb 承載量與天數,警政署入山 / c_id=211 八通關越嶺古道(花蓮縣-卓溪鄉),08 人數檢查teamscountchk,NULL
"第12,49列",S2c Fixedclimb 承載量與天數,警政署入山 / c_id=212 八通關越嶺古道(臺東縣-海端鄉),01 假日承載量holidaynum,NULL
"第12,49列",S2c Fixedclimb 承載量與天數,警政署入山 / c_id=212 八通關越嶺古道(臺東縣-海端鄉),02 平日承載量generalnum,NULL
"第12,49列",S2c Fixedclimb 承載量與天數,警政署入山 / c_id=212 八通關越嶺古道(臺東縣-海端鄉),03 天數下限sumdaymin,1
"第12,49列",S2c Fixedclimb 承載量與天數,警政署入山 / c_id=212 八通關越嶺古道(臺東縣-海端鄉),04 天數上限sumdaymax,1
"第12,49列",S2c Fixedclimb 承載量與天數,警政署入山 / c_id=212 八通關越嶺古道(臺東縣-海端鄉),05 是否抽籤IsDraw,0
"第12,49列",S2c Fixedclimb 承載量與天數,警政署入山 / c_id=212 八通關越嶺古道(臺東縣-海端鄉),06 許可證可印天數printdays,NULL
"第12,49列",S2c Fixedclimb 承載量與天數,警政署入山 / c_id=212 八通關越嶺古道(臺東縣-海端鄉),07 是否雪季路線issnow,0
"第12,49列",S2c Fixedclimb 承載量與天數,警政署入山 / c_id=212 八通關越嶺古道(臺東縣-海端鄉),08 人數檢查teamscountchk,NULL
"第12,49列",S2c Fixedclimb 承載量與天數,警政署入山 / c_id=213 能高安東軍山(花蓮縣-萬榮鄉),01 假日承載量holidaynum,NULL
"第12,49列",S2c Fixedclimb 承載量與天數,警政署入山 / c_id=213 能高安東軍山(花蓮縣-萬榮鄉),02 平日承載量generalnum,NULL
"第12,49列",S2c Fixedclimb 承載量與天數,警政署入山 / c_id=213 能高安東軍山(花蓮縣-萬榮鄉),03 天數下限sumdaymin,1
"第12,49列",S2c Fixedclimb 承載量與天數,警政署入山 / c_id=213 能高安東軍山(花蓮縣-萬榮鄉),04 天數上限sumdaymax,1
"第12,49列",S2c Fixedclimb 承載量與天數,警政署入山 / c_id=213 能高安東軍山(花蓮縣-萬榮鄉),05 是否抽籤IsDraw,0
"第12,49列",S2c Fixedclimb 承載量與天數,警政署入山 / c_id=213 能高安東軍山(花蓮縣-萬榮鄉),06 許可證可印天數printdays,NULL
"第12,49列",S2c Fixedclimb 承載量與天數,警政署入山 / c_id=213 能高安東軍山(花蓮縣-萬榮鄉),07 是否雪季路線issnow,0
"第12,49列",S2c Fixedclimb 承載量與天數,警政署入山 / c_id=213 能高安東軍山(花蓮縣-萬榮鄉),08 人數檢查teamscountchk,NULL
"第12,49列",S2c Fixedclimb 承載量與天數,警政署入山 / c_id=214 南湖北西稜(宜蘭縣-大同鄉),01 假日承載量holidaynum,NULL
"第12,49列",S2c Fixedclimb 承載量與天數,警政署入山 / c_id=214 南湖北西稜(宜蘭縣-大同鄉),02 平日承載量generalnum,NULL
"第12,49列",S2c Fixedclimb 承載量與天數,警政署入山 / c_id=214 南湖北西稜(宜蘭縣-大同鄉),03 天數下限sumdaymin,1
"第12,49列",S2c Fixedclimb 承載量與天數,警政署入山 / c_id=214 南湖北西稜(宜蘭縣-大同鄉),04 天數上限sumdaymax,1
"第12,49列",S2c Fixedclimb 承載量與天數,警政署入山 / c_id=214 南湖北西稜(宜蘭縣-大同鄉),05 是否抽籤IsDraw,0
"第12,49列",S2c Fixedclimb 承載量與天數,警政署入山 / c_id=214 南湖北西稜(宜蘭縣-大同鄉),06 許可證可印天數printdays,NULL
"第12,49列",S2c Fixedclimb 承載量與天數,警政署入山 / c_id=214 南湖北西稜(宜蘭縣-大同鄉),07 是否雪季路線issnow,0
"第12,49列",S2c Fixedclimb 承載量與天數,警政署入山 / c_id=214 南湖北西稜(宜蘭縣-大同鄉),08 人數檢查teamscountchk,NULL
"第12,49列",S2c Fixedclimb 承載量與天數,警政署入山 / c_id=215 丹大橫斷東段(南投縣-信義鄉),01 假日承載量holidaynum,NULL
"第12,49列",S2c Fixedclimb 承載量與天數,警政署入山 / c_id=215 丹大橫斷東段(南投縣-信義鄉),02 平日承載量generalnum,NULL
"第12,49列",S2c Fixedclimb 承載量與天數,警政署入山 / c_id=215 丹大橫斷東段(南投縣-信義鄉),03 天數下限sumdaymin,1
"第12,49列",S2c Fixedclimb 承載量與天數,警政署入山 / c_id=215 丹大橫斷東段(南投縣-信義鄉),04 天數上限sumdaymax,1
"第12,49列",S2c Fixedclimb 承載量與天數,警政署入山 / c_id=215 丹大橫斷東段(南投縣-信義鄉),05 是否抽籤IsDraw,0
"第12,49列",S2c Fixedclimb 承載量與天數,警政署入山 / c_id=215 丹大橫斷東段(南投縣-信義鄉),06 許可證可印天數printdays,NULL
"第12,49列",S2c Fixedclimb 承載量與天數,警政署入山 / c_id=215 丹大橫斷東段(南投縣-信義鄉),07 是否雪季路線issnow,0
"第12,49列",S2c Fixedclimb 承載量與天數,警政署入山 / c_id=215 丹大橫斷東段(南投縣-信義鄉),08 人數檢查teamscountchk,NULL
"第12,49列",S2c Fixedclimb 承載量與天數,警政署入山 / c_id=216 義西請馬至山(南投縣-信義鄉),01 假日承載量holidaynum,NULL
"第12,49列",S2c Fixedclimb 承載量與天數,警政署入山 / c_id=216 義西請馬至山(南投縣-信義鄉),02 平日承載量generalnum,NULL
"第12,49列",S2c Fixedclimb 承載量與天數,警政署入山 / c_id=216 義西請馬至山(南投縣-信義鄉),03 天數下限sumdaymin,1
"第12,49列",S2c Fixedclimb 承載量與天數,警政署入山 / c_id=216 義西請馬至山(南投縣-信義鄉),04 天數上限sumdaymax,1
"第12,49列",S2c Fixedclimb 承載量與天數,警政署入山 / c_id=216 義西請馬至山(南投縣-信義鄉),05 是否抽籤IsDraw,0
"第12,49列",S2c Fixedclimb 承載量與天數,警政署入山 / c_id=216 義西請馬至山(南投縣-信義鄉),06 許可證可印天數printdays,NULL
"第12,49列",S2c Fixedclimb 承載量與天數,警政署入山 / c_id=216 義西請馬至山(南投縣-信義鄉),07 是否雪季路線issnow,0
"第12,49列",S2c Fixedclimb 承載量與天數,警政署入山 / c_id=216 義西請馬至山(南投縣-信義鄉),08 人數檢查teamscountchk,NULL
"第12,49列",S2c Fixedclimb 承載量與天數,警政署入山 / c_id=217 義西請馬至山(花蓮縣-卓溪鄉),01 假日承載量holidaynum,NULL
"第12,49列",S2c Fixedclimb 承載量與天數,警政署入山 / c_id=217 義西請馬至山(花蓮縣-卓溪鄉),02 平日承載量generalnum,NULL
"第12,49列",S2c Fixedclimb 承載量與天數,警政署入山 / c_id=217 義西請馬至山(花蓮縣-卓溪鄉),03 天數下限sumdaymin,1
"第12,49列",S2c Fixedclimb 承載量與天數,警政署入山 / c_id=217 義西請馬至山(花蓮縣-卓溪鄉),04 天數上限sumdaymax,1
"第12,49列",S2c Fixedclimb 承載量與天數,警政署入山 / c_id=217 義西請馬至山(花蓮縣-卓溪鄉),05 是否抽籤IsDraw,0
"第12,49列",S2c Fixedclimb 承載量與天數,警政署入山 / c_id=217 義西請馬至山(花蓮縣-卓溪鄉),06 許可證可印天數printdays,NULL
"第12,49列",S2c Fixedclimb 承載量與天數,警政署入山 / c_id=217 義西請馬至山(花蓮縣-卓溪鄉),07 是否雪季路線issnow,0
"第12,49列",S2c Fixedclimb 承載量與天數,警政署入山 / c_id=217 義西請馬至山(花蓮縣-卓溪鄉),08 人數檢查teamscountchk,NULL
"第12,49列",S2c Fixedclimb 承載量與天數,警政署入山 / c_id=218 義西請馬至山(花蓮縣-瑞穗鄉),01 假日承載量holidaynum,NULL
"第12,49列",S2c Fixedclimb 承載量與天數,警政署入山 / c_id=218 義西請馬至山(花蓮縣-瑞穗鄉),02 平日承載量generalnum,NULL
"第12,49列",S2c Fixedclimb 承載量與天數,警政署入山 / c_id=218 義西請馬至山(花蓮縣-瑞穗鄉),03 天數下限sumdaymin,1
"第12,49列",S2c Fixedclimb 承載量與天數,警政署入山 / c_id=218 義西請馬至山(花蓮縣-瑞穗鄉),04 天數上限sumdaymax,1
"第12,49列",S2c Fixedclimb 承載量與天數,警政署入山 / c_id=218 義西請馬至山(花蓮縣-瑞穗鄉),05 是否抽籤IsDraw,0
"第12,49列",S2c Fixedclimb 承載量與天數,警政署入山 / c_id=218 義西請馬至山(花蓮縣-瑞穗鄉),06 許可證可印天數printdays,NULL
"第12,49列",S2c Fixedclimb 承載量與天數,警政署入山 / c_id=218 義西請馬至山(花蓮縣-瑞穗鄉),07 是否雪季路線issnow,0
"第12,49列",S2c Fixedclimb 承載量與天數,警政署入山 / c_id=218 義西請馬至山(花蓮縣-瑞穗鄉),08 人數檢查teamscountchk,NULL
"第12,49列",S2c Fixedclimb 承載量與天數,警政署入山 / c_id=219 司馬庫斯古道(宜蘭縣-大同鄉),01 假日承載量holidaynum,NULL
"第12,49列",S2c Fixedclimb 承載量與天數,警政署入山 / c_id=219 司馬庫斯古道(宜蘭縣-大同鄉),02 平日承載量generalnum,NULL
"第12,49列",S2c Fixedclimb 承載量與天數,警政署入山 / c_id=219 司馬庫斯古道(宜蘭縣-大同鄉),03 天數下限sumdaymin,1
"第12,49列",S2c Fixedclimb 承載量與天數,警政署入山 / c_id=219 司馬庫斯古道(宜蘭縣-大同鄉),04 天數上限sumdaymax,1
"第12,49列",S2c Fixedclimb 承載量與天數,警政署入山 / c_id=219 司馬庫斯古道(宜蘭縣-大同鄉),05 是否抽籤IsDraw,0
"第12,49列",S2c Fixedclimb 承載量與天數,警政署入山 / c_id=219 司馬庫斯古道(宜蘭縣-大同鄉),06 許可證可印天數printdays,NULL
"第12,49列",S2c Fixedclimb 承載量與天數,警政署入山 / c_id=219 司馬庫斯古道(宜蘭縣-大同鄉),07 是否雪季路線issnow,0
"第12,49列",S2c Fixedclimb 承載量與天數,警政署入山 / c_id=219 司馬庫斯古道(宜蘭縣-大同鄉),08 人數檢查teamscountchk,NULL
"第12,49列",S2c Fixedclimb 承載量與天數,警政署入山 / c_id=220 海天寺(南投縣-信義鄉),01 假日承載量holidaynum,NULL
"第12,49列",S2c Fixedclimb 承載量與天數,警政署入山 / c_id=220 海天寺(南投縣-信義鄉),02 平日承載量generalnum,NULL
"第12,49列",S2c Fixedclimb 承載量與天數,警政署入山 / c_id=220 海天寺(南投縣-信義鄉),03 天數下限sumdaymin,1
"第12,49列",S2c Fixedclimb 承載量與天數,警政署入山 / c_id=220 海天寺(南投縣-信義鄉),04 天數上限sumdaymax,1
"第12,49列",S2c Fixedclimb 承載量與天數,警政署入山 / c_id=220 海天寺(南投縣-信義鄉),05 是否抽籤IsDraw,0
"第12,49列",S2c Fixedclimb 承載量與天數,警政署入山 / c_id=220 海天寺(南投縣-信義鄉),06 許可證可印天數printdays,NULL
"第12,49列",S2c Fixedclimb 承載量與天數,警政署入山 / c_id=220 海天寺(南投縣-信義鄉),07 是否雪季路線issnow,0
"第12,49列",S2c Fixedclimb 承載量與天數,警政署入山 / c_id=220 海天寺(南投縣-信義鄉),08 人數檢查teamscountchk,NULL
"第12,49列",S2c Fixedclimb 承載量與天數,警政署入山 / c_id=221 丹大林道(南投縣-信義鄉),01 假日承載量holidaynum,NULL
"第12,49列",S2c Fixedclimb 承載量與天數,警政署入山 / c_id=221 丹大林道(南投縣-信義鄉),02 平日承載量generalnum,NULL
"第12,49列",S2c Fixedclimb 承載量與天數,警政署入山 / c_id=221 丹大林道(南投縣-信義鄉),03 天數下限sumdaymin,1
"第12,49列",S2c Fixedclimb 承載量與天數,警政署入山 / c_id=221 丹大林道(南投縣-信義鄉),04 天數上限sumdaymax,1
"第12,49列",S2c Fixedclimb 承載量與天數,警政署入山 / c_id=221 丹大林道(南投縣-信義鄉),05 是否抽籤IsDraw,0
"第12,49列",S2c Fixedclimb 承載量與天數,警政署入山 / c_id=221 丹大林道(南投縣-信義鄉),06 許可證可印天數printdays,NULL
"第12,49列",S2c Fixedclimb 承載量與天數,警政署入山 / c_id=221 丹大林道(南投縣-信義鄉),07 是否雪季路線issnow,0
"第12,49列",S2c Fixedclimb 承載量與天數,警政署入山 / c_id=221 丹大林道(南投縣-信義鄉),08 人數檢查teamscountchk,NULL
"第12,49列",S2c Fixedclimb 承載量與天數,警政署入山 / c_id=222 人倫林道(南投縣-信義鄉),01 假日承載量holidaynum,NULL
"第12,49列",S2c Fixedclimb 承載量與天數,警政署入山 / c_id=222 人倫林道(南投縣-信義鄉),02 平日承載量generalnum,NULL
"第12,49列",S2c Fixedclimb 承載量與天數,警政署入山 / c_id=222 人倫林道(南投縣-信義鄉),03 天數下限sumdaymin,1
"第12,49列",S2c Fixedclimb 承載量與天數,警政署入山 / c_id=222 人倫林道(南投縣-信義鄉),04 天數上限sumdaymax,1
"第12,49列",S2c Fixedclimb 承載量與天數,警政署入山 / c_id=222 人倫林道(南投縣-信義鄉),05 是否抽籤IsDraw,0
"第12,49列",S2c Fixedclimb 承載量與天數,警政署入山 / c_id=222 人倫林道(南投縣-信義鄉),06 許可證可印天數printdays,NULL
"第12,49列",S2c Fixedclimb 承載量與天數,警政署入山 / c_id=222 人倫林道(南投縣-信義鄉),07 是否雪季路線issnow,0
"第12,49列",S2c Fixedclimb 承載量與天數,警政署入山 / c_id=222 人倫林道(南投縣-信義鄉),08 人數檢查teamscountchk,NULL
"第12,49列",S2c Fixedclimb 承載量與天數,警政署入山 / c_id=223 郡大林道(南投縣-信義鄉),01 假日承載量holidaynum,NULL
"第12,49列",S2c Fixedclimb 承載量與天數,警政署入山 / c_id=223 郡大林道(南投縣-信義鄉),02 平日承載量generalnum,NULL
"第12,49列",S2c Fixedclimb 承載量與天數,警政署入山 / c_id=223 郡大林道(南投縣-信義鄉),03 天數下限sumdaymin,1
"第12,49列",S2c Fixedclimb 承載量與天數,警政署入山 / c_id=223 郡大林道(南投縣-信義鄉),04 天數上限sumdaymax,1
"第12,49列",S2c Fixedclimb 承載量與天數,警政署入山 / c_id=223 郡大林道(南投縣-信義鄉),05 是否抽籤IsDraw,0
"第12,49列",S2c Fixedclimb 承載量與天數,警政署入山 / c_id=223 郡大林道(南投縣-信義鄉),06 許可證可印天數printdays,NULL
"第12,49列",S2c Fixedclimb 承載量與天數,警政署入山 / c_id=223 郡大林道(南投縣-信義鄉),07 是否雪季路線issnow,0
"第12,49列",S2c Fixedclimb 承載量與天數,警政署入山 / c_id=223 郡大林道(南投縣-信義鄉),08 人數檢查teamscountchk,NULL
"第12,49列",S2c Fixedclimb 承載量與天數,警政署入山 / c_id=224 卡社溪(南投縣-信義鄉),01 假日承載量holidaynum,NULL
"第12,49列",S2c Fixedclimb 承載量與天數,警政署入山 / c_id=224 卡社溪(南投縣-信義鄉),02 平日承載量generalnum,NULL
"第12,49列",S2c Fixedclimb 承載量與天數,警政署入山 / c_id=224 卡社溪(南投縣-信義鄉),03 天數下限sumdaymin,1
"第12,49列",S2c Fixedclimb 承載量與天數,警政署入山 / c_id=224 卡社溪(南投縣-信義鄉),04 天數上限sumdaymax,1
"第12,49列",S2c Fixedclimb 承載量與天數,警政署入山 / c_id=224 卡社溪(南投縣-信義鄉),05 是否抽籤IsDraw,0
"第12,49列",S2c Fixedclimb 承載量與天數,警政署入山 / c_id=224 卡社溪(南投縣-信義鄉),06 許可證可印天數printdays,NULL
"第12,49列",S2c Fixedclimb 承載量與天數,警政署入山 / c_id=224 卡社溪(南投縣-信義鄉),07 是否雪季路線issnow,0
"第12,49列",S2c Fixedclimb 承載量與天數,警政署入山 / c_id=224 卡社溪(南投縣-信義鄉),08 人數檢查teamscountchk,NULL
"第12,49列",S2c Fixedclimb 承載量與天數,警政署入山 / c_id=225 丹野農場(南投縣-信義鄉),01 假日承載量holidaynum,NULL
"第12,49列",S2c Fixedclimb 承載量與天數,警政署入山 / c_id=225 丹野農場(南投縣-信義鄉),02 平日承載量generalnum,NULL
"第12,49列",S2c Fixedclimb 承載量與天數,警政署入山 / c_id=225 丹野農場(南投縣-信義鄉),03 天數下限sumdaymin,1
"第12,49列",S2c Fixedclimb 承載量與天數,警政署入山 / c_id=225 丹野農場(南投縣-信義鄉),04 天數上限sumdaymax,1
"第12,49列",S2c Fixedclimb 承載量與天數,警政署入山 / c_id=225 丹野農場(南投縣-信義鄉),05 是否抽籤IsDraw,0
"第12,49列",S2c Fixedclimb 承載量與天數,警政署入山 / c_id=225 丹野農場(南投縣-信義鄉),06 許可證可印天數printdays,NULL
"第12,49列",S2c Fixedclimb 承載量與天數,警政署入山 / c_id=225 丹野農場(南投縣-信義鄉),07 是否雪季路線issnow,0
"第12,49列",S2c Fixedclimb 承載量與天數,警政署入山 / c_id=225 丹野農場(南投縣-信義鄉),08 人數檢查teamscountchk,NULL
"第12,49列",S2c Fixedclimb 承載量與天數,警政署入山 / c_id=226 東巒大山(南投縣-信義鄉),01 假日承載量holidaynum,NULL
"第12,49列",S2c Fixedclimb 承載量與天數,警政署入山 / c_id=226 東巒大山(南投縣-信義鄉),02 平日承載量generalnum,NULL
"第12,49列",S2c Fixedclimb 承載量與天數,警政署入山 / c_id=226 東巒大山(南投縣-信義鄉),03 天數下限sumdaymin,1
"第12,49列",S2c Fixedclimb 承載量與天數,警政署入山 / c_id=226 東巒大山(南投縣-信義鄉),04 天數上限sumdaymax,1
"第12,49列",S2c Fixedclimb 承載量與天數,警政署入山 / c_id=226 東巒大山(南投縣-信義鄉),05 是否抽籤IsDraw,0
"第12,49列",S2c Fixedclimb 承載量與天數,警政署入山 / c_id=226 東巒大山(南投縣-信義鄉),06 許可證可印天數printdays,NULL
"第12,49列",S2c Fixedclimb 承載量與天數,警政署入山 / c_id=226 東巒大山(南投縣-信義鄉),07 是否雪季路線issnow,0
"第12,49列",S2c Fixedclimb 承載量與天數,警政署入山 / c_id=226 東巒大山(南投縣-信義鄉),08 人數檢查teamscountchk,NULL
"第12,49列",S2c Fixedclimb 承載量與天數,警政署入山 / c_id=227 郡大山(南投縣-信義鄉),01 假日承載量holidaynum,NULL
"第12,49列",S2c Fixedclimb 承載量與天數,警政署入山 / c_id=227 郡大山(南投縣-信義鄉),02 平日承載量generalnum,NULL
"第12,49列",S2c Fixedclimb 承載量與天數,警政署入山 / c_id=227 郡大山(南投縣-信義鄉),03 天數下限sumdaymin,1
"第12,49列",S2c Fixedclimb 承載量與天數,警政署入山 / c_id=227 郡大山(南投縣-信義鄉),04 天數上限sumdaymax,1
"第12,49列",S2c Fixedclimb 承載量與天數,警政署入山 / c_id=227 郡大山(南投縣-信義鄉),05 是否抽籤IsDraw,0
"第12,49列",S2c Fixedclimb 承載量與天數,警政署入山 / c_id=227 郡大山(南投縣-信義鄉),06 許可證可印天數printdays,NULL
"第12,49列",S2c Fixedclimb 承載量與天數,警政署入山 / c_id=227 郡大山(南投縣-信義鄉),07 是否雪季路線issnow,0
"第12,49列",S2c Fixedclimb 承載量與天數,警政署入山 / c_id=227 郡大山(南投縣-信義鄉),08 人數檢查teamscountchk,NULL
"第12,49列",S2c Fixedclimb 承載量與天數,警政署入山 / c_id=228 六順山(南投縣-信義鄉),01 假日承載量holidaynum,NULL
"第12,49列",S2c Fixedclimb 承載量與天數,警政署入山 / c_id=228 六順山(南投縣-信義鄉),02 平日承載量generalnum,NULL
"第12,49列",S2c Fixedclimb 承載量與天數,警政署入山 / c_id=228 六順山(南投縣-信義鄉),03 天數下限sumdaymin,1
"第12,49列",S2c Fixedclimb 承載量與天數,警政署入山 / c_id=228 六順山(南投縣-信義鄉),04 天數上限sumdaymax,1
"第12,49列",S2c Fixedclimb 承載量與天數,警政署入山 / c_id=228 六順山(南投縣-信義鄉),05 是否抽籤IsDraw,0
"第12,49列",S2c Fixedclimb 承載量與天數,警政署入山 / c_id=228 六順山(南投縣-信義鄉),06 許可證可印天數printdays,NULL
"第12,49列",S2c Fixedclimb 承載量與天數,警政署入山 / c_id=228 六順山(南投縣-信義鄉),07 是否雪季路線issnow,0
"第12,49列",S2c Fixedclimb 承載量與天數,警政署入山 / c_id=228 六順山(南投縣-信義鄉),08 人數檢查teamscountchk,NULL
"第12,49列",S2c Fixedclimb 承載量與天數,警政署入山 / c_id=229 觀高(南投縣-信義鄉),01 假日承載量holidaynum,NULL
"第12,49列",S2c Fixedclimb 承載量與天數,警政署入山 / c_id=229 觀高(南投縣-信義鄉),02 平日承載量generalnum,NULL
"第12,49列",S2c Fixedclimb 承載量與天數,警政署入山 / c_id=229 觀高(南投縣-信義鄉),03 天數下限sumdaymin,1
"第12,49列",S2c Fixedclimb 承載量與天數,警政署入山 / c_id=229 觀高(南投縣-信義鄉),04 天數上限sumdaymax,1
"第12,49列",S2c Fixedclimb 承載量與天數,警政署入山 / c_id=229 觀高(南投縣-信義鄉),05 是否抽籤IsDraw,0
"第12,49列",S2c Fixedclimb 承載量與天數,警政署入山 / c_id=229 觀高(南投縣-信義鄉),06 許可證可印天數printdays,NULL
"第12,49列",S2c Fixedclimb 承載量與天數,警政署入山 / c_id=229 觀高(南投縣-信義鄉),07 是否雪季路線issnow,0
"第12,49列",S2c Fixedclimb 承載量與天數,警政署入山 / c_id=229 觀高(南投縣-信義鄉),08 人數檢查teamscountchk,NULL
"第12,49列",S2c Fixedclimb 承載量與天數,警政署入山 / c_id=230 八通關古道(南投縣-信義鄉),01 假日承載量holidaynum,NULL
"第12,49列",S2c Fixedclimb 承載量與天數,警政署入山 / c_id=230 八通關古道(南投縣-信義鄉),02 平日承載量generalnum,NULL
"第12,49列",S2c Fixedclimb 承載量與天數,警政署入山 / c_id=230 八通關古道(南投縣-信義鄉),03 天數下限sumdaymin,1
"第12,49列",S2c Fixedclimb 承載量與天數,警政署入山 / c_id=230 八通關古道(南投縣-信義鄉),04 天數上限sumdaymax,1
"第12,49列",S2c Fixedclimb 承載量與天數,警政署入山 / c_id=230 八通關古道(南投縣-信義鄉),05 是否抽籤IsDraw,0
"第12,49列",S2c Fixedclimb 承載量與天數,警政署入山 / c_id=230 八通關古道(南投縣-信義鄉),06 許可證可印天數printdays,NULL
"第12,49列",S2c Fixedclimb 承載量與天數,警政署入山 / c_id=230 八通關古道(南投縣-信義鄉),07 是否雪季路線issnow,0
"第12,49列",S2c Fixedclimb 承載量與天數,警政署入山 / c_id=230 八通關古道(南投縣-信義鄉),08 人數檢查teamscountchk,NULL
"第12,49列",S2c Fixedclimb 承載量與天數,警政署入山 / c_id=231 八通關山(南投縣-信義鄉),01 假日承載量holidaynum,NULL
"第12,49列",S2c Fixedclimb 承載量與天數,警政署入山 / c_id=231 八通關山(南投縣-信義鄉),02 平日承載量generalnum,NULL
"第12,49列",S2c Fixedclimb 承載量與天數,警政署入山 / c_id=231 八通關山(南投縣-信義鄉),03 天數下限sumdaymin,1
"第12,49列",S2c Fixedclimb 承載量與天數,警政署入山 / c_id=231 八通關山(南投縣-信義鄉),04 天數上限sumdaymax,1
"第12,49列",S2c Fixedclimb 承載量與天數,警政署入山 / c_id=231 八通關山(南投縣-信義鄉),05 是否抽籤IsDraw,0
"第12,49列",S2c Fixedclimb 承載量與天數,警政署入山 / c_id=231 八通關山(南投縣-信義鄉),06 許可證可印天數printdays,NULL
"第12,49列",S2c Fixedclimb 承載量與天數,警政署入山 / c_id=231 八通關山(南投縣-信義鄉),07 是否雪季路線issnow,0
"第12,49列",S2c Fixedclimb 承載量與天數,警政署入山 / c_id=231 八通關山(南投縣-信義鄉),08 人數檢查teamscountchk,NULL
"第12,49列",S2c Fixedclimb 承載量與天數,警政署入山 / c_id=232 西巒大山(南投縣-信義鄉),01 假日承載量holidaynum,NULL
"第12,49列",S2c Fixedclimb 承載量與天數,警政署入山 / c_id=232 西巒大山(南投縣-信義鄉),02 平日承載量generalnum,NULL
"第12,49列",S2c Fixedclimb 承載量與天數,警政署入山 / c_id=232 西巒大山(南投縣-信義鄉),03 天數下限sumdaymin,1
"第12,49列",S2c Fixedclimb 承載量與天數,警政署入山 / c_id=232 西巒大山(南投縣-信義鄉),04 天數上限sumdaymax,1
"第12,49列",S2c Fixedclimb 承載量與天數,警政署入山 / c_id=232 西巒大山(南投縣-信義鄉),05 是否抽籤IsDraw,0
"第12,49列",S2c Fixedclimb 承載量與天數,警政署入山 / c_id=232 西巒大山(南投縣-信義鄉),06 許可證可印天數printdays,NULL
"第12,49列",S2c Fixedclimb 承載量與天數,警政署入山 / c_id=232 西巒大山(南投縣-信義鄉),07 是否雪季路線issnow,0
"第12,49列",S2c Fixedclimb 承載量與天數,警政署入山 / c_id=232 西巒大山(南投縣-信義鄉),08 人數檢查teamscountchk,NULL
"第12,49列",S2c Fixedclimb 承載量與天數,警政署入山 / c_id=233 八通關大草原(南投縣-信義鄉),01 假日承載量holidaynum,NULL
"第12,49列",S2c Fixedclimb 承載量與天數,警政署入山 / c_id=233 八通關大草原(南投縣-信義鄉),02 平日承載量generalnum,NULL
"第12,49列",S2c Fixedclimb 承載量與天數,警政署入山 / c_id=233 八通關大草原(南投縣-信義鄉),03 天數下限sumdaymin,1
"第12,49列",S2c Fixedclimb 承載量與天數,警政署入山 / c_id=233 八通關大草原(南投縣-信義鄉),04 天數上限sumdaymax,1
"第12,49列",S2c Fixedclimb 承載量與天數,警政署入山 / c_id=233 八通關大草原(南投縣-信義鄉),05 是否抽籤IsDraw,0
"第12,49列",S2c Fixedclimb 承載量與天數,警政署入山 / c_id=233 八通關大草原(南投縣-信義鄉),06 許可證可印天數printdays,NULL
"第12,49列",S2c Fixedclimb 承載量與天數,警政署入山 / c_id=233 八通關大草原(南投縣-信義鄉),07 是否雪季路線issnow,0
"第12,49列",S2c Fixedclimb 承載量與天數,警政署入山 / c_id=233 八通關大草原(南投縣-信義鄉),08 人數檢查teamscountchk,NULL
"第12,49列",S2c Fixedclimb 承載量與天數,警政署入山 / c_id=234 大水窟山(南投縣-信義鄉),01 假日承載量holidaynum,NULL
"第12,49列",S2c Fixedclimb 承載量與天數,警政署入山 / c_id=234 大水窟山(南投縣-信義鄉),02 平日承載量generalnum,NULL
"第12,49列",S2c Fixedclimb 承載量與天數,警政署入山 / c_id=234 大水窟山(南投縣-信義鄉),03 天數下限sumdaymin,1
"第12,49列",S2c Fixedclimb 承載量與天數,警政署入山 / c_id=234 大水窟山(南投縣-信義鄉),04 天數上限sumdaymax,1
"第12,49列",S2c Fixedclimb 承載量與天數,警政署入山 / c_id=234 大水窟山(南投縣-信義鄉),05 是否抽籤IsDraw,0
"第12,49列",S2c Fixedclimb 承載量與天數,警政署入山 / c_id=234 大水窟山(南投縣-信義鄉),06 許可證可印天數printdays,NULL
"第12,49列",S2c Fixedclimb 承載量與天數,警政署入山 / c_id=234 大水窟山(南投縣-信義鄉),07 是否雪季路線issnow,0
"第12,49列",S2c Fixedclimb 承載量與天數,警政署入山 / c_id=234 大水窟山(南投縣-信義鄉),08 人數檢查teamscountchk,NULL
"第12,49列",S2c Fixedclimb 承載量與天數,警政署入山 / c_id=235 望鄉山(南投縣-信義鄉),01 假日承載量holidaynum,NULL
"第12,49列",S2c Fixedclimb 承載量與天數,警政署入山 / c_id=235 望鄉山(南投縣-信義鄉),02 平日承載量generalnum,NULL
"第12,49列",S2c Fixedclimb 承載量與天數,警政署入山 / c_id=235 望鄉山(南投縣-信義鄉),03 天數下限sumdaymin,1
"第12,49列",S2c Fixedclimb 承載量與天數,警政署入山 / c_id=235 望鄉山(南投縣-信義鄉),04 天數上限sumdaymax,1
"第12,49列",S2c Fixedclimb 承載量與天數,警政署入山 / c_id=235 望鄉山(南投縣-信義鄉),05 是否抽籤IsDraw,0
"第12,49列",S2c Fixedclimb 承載量與天數,警政署入山 / c_id=235 望鄉山(南投縣-信義鄉),06 許可證可印天數printdays,NULL
"第12,49列",S2c Fixedclimb 承載量與天數,警政署入山 / c_id=235 望鄉山(南投縣-信義鄉),07 是否雪季路線issnow,0
"第12,49列",S2c Fixedclimb 承載量與天數,警政署入山 / c_id=235 望鄉山(南投縣-信義鄉),08 人數檢查teamscountchk,NULL
"第12,49列",S2c Fixedclimb 承載量與天數,警政署入山 / c_id=236 卓社大山(南投縣-信義鄉),01 假日承載量holidaynum,NULL
"第12,49列",S2c Fixedclimb 承載量與天數,警政署入山 / c_id=236 卓社大山(南投縣-信義鄉),02 平日承載量generalnum,NULL
"第12,49列",S2c Fixedclimb 承載量與天數,警政署入山 / c_id=236 卓社大山(南投縣-信義鄉),03 天數下限sumdaymin,1
"第12,49列",S2c Fixedclimb 承載量與天數,警政署入山 / c_id=236 卓社大山(南投縣-信義鄉),04 天數上限sumdaymax,1
"第12,49列",S2c Fixedclimb 承載量與天數,警政署入山 / c_id=236 卓社大山(南投縣-信義鄉),05 是否抽籤IsDraw,0
"第12,49列",S2c Fixedclimb 承載量與天數,警政署入山 / c_id=236 卓社大山(南投縣-信義鄉),06 許可證可印天數printdays,NULL
"第12,49列",S2c Fixedclimb 承載量與天數,警政署入山 / c_id=236 卓社大山(南投縣-信義鄉),07 是否雪季路線issnow,0
"第12,49列",S2c Fixedclimb 承載量與天數,警政署入山 / c_id=236 卓社大山(南投縣-信義鄉),08 人數檢查teamscountchk,NULL
"第12,49列",S2c Fixedclimb 承載量與天數,警政署入山 / c_id=237 沙里仙林道(南投縣-信義鄉),01 假日承載量holidaynum,NULL
"第12,49列",S2c Fixedclimb 承載量與天數,警政署入山 / c_id=237 沙里仙林道(南投縣-信義鄉),02 平日承載量generalnum,NULL
"第12,49列",S2c Fixedclimb 承載量與天數,警政署入山 / c_id=237 沙里仙林道(南投縣-信義鄉),03 天數下限sumdaymin,1
"第12,49列",S2c Fixedclimb 承載量與天數,警政署入山 / c_id=237 沙里仙林道(南投縣-信義鄉),04 天數上限sumdaymax,1
"第12,49列",S2c Fixedclimb 承載量與天數,警政署入山 / c_id=237 沙里仙林道(南投縣-信義鄉),05 是否抽籤IsDraw,0
"第12,49列",S2c Fixedclimb 承載量與天數,警政署入山 / c_id=237 沙里仙林道(南投縣-信義鄉),06 許可證可印天數printdays,NULL
"第12,49列",S2c Fixedclimb 承載量與天數,警政署入山 / c_id=237 沙里仙林道(南投縣-信義鄉),07 是否雪季路線issnow,0
"第12,49列",S2c Fixedclimb 承載量與天數,警政署入山 / c_id=237 沙里仙林道(南投縣-信義鄉),08 人數檢查teamscountchk,NULL
"第12,49列",S2c Fixedclimb 承載量與天數,警政署入山 / c_id=238 治茆山(南投縣-信義鄉),01 假日承載量holidaynum,NULL
"第12,49列",S2c Fixedclimb 承載量與天數,警政署入山 / c_id=238 治茆山(南投縣-信義鄉),02 平日承載量generalnum,NULL
"第12,49列",S2c Fixedclimb 承載量與天數,警政署入山 / c_id=238 治茆山(南投縣-信義鄉),03 天數下限sumdaymin,1
"第12,49列",S2c Fixedclimb 承載量與天數,警政署入山 / c_id=238 治茆山(南投縣-信義鄉),04 天數上限sumdaymax,1
"第12,49列",S2c Fixedclimb 承載量與天數,警政署入山 / c_id=238 治茆山(南投縣-信義鄉),05 是否抽籤IsDraw,0
"第12,49列",S2c Fixedclimb 承載量與天數,警政署入山 / c_id=238 治茆山(南投縣-信義鄉),06 許可證可印天數printdays,NULL
"第12,49列",S2c Fixedclimb 承載量與天數,警政署入山 / c_id=238 治茆山(南投縣-信義鄉),07 是否雪季路線issnow,0
"第12,49列",S2c Fixedclimb 承載量與天數,警政署入山 / c_id=238 治茆山(南投縣-信義鄉),08 人數檢查teamscountchk,NULL
"第12,49列",S2c Fixedclimb 承載量與天數,警政署入山 / c_id=239 神木林道(南投縣-信義鄉),01 假日承載量holidaynum,NULL
"第12,49列",S2c Fixedclimb 承載量與天數,警政署入山 / c_id=239 神木林道(南投縣-信義鄉),02 平日承載量generalnum,NULL
"第12,49列",S2c Fixedclimb 承載量與天數,警政署入山 / c_id=239 神木林道(南投縣-信義鄉),03 天數下限sumdaymin,1
"第12,49列",S2c Fixedclimb 承載量與天數,警政署入山 / c_id=239 神木林道(南投縣-信義鄉),04 天數上限sumdaymax,1
"第12,49列",S2c Fixedclimb 承載量與天數,警政署入山 / c_id=239 神木林道(南投縣-信義鄉),05 是否抽籤IsDraw,0
"第12,49列",S2c Fixedclimb 承載量與天數,警政署入山 / c_id=239 神木林道(南投縣-信義鄉),06 許可證可印天數printdays,NULL
"第12,49列",S2c Fixedclimb 承載量與天數,警政署入山 / c_id=239 神木林道(南投縣-信義鄉),07 是否雪季路線issnow,0
"第12,49列",S2c Fixedclimb 承載量與天數,警政署入山 / c_id=239 神木林道(南投縣-信義鄉),08 人數檢查teamscountchk,NULL
"第12,49列",S2c Fixedclimb 承載量與天數,警政署入山 / c_id=240 巴庫拉斯(南投縣-信義鄉),01 假日承載量holidaynum,NULL
"第12,49列",S2c Fixedclimb 承載量與天數,警政署入山 / c_id=240 巴庫拉斯(南投縣-信義鄉),02 平日承載量generalnum,NULL
"第12,49列",S2c Fixedclimb 承載量與天數,警政署入山 / c_id=240 巴庫拉斯(南投縣-信義鄉),03 天數下限sumdaymin,1
"第12,49列",S2c Fixedclimb 承載量與天數,警政署入山 / c_id=240 巴庫拉斯(南投縣-信義鄉),04 天數上限sumdaymax,1
"第12,49列",S2c Fixedclimb 承載量與天數,警政署入山 / c_id=240 巴庫拉斯(南投縣-信義鄉),05 是否抽籤IsDraw,0
"第12,49列",S2c Fixedclimb 承載量與天數,警政署入山 / c_id=240 巴庫拉斯(南投縣-信義鄉),06 許可證可印天數printdays,NULL
"第12,49列",S2c Fixedclimb 承載量與天數,警政署入山 / c_id=240 巴庫拉斯(南投縣-信義鄉),07 是否雪季路線issnow,0
"第12,49列",S2c Fixedclimb 承載量與天數,警政署入山 / c_id=240 巴庫拉斯(南投縣-信義鄉),08 人數檢查teamscountchk,NULL
"第12,49列",S2c Fixedclimb 承載量與天數,警政署入山 / c_id=241 地利村(南投縣-信義鄉),01 假日承載量holidaynum,NULL
"第12,49列",S2c Fixedclimb 承載量與天數,警政署入山 / c_id=241 地利村(南投縣-信義鄉),02 平日承載量generalnum,NULL
"第12,49列",S2c Fixedclimb 承載量與天數,警政署入山 / c_id=241 地利村(南投縣-信義鄉),03 天數下限sumdaymin,1
"第12,49列",S2c Fixedclimb 承載量與天數,警政署入山 / c_id=241 地利村(南投縣-信義鄉),04 天數上限sumdaymax,1
"第12,49列",S2c Fixedclimb 承載量與天數,警政署入山 / c_id=241 地利村(南投縣-信義鄉),05 是否抽籤IsDraw,0
"第12,49列",S2c Fixedclimb 承載量與天數,警政署入山 / c_id=241 地利村(南投縣-信義鄉),06 許可證可印天數printdays,NULL
"第12,49列",S2c Fixedclimb 承載量與天數,警政署入山 / c_id=241 地利村(南投縣-信義鄉),07 是否雪季路線issnow,0
"第12,49列",S2c Fixedclimb 承載量與天數,警政署入山 / c_id=241 地利村(南投縣-信義鄉),08 人數檢查teamscountchk,NULL
"第12,49列",S2c Fixedclimb 承載量與天數,警政署入山 / c_id=242 達芬尖山(南投縣-信義鄉),01 假日承載量holidaynum,NULL
"第12,49列",S2c Fixedclimb 承載量與天數,警政署入山 / c_id=242 達芬尖山(南投縣-信義鄉),02 平日承載量generalnum,NULL
"第12,49列",S2c Fixedclimb 承載量與天數,警政署入山 / c_id=242 達芬尖山(南投縣-信義鄉),03 天數下限sumdaymin,1
"第12,49列",S2c Fixedclimb 承載量與天數,警政署入山 / c_id=242 達芬尖山(南投縣-信義鄉),04 天數上限sumdaymax,1
"第12,49列",S2c Fixedclimb 承載量與天數,警政署入山 / c_id=242 達芬尖山(南投縣-信義鄉),05 是否抽籤IsDraw,0
"第12,49列",S2c Fixedclimb 承載量與天數,警政署入山 / c_id=242 達芬尖山(南投縣-信義鄉),06 許可證可印天數printdays,NULL
"第12,49列",S2c Fixedclimb 承載量與天數,警政署入山 / c_id=242 達芬尖山(南投縣-信義鄉),07 是否雪季路線issnow,0
"第12,49列",S2c Fixedclimb 承載量與天數,警政署入山 / c_id=242 達芬尖山(南投縣-信義鄉),08 人數檢查teamscountchk,NULL
"第12,49列",S2c Fixedclimb 承載量與天數,警政署入山 / c_id=243 天時農場(南投縣-信義鄉),01 假日承載量holidaynum,NULL
"第12,49列",S2c Fixedclimb 承載量與天數,警政署入山 / c_id=243 天時農場(南投縣-信義鄉),02 平日承載量generalnum,NULL
"第12,49列",S2c Fixedclimb 承載量與天數,警政署入山 / c_id=243 天時農場(南投縣-信義鄉),03 天數下限sumdaymin,1
"第12,49列",S2c Fixedclimb 承載量與天數,警政署入山 / c_id=243 天時農場(南投縣-信義鄉),04 天數上限sumdaymax,1
"第12,49列",S2c Fixedclimb 承載量與天數,警政署入山 / c_id=243 天時農場(南投縣-信義鄉),05 是否抽籤IsDraw,0
"第12,49列",S2c Fixedclimb 承載量與天數,警政署入山 / c_id=243 天時農場(南投縣-信義鄉),06 許可證可印天數printdays,NULL
"第12,49列",S2c Fixedclimb 承載量與天數,警政署入山 / c_id=243 天時農場(南投縣-信義鄉),07 是否雪季路線issnow,0
"第12,49列",S2c Fixedclimb 承載量與天數,警政署入山 / c_id=243 天時農場(南投縣-信義鄉),08 人數檢查teamscountchk,NULL
"第12,49列",S2c Fixedclimb 承載量與天數,警政署入山 / c_id=244 望美村(南投縣-信義鄉),01 假日承載量holidaynum,NULL
"第12,49列",S2c Fixedclimb 承載量與天數,警政署入山 / c_id=244 望美村(南投縣-信義鄉),02 平日承載量generalnum,NULL
"第12,49列",S2c Fixedclimb 承載量與天數,警政署入山 / c_id=244 望美村(南投縣-信義鄉),03 天數下限sumdaymin,1
"第12,49列",S2c Fixedclimb 承載量與天數,警政署入山 / c_id=244 望美村(南投縣-信義鄉),04 天數上限sumdaymax,1
"第12,49列",S2c Fixedclimb 承載量與天數,警政署入山 / c_id=244 望美村(南投縣-信義鄉),05 是否抽籤IsDraw,0
"第12,49列",S2c Fixedclimb 承載量與天數,警政署入山 / c_id=244 望美村(南投縣-信義鄉),06 許可證可印天數printdays,NULL
"第12,49列",S2c Fixedclimb 承載量與天數,警政署入山 / c_id=244 望美村(南投縣-信義鄉),07 是否雪季路線issnow,0
"第12,49列",S2c Fixedclimb 承載量與天數,警政署入山 / c_id=244 望美村(南投縣-信義鄉),08 人數檢查teamscountchk,NULL
"第12,49列",S2c Fixedclimb 承載量與天數,警政署入山 / c_id=245 雙龍村(南投縣-信義鄉),01 假日承載量holidaynum,NULL
"第12,49列",S2c Fixedclimb 承載量與天數,警政署入山 / c_id=245 雙龍村(南投縣-信義鄉),02 平日承載量generalnum,NULL
"第12,49列",S2c Fixedclimb 承載量與天數,警政署入山 / c_id=245 雙龍村(南投縣-信義鄉),03 天數下限sumdaymin,1
"第12,49列",S2c Fixedclimb 承載量與天數,警政署入山 / c_id=245 雙龍村(南投縣-信義鄉),04 天數上限sumdaymax,1
"第12,49列",S2c Fixedclimb 承載量與天數,警政署入山 / c_id=245 雙龍村(南投縣-信義鄉),05 是否抽籤IsDraw,0
"第12,49列",S2c Fixedclimb 承載量與天數,警政署入山 / c_id=245 雙龍村(南投縣-信義鄉),06 許可證可印天數printdays,NULL
"第12,49列",S2c Fixedclimb 承載量與天數,警政署入山 / c_id=245 雙龍村(南投縣-信義鄉),07 是否雪季路線issnow,0
"第12,49列",S2c Fixedclimb 承載量與天數,警政署入山 / c_id=245 雙龍村(南投縣-信義鄉),08 人數檢查teamscountchk,NULL
"第12,49列",S2c Fixedclimb 承載量與天數,警政署入山 / c_id=246 神木村(南投縣-信義鄉),01 假日承載量holidaynum,NULL
"第12,49列",S2c Fixedclimb 承載量與天數,警政署入山 / c_id=246 神木村(南投縣-信義鄉),02 平日承載量generalnum,NULL
"第12,49列",S2c Fixedclimb 承載量與天數,警政署入山 / c_id=246 神木村(南投縣-信義鄉),03 天數下限sumdaymin,1
"第12,49列",S2c Fixedclimb 承載量與天數,警政署入山 / c_id=246 神木村(南投縣-信義鄉),04 天數上限sumdaymax,1
"第12,49列",S2c Fixedclimb 承載量與天數,警政署入山 / c_id=246 神木村(南投縣-信義鄉),05 是否抽籤IsDraw,0
"第12,49列",S2c Fixedclimb 承載量與天數,警政署入山 / c_id=246 神木村(南投縣-信義鄉),06 許可證可印天數printdays,NULL
"第12,49列",S2c Fixedclimb 承載量與天數,警政署入山 / c_id=246 神木村(南投縣-信義鄉),07 是否雪季路線issnow,0
"第12,49列",S2c Fixedclimb 承載量與天數,警政署入山 / c_id=246 神木村(南投縣-信義鄉),08 人數檢查teamscountchk,NULL
"第12,49列",S2c Fixedclimb 承載量與天數,警政署入山 / c_id=247 新鄉村(南投縣-信義鄉),01 假日承載量holidaynum,NULL
"第12,49列",S2c Fixedclimb 承載量與天數,警政署入山 / c_id=247 新鄉村(南投縣-信義鄉),02 平日承載量generalnum,NULL
"第12,49列",S2c Fixedclimb 承載量與天數,警政署入山 / c_id=247 新鄉村(南投縣-信義鄉),03 天數下限sumdaymin,1
"第12,49列",S2c Fixedclimb 承載量與天數,警政署入山 / c_id=247 新鄉村(南投縣-信義鄉),04 天數上限sumdaymax,1
"第12,49列",S2c Fixedclimb 承載量與天數,警政署入山 / c_id=247 新鄉村(南投縣-信義鄉),05 是否抽籤IsDraw,0
"第12,49列",S2c Fixedclimb 承載量與天數,警政署入山 / c_id=247 新鄉村(南投縣-信義鄉),06 許可證可印天數printdays,NULL
"第12,49列",S2c Fixedclimb 承載量與天數,警政署入山 / c_id=247 新鄉村(南投縣-信義鄉),07 是否雪季路線issnow,0
"第12,49列",S2c Fixedclimb 承載量與天數,警政署入山 / c_id=247 新鄉村(南投縣-信義鄉),08 人數檢查teamscountchk,NULL
"第12,49列",S2c Fixedclimb 承載量與天數,警政署入山 / c_id=248 雙龍村瀑布遊覽區(南投縣-信義鄉),01 假日承載量holidaynum,NULL
"第12,49列",S2c Fixedclimb 承載量與天數,警政署入山 / c_id=248 雙龍村瀑布遊覽區(南投縣-信義鄉),02 平日承載量generalnum,NULL
"第12,49列",S2c Fixedclimb 承載量與天數,警政署入山 / c_id=248 雙龍村瀑布遊覽區(南投縣-信義鄉),03 天數下限sumdaymin,1
"第12,49列",S2c Fixedclimb 承載量與天數,警政署入山 / c_id=248 雙龍村瀑布遊覽區(南投縣-信義鄉),04 天數上限sumdaymax,1
"第12,49列",S2c Fixedclimb 承載量與天數,警政署入山 / c_id=248 雙龍村瀑布遊覽區(南投縣-信義鄉),05 是否抽籤IsDraw,0
"第12,49列",S2c Fixedclimb 承載量與天數,警政署入山 / c_id=248 雙龍村瀑布遊覽區(南投縣-信義鄉),06 許可證可印天數printdays,NULL
"第12,49列",S2c Fixedclimb 承載量與天數,警政署入山 / c_id=248 雙龍村瀑布遊覽區(南投縣-信義鄉),07 是否雪季路線issnow,0
"第12,49列",S2c Fixedclimb 承載量與天數,警政署入山 / c_id=248 雙龍村瀑布遊覽區(南投縣-信義鄉),08 人數檢查teamscountchk,NULL
"第12,49列",S2c Fixedclimb 承載量與天數,警政署入山 / c_id=249 人和村(南投縣-信義鄉),01 假日承載量holidaynum,NULL
"第12,49列",S2c Fixedclimb 承載量與天數,警政署入山 / c_id=249 人和村(南投縣-信義鄉),02 平日承載量generalnum,NULL
"第12,49列",S2c Fixedclimb 承載量與天數,警政署入山 / c_id=249 人和村(南投縣-信義鄉),03 天數下限sumdaymin,1
"第12,49列",S2c Fixedclimb 承載量與天數,警政署入山 / c_id=249 人和村(南投縣-信義鄉),04 天數上限sumdaymax,1
"第12,49列",S2c Fixedclimb 承載量與天數,警政署入山 / c_id=249 人和村(南投縣-信義鄉),05 是否抽籤IsDraw,0
"第12,49列",S2c Fixedclimb 承載量與天數,警政署入山 / c_id=249 人和村(南投縣-信義鄉),06 許可證可印天數printdays,NULL
"第12,49列",S2c Fixedclimb 承載量與天數,警政署入山 / c_id=249 人和村(南投縣-信義鄉),07 是否雪季路線issnow,0
"第12,49列",S2c Fixedclimb 承載量與天數,警政署入山 / c_id=249 人和村(南投縣-信義鄉),08 人數檢查teamscountchk,NULL
"第12,49列",S2c Fixedclimb 承載量與天數,警政署入山 / c_id=250 明德村(南投縣-信義鄉),01 假日承載量holidaynum,NULL
"第12,49列",S2c Fixedclimb 承載量與天數,警政署入山 / c_id=250 明德村(南投縣-信義鄉),02 平日承載量generalnum,NULL
"第12,49列",S2c Fixedclimb 承載量與天數,警政署入山 / c_id=250 明德村(南投縣-信義鄉),03 天數下限sumdaymin,1
"第12,49列",S2c Fixedclimb 承載量與天數,警政署入山 / c_id=250 明德村(南投縣-信義鄉),04 天數上限sumdaymax,1
"第12,49列",S2c Fixedclimb 承載量與天數,警政署入山 / c_id=250 明德村(南投縣-信義鄉),05 是否抽籤IsDraw,0
"第12,49列",S2c Fixedclimb 承載量與天數,警政署入山 / c_id=250 明德村(南投縣-信義鄉),06 許可證可印天數printdays,NULL
"第12,49列",S2c Fixedclimb 承載量與天數,警政署入山 / c_id=250 明德村(南投縣-信義鄉),07 是否雪季路線issnow,0
"第12,49列",S2c Fixedclimb 承載量與天數,警政署入山 / c_id=250 明德村(南投縣-信義鄉),08 人數檢查teamscountchk,NULL
"第12,49列",S2c Fixedclimb 承載量與天數,警政署入山 / c_id=251 潭南村(南投縣-信義鄉),01 假日承載量holidaynum,NULL
"第12,49列",S2c Fixedclimb 承載量與天數,警政署入山 / c_id=251 潭南村(南投縣-信義鄉),02 平日承載量generalnum,NULL
"第12,49列",S2c Fixedclimb 承載量與天數,警政署入山 / c_id=251 潭南村(南投縣-信義鄉),03 天數下限sumdaymin,1
"第12,49列",S2c Fixedclimb 承載量與天數,警政署入山 / c_id=251 潭南村(南投縣-信義鄉),04 天數上限sumdaymax,1
"第12,49列",S2c Fixedclimb 承載量與天數,警政署入山 / c_id=251 潭南村(南投縣-信義鄉),05 是否抽籤IsDraw,0
"第12,49列",S2c Fixedclimb 承載量與天數,警政署入山 / c_id=251 潭南村(南投縣-信義鄉),06 許可證可印天數printdays,NULL
"第12,49列",S2c Fixedclimb 承載量與天數,警政署入山 / c_id=251 潭南村(南投縣-信義鄉),07 是否雪季路線issnow,0
"第12,49列",S2c Fixedclimb 承載量與天數,警政署入山 / c_id=251 潭南村(南投縣-信義鄉),08 人數檢查teamscountchk,NULL
"第12,49列",S2c Fixedclimb 承載量與天數,警政署入山 / c_id=252 合流坪(南投縣-信義鄉),01 假日承載量holidaynum,NULL
"第12,49列",S2c Fixedclimb 承載量與天數,警政署入山 / c_id=252 合流坪(南投縣-信義鄉),02 平日承載量generalnum,NULL
"第12,49列",S2c Fixedclimb 承載量與天數,警政署入山 / c_id=252 合流坪(南投縣-信義鄉),03 天數下限sumdaymin,1
"第12,49列",S2c Fixedclimb 承載量與天數,警政署入山 / c_id=252 合流坪(南投縣-信義鄉),04 天數上限sumdaymax,1
"第12,49列",S2c Fixedclimb 承載量與天數,警政署入山 / c_id=252 合流坪(南投縣-信義鄉),05 是否抽籤IsDraw,0
"第12,49列",S2c Fixedclimb 承載量與天數,警政署入山 / c_id=252 合流坪(南投縣-信義鄉),06 許可證可印天數printdays,NULL
"第12,49列",S2c Fixedclimb 承載量與天數,警政署入山 / c_id=252 合流坪(南投縣-信義鄉),07 是否雪季路線issnow,0
"第12,49列",S2c Fixedclimb 承載量與天數,警政署入山 / c_id=252 合流坪(南投縣-信義鄉),08 人數檢查teamscountchk,NULL
"第12,49列",S2c Fixedclimb 承載量與天數,警政署入山 / c_id=253 馬博拉斯山(南投縣-信義鄉),01 假日承載量holidaynum,NULL
"第12,49列",S2c Fixedclimb 承載量與天數,警政署入山 / c_id=253 馬博拉斯山(南投縣-信義鄉),02 平日承載量generalnum,NULL
"第12,49列",S2c Fixedclimb 承載量與天數,警政署入山 / c_id=253 馬博拉斯山(南投縣-信義鄉),03 天數下限sumdaymin,1
"第12,49列",S2c Fixedclimb 承載量與天數,警政署入山 / c_id=253 馬博拉斯山(南投縣-信義鄉),04 天數上限sumdaymax,1
"第12,49列",S2c Fixedclimb 承載量與天數,警政署入山 / c_id=253 馬博拉斯山(南投縣-信義鄉),05 是否抽籤IsDraw,0
"第12,49列",S2c Fixedclimb 承載量與天數,警政署入山 / c_id=253 馬博拉斯山(南投縣-信義鄉),06 許可證可印天數printdays,NULL
"第12,49列",S2c Fixedclimb 承載量與天數,警政署入山 / c_id=253 馬博拉斯山(南投縣-信義鄉),07 是否雪季路線issnow,0
"第12,49列",S2c Fixedclimb 承載量與天數,警政署入山 / c_id=253 馬博拉斯山(南投縣-信義鄉),08 人數檢查teamscountchk,NULL
"第12,49列",S2c Fixedclimb 承載量與天數,警政署入山 / c_id=254 東埔村(南投縣-信義鄉),01 假日承載量holidaynum,NULL
"第12,49列",S2c Fixedclimb 承載量與天數,警政署入山 / c_id=254 東埔村(南投縣-信義鄉),02 平日承載量generalnum,NULL
"第12,49列",S2c Fixedclimb 承載量與天數,警政署入山 / c_id=254 東埔村(南投縣-信義鄉),03 天數下限sumdaymin,1
"第12,49列",S2c Fixedclimb 承載量與天數,警政署入山 / c_id=254 東埔村(南投縣-信義鄉),04 天數上限sumdaymax,1
"第12,49列",S2c Fixedclimb 承載量與天數,警政署入山 / c_id=254 東埔村(南投縣-信義鄉),05 是否抽籤IsDraw,0
"第12,49列",S2c Fixedclimb 承載量與天數,警政署入山 / c_id=254 東埔村(南投縣-信義鄉),06 許可證可印天數printdays,NULL
"第12,49列",S2c Fixedclimb 承載量與天數,警政署入山 / c_id=254 東埔村(南投縣-信義鄉),07 是否雪季路線issnow,0
"第12,49列",S2c Fixedclimb 承載量與天數,警政署入山 / c_id=254 東埔村(南投縣-信義鄉),08 人數檢查teamscountchk,NULL
"第12,49列",S2c Fixedclimb 承載量與天數,警政署入山 / c_id=255 玉山後五峰(嘉義縣-阿里山鄉),01 假日承載量holidaynum,NULL
"第12,49列",S2c Fixedclimb 承載量與天數,警政署入山 / c_id=255 玉山後五峰(嘉義縣-阿里山鄉),02 平日承載量generalnum,NULL
"第12,49列",S2c Fixedclimb 承載量與天數,警政署入山 / c_id=255 玉山後五峰(嘉義縣-阿里山鄉),03 天數下限sumdaymin,1
"第12,49列",S2c Fixedclimb 承載量與天數,警政署入山 / c_id=255 玉山後五峰(嘉義縣-阿里山鄉),04 天數上限sumdaymax,1
"第12,49列",S2c Fixedclimb 承載量與天數,警政署入山 / c_id=255 玉山後五峰(嘉義縣-阿里山鄉),05 是否抽籤IsDraw,0
"第12,49列",S2c Fixedclimb 承載量與天數,警政署入山 / c_id=255 玉山後五峰(嘉義縣-阿里山鄉),06 許可證可印天數printdays,NULL
"第12,49列",S2c Fixedclimb 承載量與天數,警政署入山 / c_id=255 玉山後五峰(嘉義縣-阿里山鄉),07 是否雪季路線issnow,0
"第12,49列",S2c Fixedclimb 承載量與天數,警政署入山 / c_id=255 玉山後五峰(嘉義縣-阿里山鄉),08 人數檢查teamscountchk,NULL
"第12,49列",S2c Fixedclimb 承載量與天數,警政署入山 / c_id=256 玉山主峰(嘉義縣-阿里山鄉),01 假日承載量holidaynum,NULL
"第12,49列",S2c Fixedclimb 承載量與天數,警政署入山 / c_id=256 玉山主峰(嘉義縣-阿里山鄉),02 平日承載量generalnum,NULL
"第12,49列",S2c Fixedclimb 承載量與天數,警政署入山 / c_id=256 玉山主峰(嘉義縣-阿里山鄉),03 天數下限sumdaymin,1
"第12,49列",S2c Fixedclimb 承載量與天數,警政署入山 / c_id=256 玉山主峰(嘉義縣-阿里山鄉),04 天數上限sumdaymax,1
"第12,49列",S2c Fixedclimb 承載量與天數,警政署入山 / c_id=256 玉山主峰(嘉義縣-阿里山鄉),05 是否抽籤IsDraw,0
"第12,49列",S2c Fixedclimb 承載量與天數,警政署入山 / c_id=256 玉山主峰(嘉義縣-阿里山鄉),06 許可證可印天數printdays,NULL
"第12,49列",S2c Fixedclimb 承載量與天數,警政署入山 / c_id=256 玉山主峰(嘉義縣-阿里山鄉),07 是否雪季路線issnow,0
"第12,49列",S2c Fixedclimb 承載量與天數,警政署入山 / c_id=256 玉山主峰(嘉義縣-阿里山鄉),08 人數檢查teamscountchk,NULL
"第12,49列",S2c Fixedclimb 承載量與天數,警政署入山 / c_id=257 玉山前峰(嘉義縣-阿里山鄉),01 假日承載量holidaynum,NULL
"第12,49列",S2c Fixedclimb 承載量與天數,警政署入山 / c_id=257 玉山前峰(嘉義縣-阿里山鄉),02 平日承載量generalnum,NULL
"第12,49列",S2c Fixedclimb 承載量與天數,警政署入山 / c_id=257 玉山前峰(嘉義縣-阿里山鄉),03 天數下限sumdaymin,1
"第12,49列",S2c Fixedclimb 承載量與天數,警政署入山 / c_id=257 玉山前峰(嘉義縣-阿里山鄉),04 天數上限sumdaymax,1
"第12,49列",S2c Fixedclimb 承載量與天數,警政署入山 / c_id=257 玉山前峰(嘉義縣-阿里山鄉),05 是否抽籤IsDraw,0
"第12,49列",S2c Fixedclimb 承載量與天數,警政署入山 / c_id=257 玉山前峰(嘉義縣-阿里山鄉),06 許可證可印天數printdays,NULL
"第12,49列",S2c Fixedclimb 承載量與天數,警政署入山 / c_id=257 玉山前峰(嘉義縣-阿里山鄉),07 是否雪季路線issnow,0
"第12,49列",S2c Fixedclimb 承載量與天數,警政署入山 / c_id=257 玉山前峰(嘉義縣-阿里山鄉),08 人數檢查teamscountchk,NULL
"第12,49列",S2c Fixedclimb 承載量與天數,警政署入山 / c_id=258 玉山西峰(嘉義縣-阿里山鄉),01 假日承載量holidaynum,NULL
"第12,49列",S2c Fixedclimb 承載量與天數,警政署入山 / c_id=258 玉山西峰(嘉義縣-阿里山鄉),02 平日承載量generalnum,NULL
"第12,49列",S2c Fixedclimb 承載量與天數,警政署入山 / c_id=258 玉山西峰(嘉義縣-阿里山鄉),03 天數下限sumdaymin,1
"第12,49列",S2c Fixedclimb 承載量與天數,警政署入山 / c_id=258 玉山西峰(嘉義縣-阿里山鄉),04 天數上限sumdaymax,1
"第12,49列",S2c Fixedclimb 承載量與天數,警政署入山 / c_id=258 玉山西峰(嘉義縣-阿里山鄉),05 是否抽籤IsDraw,0
"第12,49列",S2c Fixedclimb 承載量與天數,警政署入山 / c_id=258 玉山西峰(嘉義縣-阿里山鄉),06 許可證可印天數printdays,NULL
"第12,49列",S2c Fixedclimb 承載量與天數,警政署入山 / c_id=258 玉山西峰(嘉義縣-阿里山鄉),07 是否雪季路線issnow,0
"第12,49列",S2c Fixedclimb 承載量與天數,警政署入山 / c_id=258 玉山西峰(嘉義縣-阿里山鄉),08 人數檢查teamscountchk,NULL
"第12,49列",S2c Fixedclimb 承載量與天數,警政署入山 / c_id=259 達芬尖山(高雄市-桃源區),01 假日承載量holidaynum,NULL
"第12,49列",S2c Fixedclimb 承載量與天數,警政署入山 / c_id=259 達芬尖山(高雄市-桃源區),02 平日承載量generalnum,NULL
"第12,49列",S2c Fixedclimb 承載量與天數,警政署入山 / c_id=259 達芬尖山(高雄市-桃源區),03 天數下限sumdaymin,1
"第12,49列",S2c Fixedclimb 承載量與天數,警政署入山 / c_id=259 達芬尖山(高雄市-桃源區),04 天數上限sumdaymax,1
"第12,49列",S2c Fixedclimb 承載量與天數,警政署入山 / c_id=259 達芬尖山(高雄市-桃源區),05 是否抽籤IsDraw,0
"第12,49列",S2c Fixedclimb 承載量與天數,警政署入山 / c_id=259 達芬尖山(高雄市-桃源區),06 許可證可印天數printdays,NULL
"第12,49列",S2c Fixedclimb 承載量與天數,警政署入山 / c_id=259 達芬尖山(高雄市-桃源區),07 是否雪季路線issnow,0
"第12,49列",S2c Fixedclimb 承載量與天數,警政署入山 / c_id=259 達芬尖山(高雄市-桃源區),08 人數檢查teamscountchk,NULL
"第12,49列",S2c Fixedclimb 承載量與天數,警政署入山 / c_id=260 關山嶺山(高雄市-桃源區),01 假日承載量holidaynum,NULL
"第12,49列",S2c Fixedclimb 承載量與天數,警政署入山 / c_id=260 關山嶺山(高雄市-桃源區),02 平日承載量generalnum,NULL
"第12,49列",S2c Fixedclimb 承載量與天數,警政署入山 / c_id=260 關山嶺山(高雄市-桃源區),03 天數下限sumdaymin,1
"第12,49列",S2c Fixedclimb 承載量與天數,警政署入山 / c_id=260 關山嶺山(高雄市-桃源區),04 天數上限sumdaymax,1
"第12,49列",S2c Fixedclimb 承載量與天數,警政署入山 / c_id=260 關山嶺山(高雄市-桃源區),05 是否抽籤IsDraw,0
"第12,49列",S2c Fixedclimb 承載量與天數,警政署入山 / c_id=260 關山嶺山(高雄市-桃源區),06 許可證可印天數printdays,NULL
"第12,49列",S2c Fixedclimb 承載量與天數,警政署入山 / c_id=260 關山嶺山(高雄市-桃源區),07 是否雪季路線issnow,0
"第12,49列",S2c Fixedclimb 承載量與天數,警政署入山 / c_id=260 關山嶺山(高雄市-桃源區),08 人數檢查teamscountchk,NULL
"第12,49列",S2c Fixedclimb 承載量與天數,警政署入山 / c_id=261 石山秀湖(高雄市-桃源區),01 假日承載量holidaynum,NULL
"第12,49列",S2c Fixedclimb 承載量與天數,警政署入山 / c_id=261 石山秀湖(高雄市-桃源區),02 平日承載量generalnum,NULL
"第12,49列",S2c Fixedclimb 承載量與天數,警政署入山 / c_id=261 石山秀湖(高雄市-桃源區),03 天數下限sumdaymin,1
"第12,49列",S2c Fixedclimb 承載量與天數,警政署入山 / c_id=261 石山秀湖(高雄市-桃源區),04 天數上限sumdaymax,1
"第12,49列",S2c Fixedclimb 承載量與天數,警政署入山 / c_id=261 石山秀湖(高雄市-桃源區),05 是否抽籤IsDraw,0
"第12,49列",S2c Fixedclimb 承載量與天數,警政署入山 / c_id=261 石山秀湖(高雄市-桃源區),06 許可證可印天數printdays,NULL
"第12,49列",S2c Fixedclimb 承載量與天數,警政署入山 / c_id=261 石山秀湖(高雄市-桃源區),07 是否雪季路線issnow,0
"第12,49列",S2c Fixedclimb 承載量與天數,警政署入山 / c_id=261 石山秀湖(高雄市-桃源區),08 人數檢查teamscountchk,NULL
"第12,49列",S2c Fixedclimb 承載量與天數,警政署入山 / c_id=262 石山林道(高雄市-桃源區),01 假日承載量holidaynum,NULL
"第12,49列",S2c Fixedclimb 承載量與天數,警政署入山 / c_id=262 石山林道(高雄市-桃源區),02 平日承載量generalnum,NULL
"第12,49列",S2c Fixedclimb 承載量與天數,警政署入山 / c_id=262 石山林道(高雄市-桃源區),03 天數下限sumdaymin,1
"第12,49列",S2c Fixedclimb 承載量與天數,警政署入山 / c_id=262 石山林道(高雄市-桃源區),04 天數上限sumdaymax,1
"第12,49列",S2c Fixedclimb 承載量與天數,警政署入山 / c_id=262 石山林道(高雄市-桃源區),05 是否抽籤IsDraw,0
"第12,49列",S2c Fixedclimb 承載量與天數,警政署入山 / c_id=262 石山林道(高雄市-桃源區),06 許可證可印天數printdays,NULL
"第12,49列",S2c Fixedclimb 承載量與天數,警政署入山 / c_id=262 石山林道(高雄市-桃源區),07 是否雪季路線issnow,0
"第12,49列",S2c Fixedclimb 承載量與天數,警政署入山 / c_id=262 石山林道(高雄市-桃源區),08 人數檢查teamscountchk,NULL
"第12,49列",S2c Fixedclimb 承載量與天數,警政署入山 / c_id=263 玉山南峰(高雄市-桃源區),01 假日承載量holidaynum,NULL
"第12,49列",S2c Fixedclimb 承載量與天數,警政署入山 / c_id=263 玉山南峰(高雄市-桃源區),02 平日承載量generalnum,NULL
"第12,49列",S2c Fixedclimb 承載量與天數,警政署入山 / c_id=263 玉山南峰(高雄市-桃源區),03 天數下限sumdaymin,1
"第12,49列",S2c Fixedclimb 承載量與天數,警政署入山 / c_id=263 玉山南峰(高雄市-桃源區),04 天數上限sumdaymax,1
"第12,49列",S2c Fixedclimb 承載量與天數,警政署入山 / c_id=263 玉山南峰(高雄市-桃源區),05 是否抽籤IsDraw,0
"第12,49列",S2c Fixedclimb 承載量與天數,警政署入山 / c_id=263 玉山南峰(高雄市-桃源區),06 許可證可印天數printdays,NULL
"第12,49列",S2c Fixedclimb 承載量與天數,警政署入山 / c_id=263 玉山南峰(高雄市-桃源區),07 是否雪季路線issnow,0
"第12,49列",S2c Fixedclimb 承載量與天數,警政署入山 / c_id=263 玉山南峰(高雄市-桃源區),08 人數檢查teamscountchk,NULL
"第12,49列",S2c Fixedclimb 承載量與天數,警政署入山 / c_id=264 轆轆山(高雄市-桃源區),01 假日承載量holidaynum,NULL
"第12,49列",S2c Fixedclimb 承載量與天數,警政署入山 / c_id=264 轆轆山(高雄市-桃源區),02 平日承載量generalnum,NULL
"第12,49列",S2c Fixedclimb 承載量與天數,警政署入山 / c_id=264 轆轆山(高雄市-桃源區),03 天數下限sumdaymin,1
"第12,49列",S2c Fixedclimb 承載量與天數,警政署入山 / c_id=264 轆轆山(高雄市-桃源區),04 天數上限sumdaymax,1
"第12,49列",S2c Fixedclimb 承載量與天數,警政署入山 / c_id=264 轆轆山(高雄市-桃源區),05 是否抽籤IsDraw,0
"第12,49列",S2c Fixedclimb 承載量與天數,警政署入山 / c_id=264 轆轆山(高雄市-桃源區),06 許可證可印天數printdays,NULL
"第12,49列",S2c Fixedclimb 承載量與天數,警政署入山 / c_id=264 轆轆山(高雄市-桃源區),07 是否雪季路線issnow,0
"第12,49列",S2c Fixedclimb 承載量與天數,警政署入山 / c_id=264 轆轆山(高雄市-桃源區),08 人數檢查teamscountchk,NULL
"第12,49列",S2c Fixedclimb 承載量與天數,警政署入山 / c_id=265 溪頭山(高雄市-桃源區),01 假日承載量holidaynum,NULL
"第12,49列",S2c Fixedclimb 承載量與天數,警政署入山 / c_id=265 溪頭山(高雄市-桃源區),02 平日承載量generalnum,NULL
"第12,49列",S2c Fixedclimb 承載量與天數,警政署入山 / c_id=265 溪頭山(高雄市-桃源區),03 天數下限sumdaymin,1
"第12,49列",S2c Fixedclimb 承載量與天數,警政署入山 / c_id=265 溪頭山(高雄市-桃源區),04 天數上限sumdaymax,1
"第12,49列",S2c Fixedclimb 承載量與天數,警政署入山 / c_id=265 溪頭山(高雄市-桃源區),05 是否抽籤IsDraw,0
"第12,49列",S2c Fixedclimb 承載量與天數,警政署入山 / c_id=265 溪頭山(高雄市-桃源區),06 許可證可印天數printdays,NULL
"第12,49列",S2c Fixedclimb 承載量與天數,警政署入山 / c_id=265 溪頭山(高雄市-桃源區),07 是否雪季路線issnow,0
"第12,49列",S2c Fixedclimb 承載量與天數,警政署入山 / c_id=265 溪頭山(高雄市-桃源區),08 人數檢查teamscountchk,NULL
"第12,49列",S2c Fixedclimb 承載量與天數,警政署入山 / c_id=266 南橫三星(高雄市-桃源區),01 假日承載量holidaynum,NULL
"第12,49列",S2c Fixedclimb 承載量與天數,警政署入山 / c_id=266 南橫三星(高雄市-桃源區),02 平日承載量generalnum,NULL
"第12,49列",S2c Fixedclimb 承載量與天數,警政署入山 / c_id=266 南橫三星(高雄市-桃源區),03 天數下限sumdaymin,1
"第12,49列",S2c Fixedclimb 承載量與天數,警政署入山 / c_id=266 南橫三星(高雄市-桃源區),04 天數上限sumdaymax,1
"第12,49列",S2c Fixedclimb 承載量與天數,警政署入山 / c_id=266 南橫三星(高雄市-桃源區),05 是否抽籤IsDraw,0
"第12,49列",S2c Fixedclimb 承載量與天數,警政署入山 / c_id=266 南橫三星(高雄市-桃源區),06 許可證可印天數printdays,NULL
"第12,49列",S2c Fixedclimb 承載量與天數,警政署入山 / c_id=266 南橫三星(高雄市-桃源區),07 是否雪季路線issnow,0
"第12,49列",S2c Fixedclimb 承載量與天數,警政署入山 / c_id=266 南橫三星(高雄市-桃源區),08 人數檢查teamscountchk,NULL
"第12,49列",S2c Fixedclimb 承載量與天數,警政署入山 / c_id=267 神秘谷瀑布(高雄市-桃源區),01 假日承載量holidaynum,NULL
"第12,49列",S2c Fixedclimb 承載量與天數,警政署入山 / c_id=267 神秘谷瀑布(高雄市-桃源區),02 平日承載量generalnum,NULL
"第12,49列",S2c Fixedclimb 承載量與天數,警政署入山 / c_id=267 神秘谷瀑布(高雄市-桃源區),03 天數下限sumdaymin,1
"第12,49列",S2c Fixedclimb 承載量與天數,警政署入山 / c_id=267 神秘谷瀑布(高雄市-桃源區),04 天數上限sumdaymax,1
"第12,49列",S2c Fixedclimb 承載量與天數,警政署入山 / c_id=267 神秘谷瀑布(高雄市-桃源區),05 是否抽籤IsDraw,0
"第12,49列",S2c Fixedclimb 承載量與天數,警政署入山 / c_id=267 神秘谷瀑布(高雄市-桃源區),06 許可證可印天數printdays,NULL
"第12,49列",S2c Fixedclimb 承載量與天數,警政署入山 / c_id=267 神秘谷瀑布(高雄市-桃源區),07 是否雪季路線issnow,0
"第12,49列",S2c Fixedclimb 承載量與天數,警政署入山 / c_id=267 神秘谷瀑布(高雄市-桃源區),08 人數檢查teamscountchk,NULL
"第12,49列",S2c Fixedclimb 承載量與天數,警政署入山 / c_id=268 勤和溫泉(高雄市-桃源區),01 假日承載量holidaynum,NULL
"第12,49列",S2c Fixedclimb 承載量與天數,警政署入山 / c_id=268 勤和溫泉(高雄市-桃源區),02 平日承載量generalnum,NULL
"第12,49列",S2c Fixedclimb 承載量與天數,警政署入山 / c_id=268 勤和溫泉(高雄市-桃源區),03 天數下限sumdaymin,1
"第12,49列",S2c Fixedclimb 承載量與天數,警政署入山 / c_id=268 勤和溫泉(高雄市-桃源區),04 天數上限sumdaymax,1
"第12,49列",S2c Fixedclimb 承載量與天數,警政署入山 / c_id=268 勤和溫泉(高雄市-桃源區),05 是否抽籤IsDraw,0
"第12,49列",S2c Fixedclimb 承載量與天數,警政署入山 / c_id=268 勤和溫泉(高雄市-桃源區),06 許可證可印天數printdays,NULL
"第12,49列",S2c Fixedclimb 承載量與天數,警政署入山 / c_id=268 勤和溫泉(高雄市-桃源區),07 是否雪季路線issnow,0
"第12,49列",S2c Fixedclimb 承載量與天數,警政署入山 / c_id=268 勤和溫泉(高雄市-桃源區),08 人數檢查teamscountchk,NULL
"第12,49列",S2c Fixedclimb 承載量與天數,警政署入山 / c_id=269 卑南主山(高雄市-桃源區),01 假日承載量holidaynum,NULL
"第12,49列",S2c Fixedclimb 承載量與天數,警政署入山 / c_id=269 卑南主山(高雄市-桃源區),02 平日承載量generalnum,NULL
"第12,49列",S2c Fixedclimb 承載量與天數,警政署入山 / c_id=269 卑南主山(高雄市-桃源區),03 天數下限sumdaymin,1
"第12,49列",S2c Fixedclimb 承載量與天數,警政署入山 / c_id=269 卑南主山(高雄市-桃源區),04 天數上限sumdaymax,1
"第12,49列",S2c Fixedclimb 承載量與天數,警政署入山 / c_id=269 卑南主山(高雄市-桃源區),05 是否抽籤IsDraw,0
"第12,49列",S2c Fixedclimb 承載量與天數,警政署入山 / c_id=269 卑南主山(高雄市-桃源區),06 許可證可印天數printdays,NULL
"第12,49列",S2c Fixedclimb 承載量與天數,警政署入山 / c_id=269 卑南主山(高雄市-桃源區),07 是否雪季路線issnow,0
"第12,49列",S2c Fixedclimb 承載量與天數,警政署入山 / c_id=269 卑南主山(高雄市-桃源區),08 人數檢查teamscountchk,NULL
"第12,49列",S2c Fixedclimb 承載量與天數,警政署入山 / c_id=270 塔關山(高雄市-桃源區),01 假日承載量holidaynum,NULL
"第12,49列",S2c Fixedclimb 承載量與天數,警政署入山 / c_id=270 塔關山(高雄市-桃源區),02 平日承載量generalnum,NULL
"第12,49列",S2c Fixedclimb 承載量與天數,警政署入山 / c_id=270 塔關山(高雄市-桃源區),03 天數下限sumdaymin,1
"第12,49列",S2c Fixedclimb 承載量與天數,警政署入山 / c_id=270 塔關山(高雄市-桃源區),04 天數上限sumdaymax,1
"第12,49列",S2c Fixedclimb 承載量與天數,警政署入山 / c_id=270 塔關山(高雄市-桃源區),05 是否抽籤IsDraw,0
"第12,49列",S2c Fixedclimb 承載量與天數,警政署入山 / c_id=270 塔關山(高雄市-桃源區),06 許可證可印天數printdays,NULL
"第12,49列",S2c Fixedclimb 承載量與天數,警政署入山 / c_id=270 塔關山(高雄市-桃源區),07 是否雪季路線issnow,0
"第12,49列",S2c Fixedclimb 承載量與天數,警政署入山 / c_id=270 塔關山(高雄市-桃源區),08 人數檢查teamscountchk,NULL
"第12,49列",S2c Fixedclimb 承載量與天數,警政署入山 / c_id=271 啞口林道(高雄市-桃源區),01 假日承載量holidaynum,NULL
"第12,49列",S2c Fixedclimb 承載量與天數,警政署入山 / c_id=271 啞口林道(高雄市-桃源區),02 平日承載量generalnum,NULL
"第12,49列",S2c Fixedclimb 承載量與天數,警政署入山 / c_id=271 啞口林道(高雄市-桃源區),03 天數下限sumdaymin,1
"第12,49列",S2c Fixedclimb 承載量與天數,警政署入山 / c_id=271 啞口林道(高雄市-桃源區),04 天數上限sumdaymax,1
"第12,49列",S2c Fixedclimb 承載量與天數,警政署入山 / c_id=271 啞口林道(高雄市-桃源區),05 是否抽籤IsDraw,0
"第12,49列",S2c Fixedclimb 承載量與天數,警政署入山 / c_id=271 啞口林道(高雄市-桃源區),06 許可證可印天數printdays,NULL
"第12,49列",S2c Fixedclimb 承載量與天數,警政署入山 / c_id=271 啞口林道(高雄市-桃源區),07 是否雪季路線issnow,0
"第12,49列",S2c Fixedclimb 承載量與天數,警政署入山 / c_id=271 啞口林道(高雄市-桃源區),08 人數檢查teamscountchk,NULL
"第12,49列",S2c Fixedclimb 承載量與天數,警政署入山 / c_id=272 梅蘭林道(高雄市-桃源區),01 假日承載量holidaynum,NULL
"第12,49列",S2c Fixedclimb 承載量與天數,警政署入山 / c_id=272 梅蘭林道(高雄市-桃源區),02 平日承載量generalnum,NULL
"第12,49列",S2c Fixedclimb 承載量與天數,警政署入山 / c_id=272 梅蘭林道(高雄市-桃源區),03 天數下限sumdaymin,1
"第12,49列",S2c Fixedclimb 承載量與天數,警政署入山 / c_id=272 梅蘭林道(高雄市-桃源區),04 天數上限sumdaymax,1
"第12,49列",S2c Fixedclimb 承載量與天數,警政署入山 / c_id=272 梅蘭林道(高雄市-桃源區),05 是否抽籤IsDraw,0
"第12,49列",S2c Fixedclimb 承載量與天數,警政署入山 / c_id=272 梅蘭林道(高雄市-桃源區),06 許可證可印天數printdays,NULL
"第12,49列",S2c Fixedclimb 承載量與天數,警政署入山 / c_id=272 梅蘭林道(高雄市-桃源區),07 是否雪季路線issnow,0
"第12,49列",S2c Fixedclimb 承載量與天數,警政署入山 / c_id=272 梅蘭林道(高雄市-桃源區),08 人數檢查teamscountchk,NULL
"第12,49列",S2c Fixedclimb 承載量與天數,警政署入山 / c_id=273 雲峰(高雄市-桃源區),01 假日承載量holidaynum,NULL
"第12,49列",S2c Fixedclimb 承載量與天數,警政署入山 / c_id=273 雲峰(高雄市-桃源區),02 平日承載量generalnum,NULL
"第12,49列",S2c Fixedclimb 承載量與天數,警政署入山 / c_id=273 雲峰(高雄市-桃源區),03 天數下限sumdaymin,1
"第12,49列",S2c Fixedclimb 承載量與天數,警政署入山 / c_id=273 雲峰(高雄市-桃源區),04 天數上限sumdaymax,1
"第12,49列",S2c Fixedclimb 承載量與天數,警政署入山 / c_id=273 雲峰(高雄市-桃源區),05 是否抽籤IsDraw,0
"第12,49列",S2c Fixedclimb 承載量與天數,警政署入山 / c_id=273 雲峰(高雄市-桃源區),06 許可證可印天數printdays,NULL
"第12,49列",S2c Fixedclimb 承載量與天數,警政署入山 / c_id=273 雲峰(高雄市-桃源區),07 是否雪季路線issnow,0
"第12,49列",S2c Fixedclimb 承載量與天數,警政署入山 / c_id=273 雲峰(高雄市-桃源區),08 人數檢查teamscountchk,NULL
"第12,49列",S2c Fixedclimb 承載量與天數,警政署入山 / c_id=274 向陽山(高雄市-桃源區),01 假日承載量holidaynum,NULL
"第12,49列",S2c Fixedclimb 承載量與天數,警政署入山 / c_id=274 向陽山(高雄市-桃源區),02 平日承載量generalnum,NULL
"第12,49列",S2c Fixedclimb 承載量與天數,警政署入山 / c_id=274 向陽山(高雄市-桃源區),03 天數下限sumdaymin,1
"第12,49列",S2c Fixedclimb 承載量與天數,警政署入山 / c_id=274 向陽山(高雄市-桃源區),04 天數上限sumdaymax,1
"第12,49列",S2c Fixedclimb 承載量與天數,警政署入山 / c_id=274 向陽山(高雄市-桃源區),05 是否抽籤IsDraw,0
"第12,49列",S2c Fixedclimb 承載量與天數,警政署入山 / c_id=274 向陽山(高雄市-桃源區),06 許可證可印天數printdays,NULL
"第12,49列",S2c Fixedclimb 承載量與天數,警政署入山 / c_id=274 向陽山(高雄市-桃源區),07 是否雪季路線issnow,0
"第12,49列",S2c Fixedclimb 承載量與天數,警政署入山 / c_id=274 向陽山(高雄市-桃源區),08 人數檢查teamscountchk,NULL
"第12,49列",S2c Fixedclimb 承載量與天數,警政署入山 / c_id=275 庫哈諾辛山(進涇橋登山口)(高雄市-桃源區),01 假日承載量holidaynum,NULL
"第12,49列",S2c Fixedclimb 承載量與天數,警政署入山 / c_id=275 庫哈諾辛山(進涇橋登山口)(高雄市-桃源區),02 平日承載量generalnum,NULL
"第12,49列",S2c Fixedclimb 承載量與天數,警政署入山 / c_id=275 庫哈諾辛山(進涇橋登山口)(高雄市-桃源區),03 天數下限sumdaymin,1
"第12,49列",S2c Fixedclimb 承載量與天數,警政署入山 / c_id=275 庫哈諾辛山(進涇橋登山口)(高雄市-桃源區),04 天數上限sumdaymax,1
"第12,49列",S2c Fixedclimb 承載量與天數,警政署入山 / c_id=275 庫哈諾辛山(進涇橋登山口)(高雄市-桃源區),05 是否抽籤IsDraw,0
"第12,49列",S2c Fixedclimb 承載量與天數,警政署入山 / c_id=275 庫哈諾辛山(進涇橋登山口)(高雄市-桃源區),06 許可證可印天數printdays,NULL
"第12,49列",S2c Fixedclimb 承載量與天數,警政署入山 / c_id=275 庫哈諾辛山(進涇橋登山口)(高雄市-桃源區),07 是否雪季路線issnow,0
"第12,49列",S2c Fixedclimb 承載量與天數,警政署入山 / c_id=275 庫哈諾辛山(進涇橋登山口)(高雄市-桃源區),08 人數檢查teamscountchk,NULL
"第12,49列",S2c Fixedclimb 承載量與天數,警政署入山 / c_id=276 溪南山(高雄市-桃源區),01 假日承載量holidaynum,NULL
"第12,49列",S2c Fixedclimb 承載量與天數,警政署入山 / c_id=276 溪南山(高雄市-桃源區),02 平日承載量generalnum,NULL
"第12,49列",S2c Fixedclimb 承載量與天數,警政署入山 / c_id=276 溪南山(高雄市-桃源區),03 天數下限sumdaymin,1
"第12,49列",S2c Fixedclimb 承載量與天數,警政署入山 / c_id=276 溪南山(高雄市-桃源區),04 天數上限sumdaymax,1
"第12,49列",S2c Fixedclimb 承載量與天數,警政署入山 / c_id=276 溪南山(高雄市-桃源區),05 是否抽籤IsDraw,0
"第12,49列",S2c Fixedclimb 承載量與天數,警政署入山 / c_id=276 溪南山(高雄市-桃源區),06 許可證可印天數printdays,NULL
"第12,49列",S2c Fixedclimb 承載量與天數,警政署入山 / c_id=276 溪南山(高雄市-桃源區),07 是否雪季路線issnow,0
"第12,49列",S2c Fixedclimb 承載量與天數,警政署入山 / c_id=276 溪南山(高雄市-桃源區),08 人數檢查teamscountchk,NULL
"第12,49列",S2c Fixedclimb 承載量與天數,警政署入山 / c_id=277 梅山里(高雄市-桃源區),01 假日承載量holidaynum,NULL
"第12,49列",S2c Fixedclimb 承載量與天數,警政署入山 / c_id=277 梅山里(高雄市-桃源區),02 平日承載量generalnum,NULL
"第12,49列",S2c Fixedclimb 承載量與天數,警政署入山 / c_id=277 梅山里(高雄市-桃源區),03 天數下限sumdaymin,1
"第12,49列",S2c Fixedclimb 承載量與天數,警政署入山 / c_id=277 梅山里(高雄市-桃源區),04 天數上限sumdaymax,1
"第12,49列",S2c Fixedclimb 承載量與天數,警政署入山 / c_id=277 梅山里(高雄市-桃源區),05 是否抽籤IsDraw,0
"第12,49列",S2c Fixedclimb 承載量與天數,警政署入山 / c_id=277 梅山里(高雄市-桃源區),06 許可證可印天數printdays,NULL
"第12,49列",S2c Fixedclimb 承載量與天數,警政署入山 / c_id=277 梅山里(高雄市-桃源區),07 是否雪季路線issnow,0
"第12,49列",S2c Fixedclimb 承載量與天數,警政署入山 / c_id=277 梅山里(高雄市-桃源區),08 人數檢查teamscountchk,NULL
"第12,49列",S2c Fixedclimb 承載量與天數,警政署入山 / c_id=278 東小南山(高雄市-桃源區),01 假日承載量holidaynum,NULL
"第12,49列",S2c Fixedclimb 承載量與天數,警政署入山 / c_id=278 東小南山(高雄市-桃源區),02 平日承載量generalnum,NULL
"第12,49列",S2c Fixedclimb 承載量與天數,警政署入山 / c_id=278 東小南山(高雄市-桃源區),03 天數下限sumdaymin,1
"第12,49列",S2c Fixedclimb 承載量與天數,警政署入山 / c_id=278 東小南山(高雄市-桃源區),04 天數上限sumdaymax,1
"第12,49列",S2c Fixedclimb 承載量與天數,警政署入山 / c_id=278 東小南山(高雄市-桃源區),05 是否抽籤IsDraw,0
"第12,49列",S2c Fixedclimb 承載量與天數,警政署入山 / c_id=278 東小南山(高雄市-桃源區),06 許可證可印天數printdays,NULL
"第12,49列",S2c Fixedclimb 承載量與天數,警政署入山 / c_id=278 東小南山(高雄市-桃源區),07 是否雪季路線issnow,0
"第12,49列",S2c Fixedclimb 承載量與天數,警政署入山 / c_id=278 東小南山(高雄市-桃源區),08 人數檢查teamscountchk,NULL
"第12,49列",S2c Fixedclimb 承載量與天數,警政署入山 / c_id=279 寶山里(高雄市-桃源區),01 假日承載量holidaynum,NULL
"第12,49列",S2c Fixedclimb 承載量與天數,警政署入山 / c_id=279 寶山里(高雄市-桃源區),02 平日承載量generalnum,NULL
"第12,49列",S2c Fixedclimb 承載量與天數,警政署入山 / c_id=279 寶山里(高雄市-桃源區),03 天數下限sumdaymin,1
"第12,49列",S2c Fixedclimb 承載量與天數,警政署入山 / c_id=279 寶山里(高雄市-桃源區),04 天數上限sumdaymax,1
"第12,49列",S2c Fixedclimb 承載量與天數,警政署入山 / c_id=279 寶山里(高雄市-桃源區),05 是否抽籤IsDraw,0
"第12,49列",S2c Fixedclimb 承載量與天數,警政署入山 / c_id=279 寶山里(高雄市-桃源區),06 許可證可印天數printdays,NULL
"第12,49列",S2c Fixedclimb 承載量與天數,警政署入山 / c_id=279 寶山里(高雄市-桃源區),07 是否雪季路線issnow,0
"第12,49列",S2c Fixedclimb 承載量與天數,警政署入山 / c_id=279 寶山里(高雄市-桃源區),08 人數檢查teamscountchk,NULL
"第12,49列",S2c Fixedclimb 承載量與天數,警政署入山 / c_id=280 梅蘭里(高雄市-桃源區),01 假日承載量holidaynum,NULL
"第12,49列",S2c Fixedclimb 承載量與天數,警政署入山 / c_id=280 梅蘭里(高雄市-桃源區),02 平日承載量generalnum,NULL
"第12,49列",S2c Fixedclimb 承載量與天數,警政署入山 / c_id=280 梅蘭里(高雄市-桃源區),03 天數下限sumdaymin,1
"第12,49列",S2c Fixedclimb 承載量與天數,警政署入山 / c_id=280 梅蘭里(高雄市-桃源區),04 天數上限sumdaymax,1
"第12,49列",S2c Fixedclimb 承載量與天數,警政署入山 / c_id=280 梅蘭里(高雄市-桃源區),05 是否抽籤IsDraw,0
"第12,49列",S2c Fixedclimb 承載量與天數,警政署入山 / c_id=280 梅蘭里(高雄市-桃源區),06 許可證可印天數printdays,NULL
"第12,49列",S2c Fixedclimb 承載量與天數,警政署入山 / c_id=280 梅蘭里(高雄市-桃源區),07 是否雪季路線issnow,0
"第12,49列",S2c Fixedclimb 承載量與天數,警政署入山 / c_id=280 梅蘭里(高雄市-桃源區),08 人數檢查teamscountchk,NULL
"第12,49列",S2c Fixedclimb 承載量與天數,警政署入山 / c_id=281 復興里(高雄市-桃源區),01 假日承載量holidaynum,NULL
"第12,49列",S2c Fixedclimb 承載量與天數,警政署入山 / c_id=281 復興里(高雄市-桃源區),02 平日承載量generalnum,NULL
"第12,49列",S2c Fixedclimb 承載量與天數,警政署入山 / c_id=281 復興里(高雄市-桃源區),03 天數下限sumdaymin,1
"第12,49列",S2c Fixedclimb 承載量與天數,警政署入山 / c_id=281 復興里(高雄市-桃源區),04 天數上限sumdaymax,1
"第12,49列",S2c Fixedclimb 承載量與天數,警政署入山 / c_id=281 復興里(高雄市-桃源區),05 是否抽籤IsDraw,0
"第12,49列",S2c Fixedclimb 承載量與天數,警政署入山 / c_id=281 復興里(高雄市-桃源區),06 許可證可印天數printdays,NULL
"第12,49列",S2c Fixedclimb 承載量與天數,警政署入山 / c_id=281 復興里(高雄市-桃源區),07 是否雪季路線issnow,0
"第12,49列",S2c Fixedclimb 承載量與天數,警政署入山 / c_id=281 復興里(高雄市-桃源區),08 人數檢查teamscountchk,NULL
"第12,49列",S2c Fixedclimb 承載量與天數,警政署入山 / c_id=282 勤和里(高雄市-桃源區),01 假日承載量holidaynum,NULL
"第12,49列",S2c Fixedclimb 承載量與天數,警政署入山 / c_id=282 勤和里(高雄市-桃源區),02 平日承載量generalnum,NULL
"第12,49列",S2c Fixedclimb 承載量與天數,警政署入山 / c_id=282 勤和里(高雄市-桃源區),03 天數下限sumdaymin,1
"第12,49列",S2c Fixedclimb 承載量與天數,警政署入山 / c_id=282 勤和里(高雄市-桃源區),04 天數上限sumdaymax,1
"第12,49列",S2c Fixedclimb 承載量與天數,警政署入山 / c_id=282 勤和里(高雄市-桃源區),05 是否抽籤IsDraw,0
"第12,49列",S2c Fixedclimb 承載量與天數,警政署入山 / c_id=282 勤和里(高雄市-桃源區),06 許可證可印天數printdays,NULL
"第12,49列",S2c Fixedclimb 承載量與天數,警政署入山 / c_id=282 勤和里(高雄市-桃源區),07 是否雪季路線issnow,0
"第12,49列",S2c Fixedclimb 承載量與天數,警政署入山 / c_id=282 勤和里(高雄市-桃源區),08 人數檢查teamscountchk,NULL
"第12,49列",S2c Fixedclimb 承載量與天數,警政署入山 / c_id=283 桃源里(高雄市-桃源區),01 假日承載量holidaynum,NULL
"第12,49列",S2c Fixedclimb 承載量與天數,警政署入山 / c_id=283 桃源里(高雄市-桃源區),02 平日承載量generalnum,NULL
"第12,49列",S2c Fixedclimb 承載量與天數,警政署入山 / c_id=283 桃源里(高雄市-桃源區),03 天數下限sumdaymin,1
"第12,49列",S2c Fixedclimb 承載量與天數,警政署入山 / c_id=283 桃源里(高雄市-桃源區),04 天數上限sumdaymax,1
"第12,49列",S2c Fixedclimb 承載量與天數,警政署入山 / c_id=283 桃源里(高雄市-桃源區),05 是否抽籤IsDraw,0
"第12,49列",S2c Fixedclimb 承載量與天數,警政署入山 / c_id=283 桃源里(高雄市-桃源區),06 許可證可印天數printdays,NULL
"第12,49列",S2c Fixedclimb 承載量與天數,警政署入山 / c_id=283 桃源里(高雄市-桃源區),07 是否雪季路線issnow,0
"第12,49列",S2c Fixedclimb 承載量與天數,警政署入山 / c_id=283 桃源里(高雄市-桃源區),08 人數檢查teamscountchk,NULL
"第12,49列",S2c Fixedclimb 承載量與天數,警政署入山 / c_id=284 高中里(高雄市-桃源區),01 假日承載量holidaynum,NULL
"第12,49列",S2c Fixedclimb 承載量與天數,警政署入山 / c_id=284 高中里(高雄市-桃源區),02 平日承載量generalnum,NULL
"第12,49列",S2c Fixedclimb 承載量與天數,警政署入山 / c_id=284 高中里(高雄市-桃源區),03 天數下限sumdaymin,1
"第12,49列",S2c Fixedclimb 承載量與天數,警政署入山 / c_id=284 高中里(高雄市-桃源區),04 天數上限sumdaymax,1
"第12,49列",S2c Fixedclimb 承載量與天數,警政署入山 / c_id=284 高中里(高雄市-桃源區),05 是否抽籤IsDraw,0
"第12,49列",S2c Fixedclimb 承載量與天數,警政署入山 / c_id=284 高中里(高雄市-桃源區),06 許可證可印天數printdays,NULL
"第12,49列",S2c Fixedclimb 承載量與天數,警政署入山 / c_id=284 高中里(高雄市-桃源區),07 是否雪季路線issnow,0
"第12,49列",S2c Fixedclimb 承載量與天數,警政署入山 / c_id=284 高中里(高雄市-桃源區),08 人數檢查teamscountchk,NULL
"第12,49列",S2c Fixedclimb 承載量與天數,警政署入山 / c_id=285 三叉山(高雄市-桃源區),01 假日承載量holidaynum,NULL
"第12,49列",S2c Fixedclimb 承載量與天數,警政署入山 / c_id=285 三叉山(高雄市-桃源區),02 平日承載量generalnum,NULL
"第12,49列",S2c Fixedclimb 承載量與天數,警政署入山 / c_id=285 三叉山(高雄市-桃源區),03 天數下限sumdaymin,1
"第12,49列",S2c Fixedclimb 承載量與天數,警政署入山 / c_id=285 三叉山(高雄市-桃源區),04 天數上限sumdaymax,1
"第12,49列",S2c Fixedclimb 承載量與天數,警政署入山 / c_id=285 三叉山(高雄市-桃源區),05 是否抽籤IsDraw,0
"第12,49列",S2c Fixedclimb 承載量與天數,警政署入山 / c_id=285 三叉山(高雄市-桃源區),06 許可證可印天數printdays,NULL
"第12,49列",S2c Fixedclimb 承載量與天數,警政署入山 / c_id=285 三叉山(高雄市-桃源區),07 是否雪季路線issnow,0
"第12,49列",S2c Fixedclimb 承載量與天數,警政署入山 / c_id=285 三叉山(高雄市-桃源區),08 人數檢查teamscountchk,NULL
"第12,49列",S2c Fixedclimb 承載量與天數,警政署入山 / c_id=286 建山里(高雄市-桃源區),01 假日承載量holidaynum,NULL
"第12,49列",S2c Fixedclimb 承載量與天數,警政署入山 / c_id=286 建山里(高雄市-桃源區),02 平日承載量generalnum,NULL
"第12,49列",S2c Fixedclimb 承載量與天數,警政署入山 / c_id=286 建山里(高雄市-桃源區),03 天數下限sumdaymin,1
"第12,49列",S2c Fixedclimb 承載量與天數,警政署入山 / c_id=286 建山里(高雄市-桃源區),04 天數上限sumdaymax,1
"第12,49列",S2c Fixedclimb 承載量與天數,警政署入山 / c_id=286 建山里(高雄市-桃源區),05 是否抽籤IsDraw,0
"第12,49列",S2c Fixedclimb 承載量與天數,警政署入山 / c_id=286 建山里(高雄市-桃源區),06 許可證可印天數printdays,NULL
"第12,49列",S2c Fixedclimb 承載量與天數,警政署入山 / c_id=286 建山里(高雄市-桃源區),07 是否雪季路線issnow,0
"第12,49列",S2c Fixedclimb 承載量與天數,警政署入山 / c_id=286 建山里(高雄市-桃源區),08 人數檢查teamscountchk,NULL
"第12,49列",S2c Fixedclimb 承載量與天數,警政署入山 / c_id=287 中之關步道(高雄市-桃源區),01 假日承載量holidaynum,NULL
"第12,49列",S2c Fixedclimb 承載量與天數,警政署入山 / c_id=287 中之關步道(高雄市-桃源區),02 平日承載量generalnum,NULL
"第12,49列",S2c Fixedclimb 承載量與天數,警政署入山 / c_id=287 中之關步道(高雄市-桃源區),03 天數下限sumdaymin,1
"第12,49列",S2c Fixedclimb 承載量與天數,警政署入山 / c_id=287 中之關步道(高雄市-桃源區),04 天數上限sumdaymax,1
"第12,49列",S2c Fixedclimb 承載量與天數,警政署入山 / c_id=287 中之關步道(高雄市-桃源區),05 是否抽籤IsDraw,0
"第12,49列",S2c Fixedclimb 承載量與天數,警政署入山 / c_id=287 中之關步道(高雄市-桃源區),06 許可證可印天數printdays,NULL
"第12,49列",S2c Fixedclimb 承載量與天數,警政署入山 / c_id=287 中之關步道(高雄市-桃源區),07 是否雪季路線issnow,0
"第12,49列",S2c Fixedclimb 承載量與天數,警政署入山 / c_id=287 中之關步道(高雄市-桃源區),08 人數檢查teamscountchk,NULL
"第12,49列",S2c Fixedclimb 承載量與天數,警政署入山 / c_id=288 塔芬山(高雄市-桃源區),01 假日承載量holidaynum,NULL
"第12,49列",S2c Fixedclimb 承載量與天數,警政署入山 / c_id=288 塔芬山(高雄市-桃源區),02 平日承載量generalnum,NULL
"第12,49列",S2c Fixedclimb 承載量與天數,警政署入山 / c_id=288 塔芬山(高雄市-桃源區),03 天數下限sumdaymin,1
"第12,49列",S2c Fixedclimb 承載量與天數,警政署入山 / c_id=288 塔芬山(高雄市-桃源區),04 天數上限sumdaymax,1
"第12,49列",S2c Fixedclimb 承載量與天數,警政署入山 / c_id=288 塔芬山(高雄市-桃源區),05 是否抽籤IsDraw,0
"第12,49列",S2c Fixedclimb 承載量與天數,警政署入山 / c_id=288 塔芬山(高雄市-桃源區),06 許可證可印天數printdays,NULL
"第12,49列",S2c Fixedclimb 承載量與天數,警政署入山 / c_id=288 塔芬山(高雄市-桃源區),07 是否雪季路線issnow,0
"第12,49列",S2c Fixedclimb 承載量與天數,警政署入山 / c_id=288 塔芬山(高雄市-桃源區),08 人數檢查teamscountchk,NULL
"第12,49列",S2c Fixedclimb 承載量與天數,警政署入山 / c_id=289 鹿山(高雄市-桃源區),01 假日承載量holidaynum,NULL
"第12,49列",S2c Fixedclimb 承載量與天數,警政署入山 / c_id=289 鹿山(高雄市-桃源區),02 平日承載量generalnum,NULL
"第12,49列",S2c Fixedclimb 承載量與天數,警政署入山 / c_id=289 鹿山(高雄市-桃源區),03 天數下限sumdaymin,1
"第12,49列",S2c Fixedclimb 承載量與天數,警政署入山 / c_id=289 鹿山(高雄市-桃源區),04 天數上限sumdaymax,1
"第12,49列",S2c Fixedclimb 承載量與天數,警政署入山 / c_id=289 鹿山(高雄市-桃源區),05 是否抽籤IsDraw,0
"第12,49列",S2c Fixedclimb 承載量與天數,警政署入山 / c_id=289 鹿山(高雄市-桃源區),06 許可證可印天數printdays,NULL
"第12,49列",S2c Fixedclimb 承載量與天數,警政署入山 / c_id=289 鹿山(高雄市-桃源區),07 是否雪季路線issnow,0
"第12,49列",S2c Fixedclimb 承載量與天數,警政署入山 / c_id=289 鹿山(高雄市-桃源區),08 人數檢查teamscountchk,NULL
"第12,49列",S2c Fixedclimb 承載量與天數,警政署入山 / c_id=290 內本鹿越嶺(高雄市-桃源區),01 假日承載量holidaynum,NULL
"第12,49列",S2c Fixedclimb 承載量與天數,警政署入山 / c_id=290 內本鹿越嶺(高雄市-桃源區),02 平日承載量generalnum,NULL
"第12,49列",S2c Fixedclimb 承載量與天數,警政署入山 / c_id=290 內本鹿越嶺(高雄市-桃源區),03 天數下限sumdaymin,1
"第12,49列",S2c Fixedclimb 承載量與天數,警政署入山 / c_id=290 內本鹿越嶺(高雄市-桃源區),04 天數上限sumdaymax,1
"第12,49列",S2c Fixedclimb 承載量與天數,警政署入山 / c_id=290 內本鹿越嶺(高雄市-桃源區),05 是否抽籤IsDraw,0
"第12,49列",S2c Fixedclimb 承載量與天數,警政署入山 / c_id=290 內本鹿越嶺(高雄市-桃源區),06 許可證可印天數printdays,NULL
"第12,49列",S2c Fixedclimb 承載量與天數,警政署入山 / c_id=290 內本鹿越嶺(高雄市-桃源區),07 是否雪季路線issnow,0
"第12,49列",S2c Fixedclimb 承載量與天數,警政署入山 / c_id=290 內本鹿越嶺(高雄市-桃源區),08 人數檢查teamscountchk,NULL
"第12,49列",S2c Fixedclimb 承載量與天數,警政署入山 / c_id=291 大鬼湖(高雄市-茂林區),01 假日承載量holidaynum,NULL
"第12,49列",S2c Fixedclimb 承載量與天數,警政署入山 / c_id=291 大鬼湖(高雄市-茂林區),02 平日承載量generalnum,NULL
"第12,49列",S2c Fixedclimb 承載量與天數,警政署入山 / c_id=291 大鬼湖(高雄市-茂林區),03 天數下限sumdaymin,1
"第12,49列",S2c Fixedclimb 承載量與天數,警政署入山 / c_id=291 大鬼湖(高雄市-茂林區),04 天數上限sumdaymax,1
"第12,49列",S2c Fixedclimb 承載量與天數,警政署入山 / c_id=291 大鬼湖(高雄市-茂林區),05 是否抽籤IsDraw,0
"第12,49列",S2c Fixedclimb 承載量與天數,警政署入山 / c_id=291 大鬼湖(高雄市-茂林區),06 許可證可印天數printdays,NULL
"第12,49列",S2c Fixedclimb 承載量與天數,警政署入山 / c_id=291 大鬼湖(高雄市-茂林區),07 是否雪季路線issnow,0
"第12,49列",S2c Fixedclimb 承載量與天數,警政署入山 / c_id=291 大鬼湖(高雄市-茂林區),08 人數檢查teamscountchk,NULL
"第12,49列",S2c Fixedclimb 承載量與天數,警政署入山 / c_id=292 萬山溫泉(高雄市-茂林區),01 假日承載量holidaynum,NULL
"第12,49列",S2c Fixedclimb 承載量與天數,警政署入山 / c_id=292 萬山溫泉(高雄市-茂林區),02 平日承載量generalnum,NULL
"第12,49列",S2c Fixedclimb 承載量與天數,警政署入山 / c_id=292 萬山溫泉(高雄市-茂林區),03 天數下限sumdaymin,1
"第12,49列",S2c Fixedclimb 承載量與天數,警政署入山 / c_id=292 萬山溫泉(高雄市-茂林區),04 天數上限sumdaymax,1
"第12,49列",S2c Fixedclimb 承載量與天數,警政署入山 / c_id=292 萬山溫泉(高雄市-茂林區),05 是否抽籤IsDraw,0
"第12,49列",S2c Fixedclimb 承載量與天數,警政署入山 / c_id=292 萬山溫泉(高雄市-茂林區),06 許可證可印天數printdays,NULL
"第12,49列",S2c Fixedclimb 承載量與天數,警政署入山 / c_id=292 萬山溫泉(高雄市-茂林區),07 是否雪季路線issnow,0
"第12,49列",S2c Fixedclimb 承載量與天數,警政署入山 / c_id=292 萬山溫泉(高雄市-茂林區),08 人數檢查teamscountchk,NULL
"第12,49列",S2c Fixedclimb 承載量與天數,警政署入山 / c_id=293 萬山里(高雄市-茂林區),01 假日承載量holidaynum,NULL
"第12,49列",S2c Fixedclimb 承載量與天數,警政署入山 / c_id=293 萬山里(高雄市-茂林區),02 平日承載量generalnum,NULL
"第12,49列",S2c Fixedclimb 承載量與天數,警政署入山 / c_id=293 萬山里(高雄市-茂林區),03 天數下限sumdaymin,1
"第12,49列",S2c Fixedclimb 承載量與天數,警政署入山 / c_id=293 萬山里(高雄市-茂林區),04 天數上限sumdaymax,1
"第12,49列",S2c Fixedclimb 承載量與天數,警政署入山 / c_id=293 萬山里(高雄市-茂林區),05 是否抽籤IsDraw,0
"第12,49列",S2c Fixedclimb 承載量與天數,警政署入山 / c_id=293 萬山里(高雄市-茂林區),06 許可證可印天數printdays,NULL
"第12,49列",S2c Fixedclimb 承載量與天數,警政署入山 / c_id=293 萬山里(高雄市-茂林區),07 是否雪季路線issnow,0
"第12,49列",S2c Fixedclimb 承載量與天數,警政署入山 / c_id=293 萬山里(高雄市-茂林區),08 人數檢查teamscountchk,NULL
"第12,49列",S2c Fixedclimb 承載量與天數,警政署入山 / c_id=294 多納里(鬼斧神工)(高雄市-茂林區),01 假日承載量holidaynum,NULL
"第12,49列",S2c Fixedclimb 承載量與天數,警政署入山 / c_id=294 多納里(鬼斧神工)(高雄市-茂林區),02 平日承載量generalnum,NULL
"第12,49列",S2c Fixedclimb 承載量與天數,警政署入山 / c_id=294 多納里(鬼斧神工)(高雄市-茂林區),03 天數下限sumdaymin,1
"第12,49列",S2c Fixedclimb 承載量與天數,警政署入山 / c_id=294 多納里(鬼斧神工)(高雄市-茂林區),04 天數上限sumdaymax,1
"第12,49列",S2c Fixedclimb 承載量與天數,警政署入山 / c_id=294 多納里(鬼斧神工)(高雄市-茂林區),05 是否抽籤IsDraw,0
"第12,49列",S2c Fixedclimb 承載量與天數,警政署入山 / c_id=294 多納里(鬼斧神工)(高雄市-茂林區),06 許可證可印天數printdays,NULL
"第12,49列",S2c Fixedclimb 承載量與天數,警政署入山 / c_id=294 多納里(鬼斧神工)(高雄市-茂林區),07 是否雪季路線issnow,0
"第12,49列",S2c Fixedclimb 承載量與天數,警政署入山 / c_id=294 多納里(鬼斧神工)(高雄市-茂林區),08 人數檢查teamscountchk,NULL
"第12,49列",S2c Fixedclimb 承載量與天數,警政署入山 / c_id=295 扇平(高雄市-茂林區),01 假日承載量holidaynum,NULL
"第12,49列",S2c Fixedclimb 承載量與天數,警政署入山 / c_id=295 扇平(高雄市-茂林區),02 平日承載量generalnum,NULL
"第12,49列",S2c Fixedclimb 承載量與天數,警政署入山 / c_id=295 扇平(高雄市-茂林區),03 天數下限sumdaymin,1
"第12,49列",S2c Fixedclimb 承載量與天數,警政署入山 / c_id=295 扇平(高雄市-茂林區),04 天數上限sumdaymax,1
"第12,49列",S2c Fixedclimb 承載量與天數,警政署入山 / c_id=295 扇平(高雄市-茂林區),05 是否抽籤IsDraw,0
"第12,49列",S2c Fixedclimb 承載量與天數,警政署入山 / c_id=295 扇平(高雄市-茂林區),06 許可證可印天數printdays,NULL
"第12,49列",S2c Fixedclimb 承載量與天數,警政署入山 / c_id=295 扇平(高雄市-茂林區),07 是否雪季路線issnow,0
"第12,49列",S2c Fixedclimb 承載量與天數,警政署入山 / c_id=295 扇平(高雄市-茂林區),08 人數檢查teamscountchk,NULL
"第12,49列",S2c Fixedclimb 承載量與天數,警政署入山 / c_id=296 茂林里(高雄市-茂林區),01 假日承載量holidaynum,NULL
"第12,49列",S2c Fixedclimb 承載量與天數,警政署入山 / c_id=296 茂林里(高雄市-茂林區),02 平日承載量generalnum,NULL
"第12,49列",S2c Fixedclimb 承載量與天數,警政署入山 / c_id=296 茂林里(高雄市-茂林區),03 天數下限sumdaymin,1
"第12,49列",S2c Fixedclimb 承載量與天數,警政署入山 / c_id=296 茂林里(高雄市-茂林區),04 天數上限sumdaymax,1
"第12,49列",S2c Fixedclimb 承載量與天數,警政署入山 / c_id=296 茂林里(高雄市-茂林區),05 是否抽籤IsDraw,0
"第12,49列",S2c Fixedclimb 承載量與天數,警政署入山 / c_id=296 茂林里(高雄市-茂林區),06 許可證可印天數printdays,NULL
"第12,49列",S2c Fixedclimb 承載量與天數,警政署入山 / c_id=296 茂林里(高雄市-茂林區),07 是否雪季路線issnow,0
"第12,49列",S2c Fixedclimb 承載量與天數,警政署入山 / c_id=296 茂林里(高雄市-茂林區),08 人數檢查teamscountchk,NULL
"第12,49列",S2c Fixedclimb 承載量與天數,警政署入山 / c_id=297 民權里(高雄市-那瑪夏區),01 假日承載量holidaynum,NULL
"第12,49列",S2c Fixedclimb 承載量與天數,警政署入山 / c_id=297 民權里(高雄市-那瑪夏區),02 平日承載量generalnum,NULL
"第12,49列",S2c Fixedclimb 承載量與天數,警政署入山 / c_id=297 民權里(高雄市-那瑪夏區),03 天數下限sumdaymin,1
"第12,49列",S2c Fixedclimb 承載量與天數,警政署入山 / c_id=297 民權里(高雄市-那瑪夏區),04 天數上限sumdaymax,1
"第12,49列",S2c Fixedclimb 承載量與天數,警政署入山 / c_id=297 民權里(高雄市-那瑪夏區),05 是否抽籤IsDraw,0
"第12,49列",S2c Fixedclimb 承載量與天數,警政署入山 / c_id=297 民權里(高雄市-那瑪夏區),06 許可證可印天數printdays,NULL
"第12,49列",S2c Fixedclimb 承載量與天數,警政署入山 / c_id=297 民權里(高雄市-那瑪夏區),07 是否雪季路線issnow,0
"第12,49列",S2c Fixedclimb 承載量與天數,警政署入山 / c_id=297 民權里(高雄市-那瑪夏區),08 人數檢查teamscountchk,NULL
"第12,49列",S2c Fixedclimb 承載量與天數,警政署入山 / c_id=298 民生里(高雄市-那瑪夏區),01 假日承載量holidaynum,NULL
"第12,49列",S2c Fixedclimb 承載量與天數,警政署入山 / c_id=298 民生里(高雄市-那瑪夏區),02 平日承載量generalnum,NULL
"第12,49列",S2c Fixedclimb 承載量與天數,警政署入山 / c_id=298 民生里(高雄市-那瑪夏區),03 天數下限sumdaymin,1
"第12,49列",S2c Fixedclimb 承載量與天數,警政署入山 / c_id=298 民生里(高雄市-那瑪夏區),04 天數上限sumdaymax,1
"第12,49列",S2c Fixedclimb 承載量與天數,警政署入山 / c_id=298 民生里(高雄市-那瑪夏區),05 是否抽籤IsDraw,0
"第12,49列",S2c Fixedclimb 承載量與天數,警政署入山 / c_id=298 民生里(高雄市-那瑪夏區),06 許可證可印天數printdays,NULL
"第12,49列",S2c Fixedclimb 承載量與天數,警政署入山 / c_id=298 民生里(高雄市-那瑪夏區),07 是否雪季路線issnow,0
"第12,49列",S2c Fixedclimb 承載量與天數,警政署入山 / c_id=298 民生里(高雄市-那瑪夏區),08 人數檢查teamscountchk,NULL
"第12,49列",S2c Fixedclimb 承載量與天數,警政署入山 / c_id=299 民族里(高雄市-那瑪夏區),01 假日承載量holidaynum,NULL
"第12,49列",S2c Fixedclimb 承載量與天數,警政署入山 / c_id=299 民族里(高雄市-那瑪夏區),02 平日承載量generalnum,NULL
"第12,49列",S2c Fixedclimb 承載量與天數,警政署入山 / c_id=299 民族里(高雄市-那瑪夏區),03 天數下限sumdaymin,1
"第12,49列",S2c Fixedclimb 承載量與天數,警政署入山 / c_id=299 民族里(高雄市-那瑪夏區),04 天數上限sumdaymax,1
"第12,49列",S2c Fixedclimb 承載量與天數,警政署入山 / c_id=299 民族里(高雄市-那瑪夏區),05 是否抽籤IsDraw,0
"第12,49列",S2c Fixedclimb 承載量與天數,警政署入山 / c_id=299 民族里(高雄市-那瑪夏區),06 許可證可印天數printdays,NULL
"第12,49列",S2c Fixedclimb 承載量與天數,警政署入山 / c_id=299 民族里(高雄市-那瑪夏區),07 是否雪季路線issnow,0
"第12,49列",S2c Fixedclimb 承載量與天數,警政署入山 / c_id=299 民族里(高雄市-那瑪夏區),08 人數檢查teamscountchk,NULL
"第12,49列",S2c Fixedclimb 承載量與天數,警政署入山 / c_id=300 榆油山(高雄市-桃源區),01 假日承載量holidaynum,NULL
"第12,49列",S2c Fixedclimb 承載量與天數,警政署入山 / c_id=300 榆油山(高雄市-桃源區),02 平日承載量generalnum,NULL
"第12,49列",S2c Fixedclimb 承載量與天數,警政署入山 / c_id=300 榆油山(高雄市-桃源區),03 天數下限sumdaymin,1
"第12,49列",S2c Fixedclimb 承載量與天數,警政署入山 / c_id=300 榆油山(高雄市-桃源區),04 天數上限sumdaymax,1
"第12,49列",S2c Fixedclimb 承載量與天數,警政署入山 / c_id=300 榆油山(高雄市-桃源區),05 是否抽籤IsDraw,0
"第12,49列",S2c Fixedclimb 承載量與天數,警政署入山 / c_id=300 榆油山(高雄市-桃源區),06 許可證可印天數printdays,NULL
"第12,49列",S2c Fixedclimb 承載量與天數,警政署入山 / c_id=300 榆油山(高雄市-桃源區),07 是否雪季路線issnow,0
"第12,49列",S2c Fixedclimb 承載量與天數,警政署入山 / c_id=300 榆油山(高雄市-桃源區),08 人數檢查teamscountchk,NULL
"第12,49列",S2c Fixedclimb 承載量與天數,警政署入山 / c_id=301 關山(進涇橋登山口)(高雄市-桃源區),01 假日承載量holidaynum,NULL
"第12,49列",S2c Fixedclimb 承載量與天數,警政署入山 / c_id=301 關山(進涇橋登山口)(高雄市-桃源區),02 平日承載量generalnum,NULL
"第12,49列",S2c Fixedclimb 承載量與天數,警政署入山 / c_id=301 關山(進涇橋登山口)(高雄市-桃源區),03 天數下限sumdaymin,1
"第12,49列",S2c Fixedclimb 承載量與天數,警政署入山 / c_id=301 關山(進涇橋登山口)(高雄市-桃源區),04 天數上限sumdaymax,1
"第12,49列",S2c Fixedclimb 承載量與天數,警政署入山 / c_id=301 關山(進涇橋登山口)(高雄市-桃源區),05 是否抽籤IsDraw,0
"第12,49列",S2c Fixedclimb 承載量與天數,警政署入山 / c_id=301 關山(進涇橋登山口)(高雄市-桃源區),06 許可證可印天數printdays,NULL
"第12,49列",S2c Fixedclimb 承載量與天數,警政署入山 / c_id=301 關山(進涇橋登山口)(高雄市-桃源區),07 是否雪季路線issnow,0
"第12,49列",S2c Fixedclimb 承載量與天數,警政署入山 / c_id=301 關山(進涇橋登山口)(高雄市-桃源區),08 人數檢查teamscountchk,NULL
"第12,49列",S2c Fixedclimb 承載量與天數,警政署入山 / c_id=302 嘉明湖(高雄市-桃源區),01 假日承載量holidaynum,NULL
"第12,49列",S2c Fixedclimb 承載量與天數,警政署入山 / c_id=302 嘉明湖(高雄市-桃源區),02 平日承載量generalnum,NULL
"第12,49列",S2c Fixedclimb 承載量與天數,警政署入山 / c_id=302 嘉明湖(高雄市-桃源區),03 天數下限sumdaymin,1
"第12,49列",S2c Fixedclimb 承載量與天數,警政署入山 / c_id=302 嘉明湖(高雄市-桃源區),04 天數上限sumdaymax,1
"第12,49列",S2c Fixedclimb 承載量與天數,警政署入山 / c_id=302 嘉明湖(高雄市-桃源區),05 是否抽籤IsDraw,0
"第12,49列",S2c Fixedclimb 承載量與天數,警政署入山 / c_id=302 嘉明湖(高雄市-桃源區),06 許可證可印天數printdays,NULL
"第12,49列",S2c Fixedclimb 承載量與天數,警政署入山 / c_id=302 嘉明湖(高雄市-桃源區),07 是否雪季路線issnow,0
"第12,49列",S2c Fixedclimb 承載量與天數,警政署入山 / c_id=302 嘉明湖(高雄市-桃源區),08 人數檢查teamscountchk,NULL
"第12,49列",S2c Fixedclimb 承載量與天數,警政署入山 / c_id=303 神祕谷瀑布(屏東縣-泰武鄉),01 假日承載量holidaynum,NULL
"第12,49列",S2c Fixedclimb 承載量與天數,警政署入山 / c_id=303 神祕谷瀑布(屏東縣-泰武鄉),02 平日承載量generalnum,NULL
"第12,49列",S2c Fixedclimb 承載量與天數,警政署入山 / c_id=303 神祕谷瀑布(屏東縣-泰武鄉),03 天數下限sumdaymin,1
"第12,49列",S2c Fixedclimb 承載量與天數,警政署入山 / c_id=303 神祕谷瀑布(屏東縣-泰武鄉),04 天數上限sumdaymax,1
"第12,49列",S2c Fixedclimb 承載量與天數,警政署入山 / c_id=303 神祕谷瀑布(屏東縣-泰武鄉),05 是否抽籤IsDraw,0
"第12,49列",S2c Fixedclimb 承載量與天數,警政署入山 / c_id=303 神祕谷瀑布(屏東縣-泰武鄉),06 許可證可印天數printdays,NULL
"第12,49列",S2c Fixedclimb 承載量與天數,警政署入山 / c_id=303 神祕谷瀑布(屏東縣-泰武鄉),07 是否雪季路線issnow,0
"第12,49列",S2c Fixedclimb 承載量與天數,警政署入山 / c_id=303 神祕谷瀑布(屏東縣-泰武鄉),08 人數檢查teamscountchk,NULL
"第12,49列",S2c Fixedclimb 承載量與天數,警政署入山 / c_id=304 神社(屏東縣-泰武鄉),01 假日承載量holidaynum,NULL
"第12,49列",S2c Fixedclimb 承載量與天數,警政署入山 / c_id=304 神社(屏東縣-泰武鄉),02 平日承載量generalnum,NULL
"第12,49列",S2c Fixedclimb 承載量與天數,警政署入山 / c_id=304 神社(屏東縣-泰武鄉),03 天數下限sumdaymin,1
"第12,49列",S2c Fixedclimb 承載量與天數,警政署入山 / c_id=304 神社(屏東縣-泰武鄉),04 天數上限sumdaymax,1
"第12,49列",S2c Fixedclimb 承載量與天數,警政署入山 / c_id=304 神社(屏東縣-泰武鄉),05 是否抽籤IsDraw,0
"第12,49列",S2c Fixedclimb 承載量與天數,警政署入山 / c_id=304 神社(屏東縣-泰武鄉),06 許可證可印天數printdays,NULL
"第12,49列",S2c Fixedclimb 承載量與天數,警政署入山 / c_id=304 神社(屏東縣-泰武鄉),07 是否雪季路線issnow,0
"第12,49列",S2c Fixedclimb 承載量與天數,警政署入山 / c_id=304 神社(屏東縣-泰武鄉),08 人數檢查teamscountchk,NULL
"第12,49列",S2c Fixedclimb 承載量與天數,警政署入山 / c_id=305 檜谷山莊(屏東縣-泰武鄉),01 假日承載量holidaynum,NULL
"第12,49列",S2c Fixedclimb 承載量與天數,警政署入山 / c_id=305 檜谷山莊(屏東縣-泰武鄉),02 平日承載量generalnum,NULL
"第12,49列",S2c Fixedclimb 承載量與天數,警政署入山 / c_id=305 檜谷山莊(屏東縣-泰武鄉),03 天數下限sumdaymin,1
"第12,49列",S2c Fixedclimb 承載量與天數,警政署入山 / c_id=305 檜谷山莊(屏東縣-泰武鄉),04 天數上限sumdaymax,1
"第12,49列",S2c Fixedclimb 承載量與天數,警政署入山 / c_id=305 檜谷山莊(屏東縣-泰武鄉),05 是否抽籤IsDraw,0
"第12,49列",S2c Fixedclimb 承載量與天數,警政署入山 / c_id=305 檜谷山莊(屏東縣-泰武鄉),06 許可證可印天數printdays,NULL
"第12,49列",S2c Fixedclimb 承載量與天數,警政署入山 / c_id=305 檜谷山莊(屏東縣-泰武鄉),07 是否雪季路線issnow,0
"第12,49列",S2c Fixedclimb 承載量與天數,警政署入山 / c_id=305 檜谷山莊(屏東縣-泰武鄉),08 人數檢查teamscountchk,NULL
"第12,49列",S2c Fixedclimb 承載量與天數,警政署入山 / c_id=306 鴛鴦瀑布(屏東縣-泰武鄉),01 假日承載量holidaynum,NULL
"第12,49列",S2c Fixedclimb 承載量與天數,警政署入山 / c_id=306 鴛鴦瀑布(屏東縣-泰武鄉),02 平日承載量generalnum,NULL
"第12,49列",S2c Fixedclimb 承載量與天數,警政署入山 / c_id=306 鴛鴦瀑布(屏東縣-泰武鄉),03 天數下限sumdaymin,1
"第12,49列",S2c Fixedclimb 承載量與天數,警政署入山 / c_id=306 鴛鴦瀑布(屏東縣-泰武鄉),04 天數上限sumdaymax,1
"第12,49列",S2c Fixedclimb 承載量與天數,警政署入山 / c_id=306 鴛鴦瀑布(屏東縣-泰武鄉),05 是否抽籤IsDraw,0
"第12,49列",S2c Fixedclimb 承載量與天數,警政署入山 / c_id=306 鴛鴦瀑布(屏東縣-泰武鄉),06 許可證可印天數printdays,NULL
"第12,49列",S2c Fixedclimb 承載量與天數,警政署入山 / c_id=306 鴛鴦瀑布(屏東縣-泰武鄉),07 是否雪季路線issnow,0
"第12,49列",S2c Fixedclimb 承載量與天數,警政署入山 / c_id=306 鴛鴦瀑布(屏東縣-泰武鄉),08 人數檢查teamscountchk,NULL
"第12,49列",S2c Fixedclimb 承載量與天數,警政署入山 / c_id=307 北大武山(屏東縣-泰武鄉),01 假日承載量holidaynum,NULL
"第12,49列",S2c Fixedclimb 承載量與天數,警政署入山 / c_id=307 北大武山(屏東縣-泰武鄉),02 平日承載量generalnum,NULL
"第12,49列",S2c Fixedclimb 承載量與天數,警政署入山 / c_id=307 北大武山(屏東縣-泰武鄉),03 天數下限sumdaymin,1
"第12,49列",S2c Fixedclimb 承載量與天數,警政署入山 / c_id=307 北大武山(屏東縣-泰武鄉),04 天數上限sumdaymax,1
"第12,49列",S2c Fixedclimb 承載量與天數,警政署入山 / c_id=307 北大武山(屏東縣-泰武鄉),05 是否抽籤IsDraw,0
"第12,49列",S2c Fixedclimb 承載量與天數,警政署入山 / c_id=307 北大武山(屏東縣-泰武鄉),06 許可證可印天數printdays,NULL
"第12,49列",S2c Fixedclimb 承載量與天數,警政署入山 / c_id=307 北大武山(屏東縣-泰武鄉),07 是否雪季路線issnow,0
"第12,49列",S2c Fixedclimb 承載量與天數,警政署入山 / c_id=307 北大武山(屏東縣-泰武鄉),08 人數檢查teamscountchk,NULL
"第12,49列",S2c Fixedclimb 承載量與天數,警政署入山 / c_id=308 佳興山莊(屏東縣-泰武鄉),01 假日承載量holidaynum,NULL
"第12,49列",S2c Fixedclimb 承載量與天數,警政署入山 / c_id=308 佳興山莊(屏東縣-泰武鄉),02 平日承載量generalnum,NULL
"第12,49列",S2c Fixedclimb 承載量與天數,警政署入山 / c_id=308 佳興山莊(屏東縣-泰武鄉),03 天數下限sumdaymin,1
"第12,49列",S2c Fixedclimb 承載量與天數,警政署入山 / c_id=308 佳興山莊(屏東縣-泰武鄉),04 天數上限sumdaymax,1
"第12,49列",S2c Fixedclimb 承載量與天數,警政署入山 / c_id=308 佳興山莊(屏東縣-泰武鄉),05 是否抽籤IsDraw,0
"第12,49列",S2c Fixedclimb 承載量與天數,警政署入山 / c_id=308 佳興山莊(屏東縣-泰武鄉),06 許可證可印天數printdays,NULL
"第12,49列",S2c Fixedclimb 承載量與天數,警政署入山 / c_id=308 佳興山莊(屏東縣-泰武鄉),07 是否雪季路線issnow,0
"第12,49列",S2c Fixedclimb 承載量與天數,警政署入山 / c_id=308 佳興山莊(屏東縣-泰武鄉),08 人數檢查teamscountchk,NULL
"第12,49列",S2c Fixedclimb 承載量與天數,警政署入山 / c_id=309 泰武村(屏東縣-泰武鄉),01 假日承載量holidaynum,NULL
"第12,49列",S2c Fixedclimb 承載量與天數,警政署入山 / c_id=309 泰武村(屏東縣-泰武鄉),02 平日承載量generalnum,NULL
"第12,49列",S2c Fixedclimb 承載量與天數,警政署入山 / c_id=309 泰武村(屏東縣-泰武鄉),03 天數下限sumdaymin,1
"第12,49列",S2c Fixedclimb 承載量與天數,警政署入山 / c_id=309 泰武村(屏東縣-泰武鄉),04 天數上限sumdaymax,1
"第12,49列",S2c Fixedclimb 承載量與天數,警政署入山 / c_id=309 泰武村(屏東縣-泰武鄉),05 是否抽籤IsDraw,0
"第12,49列",S2c Fixedclimb 承載量與天數,警政署入山 / c_id=309 泰武村(屏東縣-泰武鄉),06 許可證可印天數printdays,NULL
"第12,49列",S2c Fixedclimb 承載量與天數,警政署入山 / c_id=309 泰武村(屏東縣-泰武鄉),07 是否雪季路線issnow,0
"第12,49列",S2c Fixedclimb 承載量與天數,警政署入山 / c_id=309 泰武村(屏東縣-泰武鄉),08 人數檢查teamscountchk,NULL
"第12,49列",S2c Fixedclimb 承載量與天數,警政署入山 / c_id=310 阿禮村(屏東縣-霧臺鄉),01 假日承載量holidaynum,NULL
"第12,49列",S2c Fixedclimb 承載量與天數,警政署入山 / c_id=310 阿禮村(屏東縣-霧臺鄉),02 平日承載量generalnum,NULL
"第12,49列",S2c Fixedclimb 承載量與天數,警政署入山 / c_id=310 阿禮村(屏東縣-霧臺鄉),03 天數下限sumdaymin,1
"第12,49列",S2c Fixedclimb 承載量與天數,警政署入山 / c_id=310 阿禮村(屏東縣-霧臺鄉),04 天數上限sumdaymax,1
"第12,49列",S2c Fixedclimb 承載量與天數,警政署入山 / c_id=310 阿禮村(屏東縣-霧臺鄉),05 是否抽籤IsDraw,0
"第12,49列",S2c Fixedclimb 承載量與天數,警政署入山 / c_id=310 阿禮村(屏東縣-霧臺鄉),06 許可證可印天數printdays,NULL
"第12,49列",S2c Fixedclimb 承載量與天數,警政署入山 / c_id=310 阿禮村(屏東縣-霧臺鄉),07 是否雪季路線issnow,0
"第12,49列",S2c Fixedclimb 承載量與天數,警政署入山 / c_id=310 阿禮村(屏東縣-霧臺鄉),08 人數檢查teamscountchk,NULL
"第12,49列",S2c Fixedclimb 承載量與天數,警政署入山 / c_id=311 佳暮村(屏東縣-霧臺鄉),01 假日承載量holidaynum,NULL
"第12,49列",S2c Fixedclimb 承載量與天數,警政署入山 / c_id=311 佳暮村(屏東縣-霧臺鄉),02 平日承載量generalnum,NULL
"第12,49列",S2c Fixedclimb 承載量與天數,警政署入山 / c_id=311 佳暮村(屏東縣-霧臺鄉),03 天數下限sumdaymin,1
"第12,49列",S2c Fixedclimb 承載量與天數,警政署入山 / c_id=311 佳暮村(屏東縣-霧臺鄉),04 天數上限sumdaymax,1
"第12,49列",S2c Fixedclimb 承載量與天數,警政署入山 / c_id=311 佳暮村(屏東縣-霧臺鄉),05 是否抽籤IsDraw,0
"第12,49列",S2c Fixedclimb 承載量與天數,警政署入山 / c_id=311 佳暮村(屏東縣-霧臺鄉),06 許可證可印天數printdays,NULL
"第12,49列",S2c Fixedclimb 承載量與天數,警政署入山 / c_id=311 佳暮村(屏東縣-霧臺鄉),07 是否雪季路線issnow,0
"第12,49列",S2c Fixedclimb 承載量與天數,警政署入山 / c_id=311 佳暮村(屏東縣-霧臺鄉),08 人數檢查teamscountchk,NULL
"第12,49列",S2c Fixedclimb 承載量與天數,警政署入山 / c_id=312 大武村(屏東縣-霧臺鄉),01 假日承載量holidaynum,NULL
"第12,49列",S2c Fixedclimb 承載量與天數,警政署入山 / c_id=312 大武村(屏東縣-霧臺鄉),02 平日承載量generalnum,NULL
"第12,49列",S2c Fixedclimb 承載量與天數,警政署入山 / c_id=312 大武村(屏東縣-霧臺鄉),03 天數下限sumdaymin,1
"第12,49列",S2c Fixedclimb 承載量與天數,警政署入山 / c_id=312 大武村(屏東縣-霧臺鄉),04 天數上限sumdaymax,1
"第12,49列",S2c Fixedclimb 承載量與天數,警政署入山 / c_id=312 大武村(屏東縣-霧臺鄉),05 是否抽籤IsDraw,0
"第12,49列",S2c Fixedclimb 承載量與天數,警政署入山 / c_id=312 大武村(屏東縣-霧臺鄉),06 許可證可印天數printdays,NULL
"第12,49列",S2c Fixedclimb 承載量與天數,警政署入山 / c_id=312 大武村(屏東縣-霧臺鄉),07 是否雪季路線issnow,0
"第12,49列",S2c Fixedclimb 承載量與天數,警政署入山 / c_id=312 大武村(屏東縣-霧臺鄉),08 人數檢查teamscountchk,NULL
"第12,49列",S2c Fixedclimb 承載量與天數,警政署入山 / c_id=313 舊好茶(屏東縣-霧臺鄉):禁止入山,01 假日承載量holidaynum,NULL
"第12,49列",S2c Fixedclimb 承載量與天數,警政署入山 / c_id=313 舊好茶(屏東縣-霧臺鄉):禁止入山,02 平日承載量generalnum,NULL
"第12,49列",S2c Fixedclimb 承載量與天數,警政署入山 / c_id=313 舊好茶(屏東縣-霧臺鄉):禁止入山,03 天數下限sumdaymin,1
"第12,49列",S2c Fixedclimb 承載量與天數,警政署入山 / c_id=313 舊好茶(屏東縣-霧臺鄉):禁止入山,04 天數上限sumdaymax,1
"第12,49列",S2c Fixedclimb 承載量與天數,警政署入山 / c_id=313 舊好茶(屏東縣-霧臺鄉):禁止入山,05 是否抽籤IsDraw,0
"第12,49列",S2c Fixedclimb 承載量與天數,警政署入山 / c_id=313 舊好茶(屏東縣-霧臺鄉):禁止入山,06 許可證可印天數printdays,NULL
"第12,49列",S2c Fixedclimb 承載量與天數,警政署入山 / c_id=313 舊好茶(屏東縣-霧臺鄉):禁止入山,07 是否雪季路線issnow,0
"第12,49列",S2c Fixedclimb 承載量與天數,警政署入山 / c_id=313 舊好茶(屏東縣-霧臺鄉):禁止入山,08 人數檢查teamscountchk,NULL
"第12,49列",S2c Fixedclimb 承載量與天數,警政署入山 / c_id=314 舊茶村(屏東縣-霧臺鄉):禁止入山,01 假日承載量holidaynum,NULL
"第12,49列",S2c Fixedclimb 承載量與天數,警政署入山 / c_id=314 舊茶村(屏東縣-霧臺鄉):禁止入山,02 平日承載量generalnum,NULL
"第12,49列",S2c Fixedclimb 承載量與天數,警政署入山 / c_id=314 舊茶村(屏東縣-霧臺鄉):禁止入山,03 天數下限sumdaymin,1
"第12,49列",S2c Fixedclimb 承載量與天數,警政署入山 / c_id=314 舊茶村(屏東縣-霧臺鄉):禁止入山,04 天數上限sumdaymax,1
"第12,49列",S2c Fixedclimb 承載量與天數,警政署入山 / c_id=314 舊茶村(屏東縣-霧臺鄉):禁止入山,05 是否抽籤IsDraw,0
"第12,49列",S2c Fixedclimb 承載量與天數,警政署入山 / c_id=314 舊茶村(屏東縣-霧臺鄉):禁止入山,06 許可證可印天數printdays,NULL
"第12,49列",S2c Fixedclimb 承載量與天數,警政署入山 / c_id=314 舊茶村(屏東縣-霧臺鄉):禁止入山,07 是否雪季路線issnow,0
"第12,49列",S2c Fixedclimb 承載量與天數,警政署入山 / c_id=314 舊茶村(屏東縣-霧臺鄉):禁止入山,08 人數檢查teamscountchk,NULL
"第12,49列",S2c Fixedclimb 承載量與天數,警政署入山 / c_id=315 好茶村(屏東縣-霧臺鄉):禁止入山,01 假日承載量holidaynum,NULL
"第12,49列",S2c Fixedclimb 承載量與天數,警政署入山 / c_id=315 好茶村(屏東縣-霧臺鄉):禁止入山,02 平日承載量generalnum,NULL
"第12,49列",S2c Fixedclimb 承載量與天數,警政署入山 / c_id=315 好茶村(屏東縣-霧臺鄉):禁止入山,03 天數下限sumdaymin,1
"第12,49列",S2c Fixedclimb 承載量與天數,警政署入山 / c_id=315 好茶村(屏東縣-霧臺鄉):禁止入山,04 天數上限sumdaymax,1
"第12,49列",S2c Fixedclimb 承載量與天數,警政署入山 / c_id=315 好茶村(屏東縣-霧臺鄉):禁止入山,05 是否抽籤IsDraw,0
"第12,49列",S2c Fixedclimb 承載量與天數,警政署入山 / c_id=315 好茶村(屏東縣-霧臺鄉):禁止入山,06 許可證可印天數printdays,NULL
"第12,49列",S2c Fixedclimb 承載量與天數,警政署入山 / c_id=315 好茶村(屏東縣-霧臺鄉):禁止入山,07 是否雪季路線issnow,0
"第12,49列",S2c Fixedclimb 承載量與天數,警政署入山 / c_id=315 好茶村(屏東縣-霧臺鄉):禁止入山,08 人數檢查teamscountchk,NULL
"第12,49列",S2c Fixedclimb 承載量與天數,警政署入山 / c_id=316 霧頭山(屏東縣-霧臺鄉),01 假日承載量holidaynum,NULL
"第12,49列",S2c Fixedclimb 承載量與天數,警政署入山 / c_id=316 霧頭山(屏東縣-霧臺鄉),02 平日承載量generalnum,NULL
"第12,49列",S2c Fixedclimb 承載量與天數,警政署入山 / c_id=316 霧頭山(屏東縣-霧臺鄉),03 天數下限sumdaymin,1
"第12,49列",S2c Fixedclimb 承載量與天數,警政署入山 / c_id=316 霧頭山(屏東縣-霧臺鄉),04 天數上限sumdaymax,1
"第12,49列",S2c Fixedclimb 承載量與天數,警政署入山 / c_id=316 霧頭山(屏東縣-霧臺鄉),05 是否抽籤IsDraw,0
"第12,49列",S2c Fixedclimb 承載量與天數,警政署入山 / c_id=316 霧頭山(屏東縣-霧臺鄉),06 許可證可印天數printdays,NULL
"第12,49列",S2c Fixedclimb 承載量與天數,警政署入山 / c_id=316 霧頭山(屏東縣-霧臺鄉),07 是否雪季路線issnow,0
"第12,49列",S2c Fixedclimb 承載量與天數,警政署入山 / c_id=316 霧頭山(屏東縣-霧臺鄉),08 人數檢查teamscountchk,NULL
"第12,49列",S2c Fixedclimb 承載量與天數,警政署入山 / c_id=317 大母母山(屏東縣-霧臺鄉),01 假日承載量holidaynum,NULL
"第12,49列",S2c Fixedclimb 承載量與天數,警政署入山 / c_id=317 大母母山(屏東縣-霧臺鄉),02 平日承載量generalnum,NULL
"第12,49列",S2c Fixedclimb 承載量與天數,警政署入山 / c_id=317 大母母山(屏東縣-霧臺鄉),03 天數下限sumdaymin,1
"第12,49列",S2c Fixedclimb 承載量與天數,警政署入山 / c_id=317 大母母山(屏東縣-霧臺鄉),04 天數上限sumdaymax,1
"第12,49列",S2c Fixedclimb 承載量與天數,警政署入山 / c_id=317 大母母山(屏東縣-霧臺鄉),05 是否抽籤IsDraw,0
"第12,49列",S2c Fixedclimb 承載量與天數,警政署入山 / c_id=317 大母母山(屏東縣-霧臺鄉),06 許可證可印天數printdays,NULL
"第12,49列",S2c Fixedclimb 承載量與天數,警政署入山 / c_id=317 大母母山(屏東縣-霧臺鄉),07 是否雪季路線issnow,0
"第12,49列",S2c Fixedclimb 承載量與天數,警政署入山 / c_id=317 大母母山(屏東縣-霧臺鄉),08 人數檢查teamscountchk,NULL
"第12,49列",S2c Fixedclimb 承載量與天數,警政署入山 / c_id=318 小鬼湖(屏東縣-霧臺鄉),01 假日承載量holidaynum,NULL
"第12,49列",S2c Fixedclimb 承載量與天數,警政署入山 / c_id=318 小鬼湖(屏東縣-霧臺鄉),02 平日承載量generalnum,NULL
"第12,49列",S2c Fixedclimb 承載量與天數,警政署入山 / c_id=318 小鬼湖(屏東縣-霧臺鄉),03 天數下限sumdaymin,1
"第12,49列",S2c Fixedclimb 承載量與天數,警政署入山 / c_id=318 小鬼湖(屏東縣-霧臺鄉),04 天數上限sumdaymax,1
"第12,49列",S2c Fixedclimb 承載量與天數,警政署入山 / c_id=318 小鬼湖(屏東縣-霧臺鄉),05 是否抽籤IsDraw,0
"第12,49列",S2c Fixedclimb 承載量與天數,警政署入山 / c_id=318 小鬼湖(屏東縣-霧臺鄉),06 許可證可印天數printdays,NULL
"第12,49列",S2c Fixedclimb 承載量與天數,警政署入山 / c_id=318 小鬼湖(屏東縣-霧臺鄉),07 是否雪季路線issnow,0
"第12,49列",S2c Fixedclimb 承載量與天數,警政署入山 / c_id=318 小鬼湖(屏東縣-霧臺鄉),08 人數檢查teamscountchk,NULL
"第12,49列",S2c Fixedclimb 承載量與天數,警政署入山 / c_id=319 霧台村(屏東縣-霧臺鄉),01 假日承載量holidaynum,NULL
"第12,49列",S2c Fixedclimb 承載量與天數,警政署入山 / c_id=319 霧台村(屏東縣-霧臺鄉),02 平日承載量generalnum,NULL
"第12,49列",S2c Fixedclimb 承載量與天數,警政署入山 / c_id=319 霧台村(屏東縣-霧臺鄉),03 天數下限sumdaymin,1
"第12,49列",S2c Fixedclimb 承載量與天數,警政署入山 / c_id=319 霧台村(屏東縣-霧臺鄉),04 天數上限sumdaymax,1
"第12,49列",S2c Fixedclimb 承載量與天數,警政署入山 / c_id=319 霧台村(屏東縣-霧臺鄉),05 是否抽籤IsDraw,0
"第12,49列",S2c Fixedclimb 承載量與天數,警政署入山 / c_id=319 霧台村(屏東縣-霧臺鄉),06 許可證可印天數printdays,NULL
"第12,49列",S2c Fixedclimb 承載量與天數,警政署入山 / c_id=319 霧台村(屏東縣-霧臺鄉),07 是否雪季路線issnow,0
"第12,49列",S2c Fixedclimb 承載量與天數,警政署入山 / c_id=319 霧台村(屏東縣-霧臺鄉),08 人數檢查teamscountchk,NULL
"第12,49列",S2c Fixedclimb 承載量與天數,警政署入山 / c_id=320 井步山(屏東縣-霧臺鄉),01 假日承載量holidaynum,NULL
"第12,49列",S2c Fixedclimb 承載量與天數,警政署入山 / c_id=320 井步山(屏東縣-霧臺鄉),02 平日承載量generalnum,NULL
"第12,49列",S2c Fixedclimb 承載量與天數,警政署入山 / c_id=320 井步山(屏東縣-霧臺鄉),03 天數下限sumdaymin,1
"第12,49列",S2c Fixedclimb 承載量與天數,警政署入山 / c_id=320 井步山(屏東縣-霧臺鄉),04 天數上限sumdaymax,1
"第12,49列",S2c Fixedclimb 承載量與天數,警政署入山 / c_id=320 井步山(屏東縣-霧臺鄉),05 是否抽籤IsDraw,0
"第12,49列",S2c Fixedclimb 承載量與天數,警政署入山 / c_id=320 井步山(屏東縣-霧臺鄉),06 許可證可印天數printdays,NULL
"第12,49列",S2c Fixedclimb 承載量與天數,警政署入山 / c_id=320 井步山(屏東縣-霧臺鄉),07 是否雪季路線issnow,0
"第12,49列",S2c Fixedclimb 承載量與天數,警政署入山 / c_id=320 井步山(屏東縣-霧臺鄉),08 人數檢查teamscountchk,NULL
"第12,49列",S2c Fixedclimb 承載量與天數,警政署入山 / c_id=321 麻留賀山(屏東縣-霧臺鄉),01 假日承載量holidaynum,NULL
"第12,49列",S2c Fixedclimb 承載量與天數,警政署入山 / c_id=321 麻留賀山(屏東縣-霧臺鄉),02 平日承載量generalnum,NULL
"第12,49列",S2c Fixedclimb 承載量與天數,警政署入山 / c_id=321 麻留賀山(屏東縣-霧臺鄉),03 天數下限sumdaymin,1
"第12,49列",S2c Fixedclimb 承載量與天數,警政署入山 / c_id=321 麻留賀山(屏東縣-霧臺鄉),04 天數上限sumdaymax,1
"第12,49列",S2c Fixedclimb 承載量與天數,警政署入山 / c_id=321 麻留賀山(屏東縣-霧臺鄉),05 是否抽籤IsDraw,0
"第12,49列",S2c Fixedclimb 承載量與天數,警政署入山 / c_id=321 麻留賀山(屏東縣-霧臺鄉),06 許可證可印天數printdays,NULL
"第12,49列",S2c Fixedclimb 承載量與天數,警政署入山 / c_id=321 麻留賀山(屏東縣-霧臺鄉),07 是否雪季路線issnow,0
"第12,49列",S2c Fixedclimb 承載量與天數,警政署入山 / c_id=321 麻留賀山(屏東縣-霧臺鄉),08 人數檢查teamscountchk,NULL
"第12,49列",S2c Fixedclimb 承載量與天數,警政署入山 / c_id=322 飛龍瀑布(屏東縣-霧臺鄉),01 假日承載量holidaynum,NULL
"第12,49列",S2c Fixedclimb 承載量與天數,警政署入山 / c_id=322 飛龍瀑布(屏東縣-霧臺鄉),02 平日承載量generalnum,NULL
"第12,49列",S2c Fixedclimb 承載量與天數,警政署入山 / c_id=322 飛龍瀑布(屏東縣-霧臺鄉),03 天數下限sumdaymin,1
"第12,49列",S2c Fixedclimb 承載量與天數,警政署入山 / c_id=322 飛龍瀑布(屏東縣-霧臺鄉),04 天數上限sumdaymax,1
"第12,49列",S2c Fixedclimb 承載量與天數,警政署入山 / c_id=322 飛龍瀑布(屏東縣-霧臺鄉),05 是否抽籤IsDraw,0
"第12,49列",S2c Fixedclimb 承載量與天數,警政署入山 / c_id=322 飛龍瀑布(屏東縣-霧臺鄉),06 許可證可印天數printdays,NULL
"第12,49列",S2c Fixedclimb 承載量與天數,警政署入山 / c_id=322 飛龍瀑布(屏東縣-霧臺鄉),07 是否雪季路線issnow,0
"第12,49列",S2c Fixedclimb 承載量與天數,警政署入山 / c_id=322 飛龍瀑布(屏東縣-霧臺鄉),08 人數檢查teamscountchk,NULL
"第12,49列",S2c Fixedclimb 承載量與天數,警政署入山 / c_id=323 隘寮上游(屏東縣-霧臺鄉),01 假日承載量holidaynum,NULL
"第12,49列",S2c Fixedclimb 承載量與天數,警政署入山 / c_id=323 隘寮上游(屏東縣-霧臺鄉),02 平日承載量generalnum,NULL
"第12,49列",S2c Fixedclimb 承載量與天數,警政署入山 / c_id=323 隘寮上游(屏東縣-霧臺鄉),03 天數下限sumdaymin,1
"第12,49列",S2c Fixedclimb 承載量與天數,警政署入山 / c_id=323 隘寮上游(屏東縣-霧臺鄉),04 天數上限sumdaymax,1
"第12,49列",S2c Fixedclimb 承載量與天數,警政署入山 / c_id=323 隘寮上游(屏東縣-霧臺鄉),05 是否抽籤IsDraw,0
"第12,49列",S2c Fixedclimb 承載量與天數,警政署入山 / c_id=323 隘寮上游(屏東縣-霧臺鄉),06 許可證可印天數printdays,NULL
"第12,49列",S2c Fixedclimb 承載量與天數,警政署入山 / c_id=323 隘寮上游(屏東縣-霧臺鄉),07 是否雪季路線issnow,0
"第12,49列",S2c Fixedclimb 承載量與天數,警政署入山 / c_id=323 隘寮上游(屏東縣-霧臺鄉),08 人數檢查teamscountchk,NULL
"第12,49列",S2c Fixedclimb 承載量與天數,警政署入山 / c_id=324 神山依拉瀑布(屏東縣-霧臺鄉),01 假日承載量holidaynum,NULL
"第12,49列",S2c Fixedclimb 承載量與天數,警政署入山 / c_id=324 神山依拉瀑布(屏東縣-霧臺鄉),02 平日承載量generalnum,NULL
"第12,49列",S2c Fixedclimb 承載量與天數,警政署入山 / c_id=324 神山依拉瀑布(屏東縣-霧臺鄉),03 天數下限sumdaymin,1
"第12,49列",S2c Fixedclimb 承載量與天數,警政署入山 / c_id=324 神山依拉瀑布(屏東縣-霧臺鄉),04 天數上限sumdaymax,1
"第12,49列",S2c Fixedclimb 承載量與天數,警政署入山 / c_id=324 神山依拉瀑布(屏東縣-霧臺鄉),05 是否抽籤IsDraw,0
"第12,49列",S2c Fixedclimb 承載量與天數,警政署入山 / c_id=324 神山依拉瀑布(屏東縣-霧臺鄉),06 許可證可印天數printdays,NULL
"第12,49列",S2c Fixedclimb 承載量與天數,警政署入山 / c_id=324 神山依拉瀑布(屏東縣-霧臺鄉),07 是否雪季路線issnow,0
"第12,49列",S2c Fixedclimb 承載量與天數,警政署入山 / c_id=324 神山依拉瀑布(屏東縣-霧臺鄉),08 人數檢查teamscountchk,NULL
"第12,49列",S2c Fixedclimb 承載量與天數,警政署入山 / c_id=325 德文山(屏東縣-三地門鄉),01 假日承載量holidaynum,NULL
"第12,49列",S2c Fixedclimb 承載量與天數,警政署入山 / c_id=325 德文山(屏東縣-三地門鄉),02 平日承載量generalnum,NULL
"第12,49列",S2c Fixedclimb 承載量與天數,警政署入山 / c_id=325 德文山(屏東縣-三地門鄉),03 天數下限sumdaymin,1
"第12,49列",S2c Fixedclimb 承載量與天數,警政署入山 / c_id=325 德文山(屏東縣-三地門鄉),04 天數上限sumdaymax,1
"第12,49列",S2c Fixedclimb 承載量與天數,警政署入山 / c_id=325 德文山(屏東縣-三地門鄉),05 是否抽籤IsDraw,0
"第12,49列",S2c Fixedclimb 承載量與天數,警政署入山 / c_id=325 德文山(屏東縣-三地門鄉),06 許可證可印天數printdays,NULL
"第12,49列",S2c Fixedclimb 承載量與天數,警政署入山 / c_id=325 德文山(屏東縣-三地門鄉),07 是否雪季路線issnow,0
"第12,49列",S2c Fixedclimb 承載量與天數,警政署入山 / c_id=325 德文山(屏東縣-三地門鄉),08 人數檢查teamscountchk,NULL
"第12,49列",S2c Fixedclimb 承載量與天數,警政署入山 / c_id=326 德文村(屏東縣-三地門鄉),01 假日承載量holidaynum,NULL
"第12,49列",S2c Fixedclimb 承載量與天數,警政署入山 / c_id=326 德文村(屏東縣-三地門鄉),02 平日承載量generalnum,NULL
"第12,49列",S2c Fixedclimb 承載量與天數,警政署入山 / c_id=326 德文村(屏東縣-三地門鄉),03 天數下限sumdaymin,1
"第12,49列",S2c Fixedclimb 承載量與天數,警政署入山 / c_id=326 德文村(屏東縣-三地門鄉),04 天數上限sumdaymax,1
"第12,49列",S2c Fixedclimb 承載量與天數,警政署入山 / c_id=326 德文村(屏東縣-三地門鄉),05 是否抽籤IsDraw,0
"第12,49列",S2c Fixedclimb 承載量與天數,警政署入山 / c_id=326 德文村(屏東縣-三地門鄉),06 許可證可印天數printdays,NULL
"第12,49列",S2c Fixedclimb 承載量與天數,警政署入山 / c_id=326 德文村(屏東縣-三地門鄉),07 是否雪季路線issnow,0
"第12,49列",S2c Fixedclimb 承載量與天數,警政署入山 / c_id=326 德文村(屏東縣-三地門鄉),08 人數檢查teamscountchk,NULL
"第12,49列",S2c Fixedclimb 承載量與天數,警政署入山 / c_id=327 天鵝湖(屏東縣-三地門鄉),01 假日承載量holidaynum,NULL
"第12,49列",S2c Fixedclimb 承載量與天數,警政署入山 / c_id=327 天鵝湖(屏東縣-三地門鄉),02 平日承載量generalnum,NULL
"第12,49列",S2c Fixedclimb 承載量與天數,警政署入山 / c_id=327 天鵝湖(屏東縣-三地門鄉),03 天數下限sumdaymin,1
"第12,49列",S2c Fixedclimb 承載量與天數,警政署入山 / c_id=327 天鵝湖(屏東縣-三地門鄉),04 天數上限sumdaymax,1
"第12,49列",S2c Fixedclimb 承載量與天數,警政署入山 / c_id=327 天鵝湖(屏東縣-三地門鄉),05 是否抽籤IsDraw,0
"第12,49列",S2c Fixedclimb 承載量與天數,警政署入山 / c_id=327 天鵝湖(屏東縣-三地門鄉),06 許可證可印天數printdays,NULL
"第12,49列",S2c Fixedclimb 承載量與天數,警政署入山 / c_id=327 天鵝湖(屏東縣-三地門鄉),07 是否雪季路線issnow,0
"第12,49列",S2c Fixedclimb 承載量與天數,警政署入山 / c_id=327 天鵝湖(屏東縣-三地門鄉),08 人數檢查teamscountchk,NULL
"第12,49列",S2c Fixedclimb 承載量與天數,警政署入山 / c_id=328 情人湖(屏東縣-三地門鄉),01 假日承載量holidaynum,NULL
"第12,49列",S2c Fixedclimb 承載量與天數,警政署入山 / c_id=328 情人湖(屏東縣-三地門鄉),02 平日承載量generalnum,NULL
"第12,49列",S2c Fixedclimb 承載量與天數,警政署入山 / c_id=328 情人湖(屏東縣-三地門鄉),03 天數下限sumdaymin,1
"第12,49列",S2c Fixedclimb 承載量與天數,警政署入山 / c_id=328 情人湖(屏東縣-三地門鄉),04 天數上限sumdaymax,1
"第12,49列",S2c Fixedclimb 承載量與天數,警政署入山 / c_id=328 情人湖(屏東縣-三地門鄉),05 是否抽籤IsDraw,0
"第12,49列",S2c Fixedclimb 承載量與天數,警政署入山 / c_id=328 情人湖(屏東縣-三地門鄉),06 許可證可印天數printdays,NULL
"第12,49列",S2c Fixedclimb 承載量與天數,警政署入山 / c_id=328 情人湖(屏東縣-三地門鄉),07 是否雪季路線issnow,0
"第12,49列",S2c Fixedclimb 承載量與天數,警政署入山 / c_id=328 情人湖(屏東縣-三地門鄉),08 人數檢查teamscountchk,NULL
"第12,49列",S2c Fixedclimb 承載量與天數,警政署入山 / c_id=329 大社村(屏東縣-三地門鄉),01 假日承載量holidaynum,NULL
"第12,49列",S2c Fixedclimb 承載量與天數,警政署入山 / c_id=329 大社村(屏東縣-三地門鄉),02 平日承載量generalnum,NULL
"第12,49列",S2c Fixedclimb 承載量與天數,警政署入山 / c_id=329 大社村(屏東縣-三地門鄉),03 天數下限sumdaymin,1
"第12,49列",S2c Fixedclimb 承載量與天數,警政署入山 / c_id=329 大社村(屏東縣-三地門鄉),04 天數上限sumdaymax,1
"第12,49列",S2c Fixedclimb 承載量與天數,警政署入山 / c_id=329 大社村(屏東縣-三地門鄉),05 是否抽籤IsDraw,0
"第12,49列",S2c Fixedclimb 承載量與天數,警政署入山 / c_id=329 大社村(屏東縣-三地門鄉),06 許可證可印天數printdays,NULL
"第12,49列",S2c Fixedclimb 承載量與天數,警政署入山 / c_id=329 大社村(屏東縣-三地門鄉),07 是否雪季路線issnow,0
"第12,49列",S2c Fixedclimb 承載量與天數,警政署入山 / c_id=329 大社村(屏東縣-三地門鄉),08 人數檢查teamscountchk,NULL
"第12,49列",S2c Fixedclimb 承載量與天數,警政署入山 / c_id=330 沙溪林道(屏東縣-三地門鄉),01 假日承載量holidaynum,NULL
"第12,49列",S2c Fixedclimb 承載量與天數,警政署入山 / c_id=330 沙溪林道(屏東縣-三地門鄉),02 平日承載量generalnum,NULL
"第12,49列",S2c Fixedclimb 承載量與天數,警政署入山 / c_id=330 沙溪林道(屏東縣-三地門鄉),03 天數下限sumdaymin,1
"第12,49列",S2c Fixedclimb 承載量與天數,警政署入山 / c_id=330 沙溪林道(屏東縣-三地門鄉),04 天數上限sumdaymax,1
"第12,49列",S2c Fixedclimb 承載量與天數,警政署入山 / c_id=330 沙溪林道(屏東縣-三地門鄉),05 是否抽籤IsDraw,0
"第12,49列",S2c Fixedclimb 承載量與天數,警政署入山 / c_id=330 沙溪林道(屏東縣-三地門鄉),06 許可證可印天數printdays,NULL
"第12,49列",S2c Fixedclimb 承載量與天數,警政署入山 / c_id=330 沙溪林道(屏東縣-三地門鄉),07 是否雪季路線issnow,0
"第12,49列",S2c Fixedclimb 承載量與天數,警政署入山 / c_id=330 沙溪林道(屏東縣-三地門鄉),08 人數檢查teamscountchk,NULL
"第12,49列",S2c Fixedclimb 承載量與天數,警政署入山 / c_id=331 舊達來村(屏東縣-三地門鄉),01 假日承載量holidaynum,NULL
"第12,49列",S2c Fixedclimb 承載量與天數,警政署入山 / c_id=331 舊達來村(屏東縣-三地門鄉),02 平日承載量generalnum,NULL
"第12,49列",S2c Fixedclimb 承載量與天數,警政署入山 / c_id=331 舊達來村(屏東縣-三地門鄉),03 天數下限sumdaymin,1
"第12,49列",S2c Fixedclimb 承載量與天數,警政署入山 / c_id=331 舊達來村(屏東縣-三地門鄉),04 天數上限sumdaymax,1
"第12,49列",S2c Fixedclimb 承載量與天數,警政署入山 / c_id=331 舊達來村(屏東縣-三地門鄉),05 是否抽籤IsDraw,0
"第12,49列",S2c Fixedclimb 承載量與天數,警政署入山 / c_id=331 舊達來村(屏東縣-三地門鄉),06 許可證可印天數printdays,NULL
"第12,49列",S2c Fixedclimb 承載量與天數,警政署入山 / c_id=331 舊達來村(屏東縣-三地門鄉),07 是否雪季路線issnow,0
"第12,49列",S2c Fixedclimb 承載量與天數,警政署入山 / c_id=331 舊達來村(屏東縣-三地門鄉),08 人數檢查teamscountchk,NULL
"第12,49列",S2c Fixedclimb 承載量與天數,警政署入山 / c_id=332 三地門(屏東縣-三地門鄉),01 假日承載量holidaynum,NULL
"第12,49列",S2c Fixedclimb 承載量與天數,警政署入山 / c_id=332 三地門(屏東縣-三地門鄉),02 平日承載量generalnum,NULL
"第12,49列",S2c Fixedclimb 承載量與天數,警政署入山 / c_id=332 三地門(屏東縣-三地門鄉),03 天數下限sumdaymin,1
"第12,49列",S2c Fixedclimb 承載量與天數,警政署入山 / c_id=332 三地門(屏東縣-三地門鄉),04 天數上限sumdaymax,1
"第12,49列",S2c Fixedclimb 承載量與天數,警政署入山 / c_id=332 三地門(屏東縣-三地門鄉),05 是否抽籤IsDraw,0
"第12,49列",S2c Fixedclimb 承載量與天數,警政署入山 / c_id=332 三地門(屏東縣-三地門鄉),06 許可證可印天數printdays,NULL
"第12,49列",S2c Fixedclimb 承載量與天數,警政署入山 / c_id=332 三地門(屏東縣-三地門鄉),07 是否雪季路線issnow,0
"第12,49列",S2c Fixedclimb 承載量與天數,警政署入山 / c_id=332 三地門(屏東縣-三地門鄉),08 人數檢查teamscountchk,NULL
"第12,49列",S2c Fixedclimb 承載量與天數,警政署入山 / c_id=333 衣丁山(屏東縣-來義鄉),01 假日承載量holidaynum,NULL
"第12,49列",S2c Fixedclimb 承載量與天數,警政署入山 / c_id=333 衣丁山(屏東縣-來義鄉),02 平日承載量generalnum,NULL
"第12,49列",S2c Fixedclimb 承載量與天數,警政署入山 / c_id=333 衣丁山(屏東縣-來義鄉),03 天數下限sumdaymin,1
"第12,49列",S2c Fixedclimb 承載量與天數,警政署入山 / c_id=333 衣丁山(屏東縣-來義鄉),04 天數上限sumdaymax,1
"第12,49列",S2c Fixedclimb 承載量與天數,警政署入山 / c_id=333 衣丁山(屏東縣-來義鄉),05 是否抽籤IsDraw,0
"第12,49列",S2c Fixedclimb 承載量與天數,警政署入山 / c_id=333 衣丁山(屏東縣-來義鄉),06 許可證可印天數printdays,NULL
"第12,49列",S2c Fixedclimb 承載量與天數,警政署入山 / c_id=333 衣丁山(屏東縣-來義鄉),07 是否雪季路線issnow,0
"第12,49列",S2c Fixedclimb 承載量與天數,警政署入山 / c_id=333 衣丁山(屏東縣-來義鄉),08 人數檢查teamscountchk,NULL
"第12,49列",S2c Fixedclimb 承載量與天數,警政署入山 / c_id=334 南大武山(屏東縣-來義鄉),01 假日承載量holidaynum,NULL
"第12,49列",S2c Fixedclimb 承載量與天數,警政署入山 / c_id=334 南大武山(屏東縣-來義鄉),02 平日承載量generalnum,NULL
"第12,49列",S2c Fixedclimb 承載量與天數,警政署入山 / c_id=334 南大武山(屏東縣-來義鄉),03 天數下限sumdaymin,1
"第12,49列",S2c Fixedclimb 承載量與天數,警政署入山 / c_id=334 南大武山(屏東縣-來義鄉),04 天數上限sumdaymax,1
"第12,49列",S2c Fixedclimb 承載量與天數,警政署入山 / c_id=334 南大武山(屏東縣-來義鄉),05 是否抽籤IsDraw,0
"第12,49列",S2c Fixedclimb 承載量與天數,警政署入山 / c_id=334 南大武山(屏東縣-來義鄉),06 許可證可印天數printdays,NULL
"第12,49列",S2c Fixedclimb 承載量與天數,警政署入山 / c_id=334 南大武山(屏東縣-來義鄉),07 是否雪季路線issnow,0
"第12,49列",S2c Fixedclimb 承載量與天數,警政署入山 / c_id=334 南大武山(屏東縣-來義鄉),08 人數檢查teamscountchk,NULL
"第12,49列",S2c Fixedclimb 承載量與天數,警政署入山 / c_id=335 古樓社(屏東縣-來義鄉),01 假日承載量holidaynum,NULL
"第12,49列",S2c Fixedclimb 承載量與天數,警政署入山 / c_id=335 古樓社(屏東縣-來義鄉),02 平日承載量generalnum,NULL
"第12,49列",S2c Fixedclimb 承載量與天數,警政署入山 / c_id=335 古樓社(屏東縣-來義鄉),03 天數下限sumdaymin,1
"第12,49列",S2c Fixedclimb 承載量與天數,警政署入山 / c_id=335 古樓社(屏東縣-來義鄉),04 天數上限sumdaymax,1
"第12,49列",S2c Fixedclimb 承載量與天數,警政署入山 / c_id=335 古樓社(屏東縣-來義鄉),05 是否抽籤IsDraw,0
"第12,49列",S2c Fixedclimb 承載量與天數,警政署入山 / c_id=335 古樓社(屏東縣-來義鄉),06 許可證可印天數printdays,NULL
"第12,49列",S2c Fixedclimb 承載量與天數,警政署入山 / c_id=335 古樓社(屏東縣-來義鄉),07 是否雪季路線issnow,0
"第12,49列",S2c Fixedclimb 承載量與天數,警政署入山 / c_id=335 古樓社(屏東縣-來義鄉),08 人數檢查teamscountchk,NULL
"第12,49列",S2c Fixedclimb 承載量與天數,警政署入山 / c_id=336 來社山(屏東縣-來義鄉),01 假日承載量holidaynum,NULL
"第12,49列",S2c Fixedclimb 承載量與天數,警政署入山 / c_id=336 來社山(屏東縣-來義鄉),02 平日承載量generalnum,NULL
"第12,49列",S2c Fixedclimb 承載量與天數,警政署入山 / c_id=336 來社山(屏東縣-來義鄉),03 天數下限sumdaymin,1
"第12,49列",S2c Fixedclimb 承載量與天數,警政署入山 / c_id=336 來社山(屏東縣-來義鄉),04 天數上限sumdaymax,1
"第12,49列",S2c Fixedclimb 承載量與天數,警政署入山 / c_id=336 來社山(屏東縣-來義鄉),05 是否抽籤IsDraw,0
"第12,49列",S2c Fixedclimb 承載量與天數,警政署入山 / c_id=336 來社山(屏東縣-來義鄉),06 許可證可印天數printdays,NULL
"第12,49列",S2c Fixedclimb 承載量與天數,警政署入山 / c_id=336 來社山(屏東縣-來義鄉),07 是否雪季路線issnow,0
"第12,49列",S2c Fixedclimb 承載量與天數,警政署入山 / c_id=336 來社山(屏東縣-來義鄉),08 人數檢查teamscountchk,NULL
"第12,49列",S2c Fixedclimb 承載量與天數,警政署入山 / c_id=337 茶仁山(屏東縣-來義鄉),01 假日承載量holidaynum,NULL
"第12,49列",S2c Fixedclimb 承載量與天數,警政署入山 / c_id=337 茶仁山(屏東縣-來義鄉),02 平日承載量generalnum,NULL
"第12,49列",S2c Fixedclimb 承載量與天數,警政署入山 / c_id=337 茶仁山(屏東縣-來義鄉),03 天數下限sumdaymin,1
"第12,49列",S2c Fixedclimb 承載量與天數,警政署入山 / c_id=337 茶仁山(屏東縣-來義鄉),04 天數上限sumdaymax,1
"第12,49列",S2c Fixedclimb 承載量與天數,警政署入山 / c_id=337 茶仁山(屏東縣-來義鄉),05 是否抽籤IsDraw,0
"第12,49列",S2c Fixedclimb 承載量與天數,警政署入山 / c_id=337 茶仁山(屏東縣-來義鄉),06 許可證可印天數printdays,NULL
"第12,49列",S2c Fixedclimb 承載量與天數,警政署入山 / c_id=337 茶仁山(屏東縣-來義鄉),07 是否雪季路線issnow,0
"第12,49列",S2c Fixedclimb 承載量與天數,警政署入山 / c_id=337 茶仁山(屏東縣-來義鄉),08 人數檢查teamscountchk,NULL
"第12,49列",S2c Fixedclimb 承載量與天數,警政署入山 / c_id=338 久保山(屏東縣-來義鄉),01 假日承載量holidaynum,NULL
"第12,49列",S2c Fixedclimb 承載量與天數,警政署入山 / c_id=338 久保山(屏東縣-來義鄉),02 平日承載量generalnum,NULL
"第12,49列",S2c Fixedclimb 承載量與天數,警政署入山 / c_id=338 久保山(屏東縣-來義鄉),03 天數下限sumdaymin,1
"第12,49列",S2c Fixedclimb 承載量與天數,警政署入山 / c_id=338 久保山(屏東縣-來義鄉),04 天數上限sumdaymax,1
"第12,49列",S2c Fixedclimb 承載量與天數,警政署入山 / c_id=338 久保山(屏東縣-來義鄉),05 是否抽籤IsDraw,0
"第12,49列",S2c Fixedclimb 承載量與天數,警政署入山 / c_id=338 久保山(屏東縣-來義鄉),06 許可證可印天數printdays,NULL
"第12,49列",S2c Fixedclimb 承載量與天數,警政署入山 / c_id=338 久保山(屏東縣-來義鄉),07 是否雪季路線issnow,0
"第12,49列",S2c Fixedclimb 承載量與天數,警政署入山 / c_id=338 久保山(屏東縣-來義鄉),08 人數檢查teamscountchk,NULL
"第12,49列",S2c Fixedclimb 承載量與天數,警政署入山 / c_id=339 卡山(屏東縣-來義鄉),01 假日承載量holidaynum,NULL
"第12,49列",S2c Fixedclimb 承載量與天數,警政署入山 / c_id=339 卡山(屏東縣-來義鄉),02 平日承載量generalnum,NULL
"第12,49列",S2c Fixedclimb 承載量與天數,警政署入山 / c_id=339 卡山(屏東縣-來義鄉),03 天數下限sumdaymin,1
"第12,49列",S2c Fixedclimb 承載量與天數,警政署入山 / c_id=339 卡山(屏東縣-來義鄉),04 天數上限sumdaymax,1
"第12,49列",S2c Fixedclimb 承載量與天數,警政署入山 / c_id=339 卡山(屏東縣-來義鄉),05 是否抽籤IsDraw,0
"第12,49列",S2c Fixedclimb 承載量與天數,警政署入山 / c_id=339 卡山(屏東縣-來義鄉),06 許可證可印天數printdays,NULL
"第12,49列",S2c Fixedclimb 承載量與天數,警政署入山 / c_id=339 卡山(屏東縣-來義鄉),07 是否雪季路線issnow,0
"第12,49列",S2c Fixedclimb 承載量與天數,警政署入山 / c_id=339 卡山(屏東縣-來義鄉),08 人數檢查teamscountchk,NULL
"第12,49列",S2c Fixedclimb 承載量與天數,警政署入山 / c_id=340 九集山(屏東縣-來義鄉),01 假日承載量holidaynum,NULL
"第12,49列",S2c Fixedclimb 承載量與天數,警政署入山 / c_id=340 九集山(屏東縣-來義鄉),02 平日承載量generalnum,NULL
"第12,49列",S2c Fixedclimb 承載量與天數,警政署入山 / c_id=340 九集山(屏東縣-來義鄉),03 天數下限sumdaymin,1
"第12,49列",S2c Fixedclimb 承載量與天數,警政署入山 / c_id=340 九集山(屏東縣-來義鄉),04 天數上限sumdaymax,1
"第12,49列",S2c Fixedclimb 承載量與天數,警政署入山 / c_id=340 九集山(屏東縣-來義鄉),05 是否抽籤IsDraw,0
"第12,49列",S2c Fixedclimb 承載量與天數,警政署入山 / c_id=340 九集山(屏東縣-來義鄉),06 許可證可印天數printdays,NULL
"第12,49列",S2c Fixedclimb 承載量與天數,警政署入山 / c_id=340 九集山(屏東縣-來義鄉),07 是否雪季路線issnow,0
"第12,49列",S2c Fixedclimb 承載量與天數,警政署入山 / c_id=340 九集山(屏東縣-來義鄉),08 人數檢查teamscountchk,NULL
"第12,49列",S2c Fixedclimb 承載量與天數,警政署入山 / c_id=341 句奈山(屏東縣-來義鄉),01 假日承載量holidaynum,NULL
"第12,49列",S2c Fixedclimb 承載量與天數,警政署入山 / c_id=341 句奈山(屏東縣-來義鄉),02 平日承載量generalnum,NULL
"第12,49列",S2c Fixedclimb 承載量與天數,警政署入山 / c_id=341 句奈山(屏東縣-來義鄉),03 天數下限sumdaymin,1
"第12,49列",S2c Fixedclimb 承載量與天數,警政署入山 / c_id=341 句奈山(屏東縣-來義鄉),04 天數上限sumdaymax,1
"第12,49列",S2c Fixedclimb 承載量與天數,警政署入山 / c_id=341 句奈山(屏東縣-來義鄉),05 是否抽籤IsDraw,0
"第12,49列",S2c Fixedclimb 承載量與天數,警政署入山 / c_id=341 句奈山(屏東縣-來義鄉),06 許可證可印天數printdays,NULL
"第12,49列",S2c Fixedclimb 承載量與天數,警政署入山 / c_id=341 句奈山(屏東縣-來義鄉),07 是否雪季路線issnow,0
"第12,49列",S2c Fixedclimb 承載量與天數,警政署入山 / c_id=341 句奈山(屏東縣-來義鄉),08 人數檢查teamscountchk,NULL
"第12,49列",S2c Fixedclimb 承載量與天數,警政署入山 / c_id=342 棚集山(屏東縣-來義鄉),01 假日承載量holidaynum,NULL
"第12,49列",S2c Fixedclimb 承載量與天數,警政署入山 / c_id=342 棚集山(屏東縣-來義鄉),02 平日承載量generalnum,NULL
"第12,49列",S2c Fixedclimb 承載量與天數,警政署入山 / c_id=342 棚集山(屏東縣-來義鄉),03 天數下限sumdaymin,1
"第12,49列",S2c Fixedclimb 承載量與天數,警政署入山 / c_id=342 棚集山(屏東縣-來義鄉),04 天數上限sumdaymax,1
"第12,49列",S2c Fixedclimb 承載量與天數,警政署入山 / c_id=342 棚集山(屏東縣-來義鄉),05 是否抽籤IsDraw,0
"第12,49列",S2c Fixedclimb 承載量與天數,警政署入山 / c_id=342 棚集山(屏東縣-來義鄉),06 許可證可印天數printdays,NULL
"第12,49列",S2c Fixedclimb 承載量與天數,警政署入山 / c_id=342 棚集山(屏東縣-來義鄉),07 是否雪季路線issnow,0
"第12,49列",S2c Fixedclimb 承載量與天數,警政署入山 / c_id=342 棚集山(屏東縣-來義鄉),08 人數檢查teamscountchk,NULL
"第12,49列",S2c Fixedclimb 承載量與天數,警政署入山 / c_id=343 保和以山(屏東縣-來義鄉),01 假日承載量holidaynum,NULL
"第12,49列",S2c Fixedclimb 承載量與天數,警政署入山 / c_id=343 保和以山(屏東縣-來義鄉),02 平日承載量generalnum,NULL
"第12,49列",S2c Fixedclimb 承載量與天數,警政署入山 / c_id=343 保和以山(屏東縣-來義鄉),03 天數下限sumdaymin,1
"第12,49列",S2c Fixedclimb 承載量與天數,警政署入山 / c_id=343 保和以山(屏東縣-來義鄉),04 天數上限sumdaymax,1
"第12,49列",S2c Fixedclimb 承載量與天數,警政署入山 / c_id=343 保和以山(屏東縣-來義鄉),05 是否抽籤IsDraw,0
"第12,49列",S2c Fixedclimb 承載量與天數,警政署入山 / c_id=343 保和以山(屏東縣-來義鄉),06 許可證可印天數printdays,NULL
"第12,49列",S2c Fixedclimb 承載量與天數,警政署入山 / c_id=343 保和以山(屏東縣-來義鄉),07 是否雪季路線issnow,0
"第12,49列",S2c Fixedclimb 承載量與天數,警政署入山 / c_id=343 保和以山(屏東縣-來義鄉),08 人數檢查teamscountchk,NULL
"第12,49列",S2c Fixedclimb 承載量與天數,警政署入山 / c_id=344 新置山(屏東縣-來義鄉),01 假日承載量holidaynum,NULL
"第12,49列",S2c Fixedclimb 承載量與天數,警政署入山 / c_id=344 新置山(屏東縣-來義鄉),02 平日承載量generalnum,NULL
"第12,49列",S2c Fixedclimb 承載量與天數,警政署入山 / c_id=344 新置山(屏東縣-來義鄉),03 天數下限sumdaymin,1
"第12,49列",S2c Fixedclimb 承載量與天數,警政署入山 / c_id=344 新置山(屏東縣-來義鄉),04 天數上限sumdaymax,1
"第12,49列",S2c Fixedclimb 承載量與天數,警政署入山 / c_id=344 新置山(屏東縣-來義鄉),05 是否抽籤IsDraw,0
"第12,49列",S2c Fixedclimb 承載量與天數,警政署入山 / c_id=344 新置山(屏東縣-來義鄉),06 許可證可印天數printdays,NULL
"第12,49列",S2c Fixedclimb 承載量與天數,警政署入山 / c_id=344 新置山(屏東縣-來義鄉),07 是否雪季路線issnow,0
"第12,49列",S2c Fixedclimb 承載量與天數,警政署入山 / c_id=344 新置山(屏東縣-來義鄉),08 人數檢查teamscountchk,NULL
"第12,49列",S2c Fixedclimb 承載量與天數,警政署入山 / c_id=345 挖寶山(屏東縣-來義鄉),01 假日承載量holidaynum,NULL
"第12,49列",S2c Fixedclimb 承載量與天數,警政署入山 / c_id=345 挖寶山(屏東縣-來義鄉),02 平日承載量generalnum,NULL
"第12,49列",S2c Fixedclimb 承載量與天數,警政署入山 / c_id=345 挖寶山(屏東縣-來義鄉),03 天數下限sumdaymin,1
"第12,49列",S2c Fixedclimb 承載量與天數,警政署入山 / c_id=345 挖寶山(屏東縣-來義鄉),04 天數上限sumdaymax,1
"第12,49列",S2c Fixedclimb 承載量與天數,警政署入山 / c_id=345 挖寶山(屏東縣-來義鄉),05 是否抽籤IsDraw,0
"第12,49列",S2c Fixedclimb 承載量與天數,警政署入山 / c_id=345 挖寶山(屏東縣-來義鄉),06 許可證可印天數printdays,NULL
"第12,49列",S2c Fixedclimb 承載量與天數,警政署入山 / c_id=345 挖寶山(屏東縣-來義鄉),07 是否雪季路線issnow,0
"第12,49列",S2c Fixedclimb 承載量與天數,警政署入山 / c_id=345 挖寶山(屏東縣-來義鄉),08 人數檢查teamscountchk,NULL
"第12,49列",S2c Fixedclimb 承載量與天數,警政署入山 / c_id=346 南和社區(屏東縣-來義鄉),01 假日承載量holidaynum,NULL
"第12,49列",S2c Fixedclimb 承載量與天數,警政署入山 / c_id=346 南和社區(屏東縣-來義鄉),02 平日承載量generalnum,NULL
"第12,49列",S2c Fixedclimb 承載量與天數,警政署入山 / c_id=346 南和社區(屏東縣-來義鄉),03 天數下限sumdaymin,1
"第12,49列",S2c Fixedclimb 承載量與天數,警政署入山 / c_id=346 南和社區(屏東縣-來義鄉),04 天數上限sumdaymax,1
"第12,49列",S2c Fixedclimb 承載量與天數,警政署入山 / c_id=346 南和社區(屏東縣-來義鄉),05 是否抽籤IsDraw,0
"第12,49列",S2c Fixedclimb 承載量與天數,警政署入山 / c_id=346 南和社區(屏東縣-來義鄉),06 許可證可印天數printdays,NULL
"第12,49列",S2c Fixedclimb 承載量與天數,警政署入山 / c_id=346 南和社區(屏東縣-來義鄉),07 是否雪季路線issnow,0
"第12,49列",S2c Fixedclimb 承載量與天數,警政署入山 / c_id=346 南和社區(屏東縣-來義鄉),08 人數檢查teamscountchk,NULL
"第12,49列",S2c Fixedclimb 承載量與天數,警政署入山 / c_id=347 鴛鴦瀑布(屏東縣-來義鄉),01 假日承載量holidaynum,NULL
"第12,49列",S2c Fixedclimb 承載量與天數,警政署入山 / c_id=347 鴛鴦瀑布(屏東縣-來義鄉),02 平日承載量generalnum,NULL
"第12,49列",S2c Fixedclimb 承載量與天數,警政署入山 / c_id=347 鴛鴦瀑布(屏東縣-來義鄉),03 天數下限sumdaymin,1
"第12,49列",S2c Fixedclimb 承載量與天數,警政署入山 / c_id=347 鴛鴦瀑布(屏東縣-來義鄉),04 天數上限sumdaymax,1
"第12,49列",S2c Fixedclimb 承載量與天數,警政署入山 / c_id=347 鴛鴦瀑布(屏東縣-來義鄉),05 是否抽籤IsDraw,0
"第12,49列",S2c Fixedclimb 承載量與天數,警政署入山 / c_id=347 鴛鴦瀑布(屏東縣-來義鄉),06 許可證可印天數printdays,NULL
"第12,49列",S2c Fixedclimb 承載量與天數,警政署入山 / c_id=347 鴛鴦瀑布(屏東縣-來義鄉),07 是否雪季路線issnow,0
"第12,49列",S2c Fixedclimb 承載量與天數,警政署入山 / c_id=347 鴛鴦瀑布(屏東縣-來義鄉),08 人數檢查teamscountchk,NULL
"第12,49列",S2c Fixedclimb 承載量與天數,警政署入山 / c_id=348 大後社區(屏東縣-來義鄉),01 假日承載量holidaynum,NULL
"第12,49列",S2c Fixedclimb 承載量與天數,警政署入山 / c_id=348 大後社區(屏東縣-來義鄉),02 平日承載量generalnum,NULL
"第12,49列",S2c Fixedclimb 承載量與天數,警政署入山 / c_id=348 大後社區(屏東縣-來義鄉),03 天數下限sumdaymin,1
"第12,49列",S2c Fixedclimb 承載量與天數,警政署入山 / c_id=348 大後社區(屏東縣-來義鄉),04 天數上限sumdaymax,1
"第12,49列",S2c Fixedclimb 承載量與天數,警政署入山 / c_id=348 大後社區(屏東縣-來義鄉),05 是否抽籤IsDraw,0
"第12,49列",S2c Fixedclimb 承載量與天數,警政署入山 / c_id=348 大後社區(屏東縣-來義鄉),06 許可證可印天數printdays,NULL
"第12,49列",S2c Fixedclimb 承載量與天數,警政署入山 / c_id=348 大後社區(屏東縣-來義鄉),07 是否雪季路線issnow,0
"第12,49列",S2c Fixedclimb 承載量與天數,警政署入山 / c_id=348 大後社區(屏東縣-來義鄉),08 人數檢查teamscountchk,NULL
"第12,49列",S2c Fixedclimb 承載量與天數,警政署入山 / c_id=349 大峽谷(屏東縣-來義鄉),01 假日承載量holidaynum,NULL
"第12,49列",S2c Fixedclimb 承載量與天數,警政署入山 / c_id=349 大峽谷(屏東縣-來義鄉),02 平日承載量generalnum,NULL
"第12,49列",S2c Fixedclimb 承載量與天數,警政署入山 / c_id=349 大峽谷(屏東縣-來義鄉),03 天數下限sumdaymin,1
"第12,49列",S2c Fixedclimb 承載量與天數,警政署入山 / c_id=349 大峽谷(屏東縣-來義鄉),04 天數上限sumdaymax,1
"第12,49列",S2c Fixedclimb 承載量與天數,警政署入山 / c_id=349 大峽谷(屏東縣-來義鄉),05 是否抽籤IsDraw,0
"第12,49列",S2c Fixedclimb 承載量與天數,警政署入山 / c_id=349 大峽谷(屏東縣-來義鄉),06 許可證可印天數printdays,NULL
"第12,49列",S2c Fixedclimb 承載量與天數,警政署入山 / c_id=349 大峽谷(屏東縣-來義鄉),07 是否雪季路線issnow,0
"第12,49列",S2c Fixedclimb 承載量與天數,警政署入山 / c_id=349 大峽谷(屏東縣-來義鄉),08 人數檢查teamscountchk,NULL
"第12,49列",S2c Fixedclimb 承載量與天數,警政署入山 / c_id=350 盆貿里山(屏東縣-來義鄉),01 假日承載量holidaynum,NULL
"第12,49列",S2c Fixedclimb 承載量與天數,警政署入山 / c_id=350 盆貿里山(屏東縣-來義鄉),02 平日承載量generalnum,NULL
"第12,49列",S2c Fixedclimb 承載量與天數,警政署入山 / c_id=350 盆貿里山(屏東縣-來義鄉),03 天數下限sumdaymin,1
"第12,49列",S2c Fixedclimb 承載量與天數,警政署入山 / c_id=350 盆貿里山(屏東縣-來義鄉),04 天數上限sumdaymax,1
"第12,49列",S2c Fixedclimb 承載量與天數,警政署入山 / c_id=350 盆貿里山(屏東縣-來義鄉),05 是否抽籤IsDraw,0
"第12,49列",S2c Fixedclimb 承載量與天數,警政署入山 / c_id=350 盆貿里山(屏東縣-來義鄉),06 許可證可印天數printdays,NULL
"第12,49列",S2c Fixedclimb 承載量與天數,警政署入山 / c_id=350 盆貿里山(屏東縣-來義鄉),07 是否雪季路線issnow,0
"第12,49列",S2c Fixedclimb 承載量與天數,警政署入山 / c_id=350 盆貿里山(屏東縣-來義鄉),08 人數檢查teamscountchk,NULL
"第12,49列",S2c Fixedclimb 承載量與天數,警政署入山 / c_id=351 義林社區(屏東縣-來義鄉),01 假日承載量holidaynum,NULL
"第12,49列",S2c Fixedclimb 承載量與天數,警政署入山 / c_id=351 義林社區(屏東縣-來義鄉),02 平日承載量generalnum,NULL
"第12,49列",S2c Fixedclimb 承載量與天數,警政署入山 / c_id=351 義林社區(屏東縣-來義鄉),03 天數下限sumdaymin,1
"第12,49列",S2c Fixedclimb 承載量與天數,警政署入山 / c_id=351 義林社區(屏東縣-來義鄉),04 天數上限sumdaymax,1
"第12,49列",S2c Fixedclimb 承載量與天數,警政署入山 / c_id=351 義林社區(屏東縣-來義鄉),05 是否抽籤IsDraw,0
"第12,49列",S2c Fixedclimb 承載量與天數,警政署入山 / c_id=351 義林社區(屏東縣-來義鄉),06 許可證可印天數printdays,NULL
"第12,49列",S2c Fixedclimb 承載量與天數,警政署入山 / c_id=351 義林社區(屏東縣-來義鄉),07 是否雪季路線issnow,0
"第12,49列",S2c Fixedclimb 承載量與天數,警政署入山 / c_id=351 義林社區(屏東縣-來義鄉),08 人數檢查teamscountchk,NULL
"第12,49列",S2c Fixedclimb 承載量與天數,警政署入山 / c_id=352 大漢林道(屏東縣-春日鄉),01 假日承載量holidaynum,NULL
"第12,49列",S2c Fixedclimb 承載量與天數,警政署入山 / c_id=352 大漢林道(屏東縣-春日鄉),02 平日承載量generalnum,NULL
"第12,49列",S2c Fixedclimb 承載量與天數,警政署入山 / c_id=352 大漢林道(屏東縣-春日鄉),03 天數下限sumdaymin,1
"第12,49列",S2c Fixedclimb 承載量與天數,警政署入山 / c_id=352 大漢林道(屏東縣-春日鄉),04 天數上限sumdaymax,1
"第12,49列",S2c Fixedclimb 承載量與天數,警政署入山 / c_id=352 大漢林道(屏東縣-春日鄉),05 是否抽籤IsDraw,0
"第12,49列",S2c Fixedclimb 承載量與天數,警政署入山 / c_id=352 大漢林道(屏東縣-春日鄉),06 許可證可印天數printdays,NULL
"第12,49列",S2c Fixedclimb 承載量與天數,警政署入山 / c_id=352 大漢林道(屏東縣-春日鄉),07 是否雪季路線issnow,0
"第12,49列",S2c Fixedclimb 承載量與天數,警政署入山 / c_id=352 大漢林道(屏東縣-春日鄉),08 人數檢查teamscountchk,NULL
"第12,49列",S2c Fixedclimb 承載量與天數,警政署入山 / c_id=353 士文村(屏東縣-春日鄉),01 假日承載量holidaynum,NULL
"第12,49列",S2c Fixedclimb 承載量與天數,警政署入山 / c_id=353 士文村(屏東縣-春日鄉),02 平日承載量generalnum,NULL
"第12,49列",S2c Fixedclimb 承載量與天數,警政署入山 / c_id=353 士文村(屏東縣-春日鄉),03 天數下限sumdaymin,1
"第12,49列",S2c Fixedclimb 承載量與天數,警政署入山 / c_id=353 士文村(屏東縣-春日鄉),04 天數上限sumdaymax,1
"第12,49列",S2c Fixedclimb 承載量與天數,警政署入山 / c_id=353 士文村(屏東縣-春日鄉),05 是否抽籤IsDraw,0
"第12,49列",S2c Fixedclimb 承載量與天數,警政署入山 / c_id=353 士文村(屏東縣-春日鄉),06 許可證可印天數printdays,NULL
"第12,49列",S2c Fixedclimb 承載量與天數,警政署入山 / c_id=353 士文村(屏東縣-春日鄉),07 是否雪季路線issnow,0
"第12,49列",S2c Fixedclimb 承載量與天數,警政署入山 / c_id=353 士文村(屏東縣-春日鄉),08 人數檢查teamscountchk,NULL
"第12,49列",S2c Fixedclimb 承載量與天數,警政署入山 / c_id=354 舊七佳(屏東縣-春日鄉),01 假日承載量holidaynum,NULL
"第12,49列",S2c Fixedclimb 承載量與天數,警政署入山 / c_id=354 舊七佳(屏東縣-春日鄉),02 平日承載量generalnum,NULL
"第12,49列",S2c Fixedclimb 承載量與天數,警政署入山 / c_id=354 舊七佳(屏東縣-春日鄉),03 天數下限sumdaymin,1
"第12,49列",S2c Fixedclimb 承載量與天數,警政署入山 / c_id=354 舊七佳(屏東縣-春日鄉),04 天數上限sumdaymax,1
"第12,49列",S2c Fixedclimb 承載量與天數,警政署入山 / c_id=354 舊七佳(屏東縣-春日鄉),05 是否抽籤IsDraw,0
"第12,49列",S2c Fixedclimb 承載量與天數,警政署入山 / c_id=354 舊七佳(屏東縣-春日鄉),06 許可證可印天數printdays,NULL
"第12,49列",S2c Fixedclimb 承載量與天數,警政署入山 / c_id=354 舊七佳(屏東縣-春日鄉),07 是否雪季路線issnow,0
"第12,49列",S2c Fixedclimb 承載量與天數,警政署入山 / c_id=354 舊七佳(屏東縣-春日鄉),08 人數檢查teamscountchk,NULL
"第12,49列",S2c Fixedclimb 承載量與天數,警政署入山 / c_id=355 大漢山(屏東縣-春日鄉),01 假日承載量holidaynum,NULL
"第12,49列",S2c Fixedclimb 承載量與天數,警政署入山 / c_id=355 大漢山(屏東縣-春日鄉),02 平日承載量generalnum,NULL
"第12,49列",S2c Fixedclimb 承載量與天數,警政署入山 / c_id=355 大漢山(屏東縣-春日鄉),03 天數下限sumdaymin,1
"第12,49列",S2c Fixedclimb 承載量與天數,警政署入山 / c_id=355 大漢山(屏東縣-春日鄉),04 天數上限sumdaymax,1
"第12,49列",S2c Fixedclimb 承載量與天數,警政署入山 / c_id=355 大漢山(屏東縣-春日鄉),05 是否抽籤IsDraw,0
"第12,49列",S2c Fixedclimb 承載量與天數,警政署入山 / c_id=355 大漢山(屏東縣-春日鄉),06 許可證可印天數printdays,NULL
"第12,49列",S2c Fixedclimb 承載量與天數,警政署入山 / c_id=355 大漢山(屏東縣-春日鄉),07 是否雪季路線issnow,0
"第12,49列",S2c Fixedclimb 承載量與天數,警政署入山 / c_id=355 大漢山(屏東縣-春日鄉),08 人數檢查teamscountchk,NULL
"第12,49列",S2c Fixedclimb 承載量與天數,警政署入山 / c_id=356 舊茷灣(屏東縣-瑪家鄉):禁止入山,01 假日承載量holidaynum,NULL
"第12,49列",S2c Fixedclimb 承載量與天數,警政署入山 / c_id=356 舊茷灣(屏東縣-瑪家鄉):禁止入山,02 平日承載量generalnum,NULL
"第12,49列",S2c Fixedclimb 承載量與天數,警政署入山 / c_id=356 舊茷灣(屏東縣-瑪家鄉):禁止入山,03 天數下限sumdaymin,1
"第12,49列",S2c Fixedclimb 承載量與天數,警政署入山 / c_id=356 舊茷灣(屏東縣-瑪家鄉):禁止入山,04 天數上限sumdaymax,1
"第12,49列",S2c Fixedclimb 承載量與天數,警政署入山 / c_id=356 舊茷灣(屏東縣-瑪家鄉):禁止入山,05 是否抽籤IsDraw,0
"第12,49列",S2c Fixedclimb 承載量與天數,警政署入山 / c_id=356 舊茷灣(屏東縣-瑪家鄉):禁止入山,06 許可證可印天數printdays,NULL
"第12,49列",S2c Fixedclimb 承載量與天數,警政署入山 / c_id=356 舊茷灣(屏東縣-瑪家鄉):禁止入山,07 是否雪季路線issnow,0
"第12,49列",S2c Fixedclimb 承載量與天數,警政署入山 / c_id=356 舊茷灣(屏東縣-瑪家鄉):禁止入山,08 人數檢查teamscountchk,NULL
"第12,49列",S2c Fixedclimb 承載量與天數,警政署入山 / c_id=357 社鹿村(屏東縣-瑪家鄉),01 假日承載量holidaynum,NULL
"第12,49列",S2c Fixedclimb 承載量與天數,警政署入山 / c_id=357 社鹿村(屏東縣-瑪家鄉),02 平日承載量generalnum,NULL
"第12,49列",S2c Fixedclimb 承載量與天數,警政署入山 / c_id=357 社鹿村(屏東縣-瑪家鄉),03 天數下限sumdaymin,1
"第12,49列",S2c Fixedclimb 承載量與天數,警政署入山 / c_id=357 社鹿村(屏東縣-瑪家鄉),04 天數上限sumdaymax,1
"第12,49列",S2c Fixedclimb 承載量與天數,警政署入山 / c_id=357 社鹿村(屏東縣-瑪家鄉),05 是否抽籤IsDraw,0
"第12,49列",S2c Fixedclimb 承載量與天數,警政署入山 / c_id=357 社鹿村(屏東縣-瑪家鄉),06 許可證可印天數printdays,NULL
"第12,49列",S2c Fixedclimb 承載量與天數,警政署入山 / c_id=357 社鹿村(屏東縣-瑪家鄉),07 是否雪季路線issnow,0
"第12,49列",S2c Fixedclimb 承載量與天數,警政署入山 / c_id=357 社鹿村(屏東縣-瑪家鄉),08 人數檢查teamscountchk,NULL
"第12,49列",S2c Fixedclimb 承載量與天數,警政署入山 / c_id=358 排灣村(屏東縣-瑪家鄉),01 假日承載量holidaynum,NULL
"第12,49列",S2c Fixedclimb 承載量與天數,警政署入山 / c_id=358 排灣村(屏東縣-瑪家鄉),02 平日承載量generalnum,NULL
"第12,49列",S2c Fixedclimb 承載量與天數,警政署入山 / c_id=358 排灣村(屏東縣-瑪家鄉),03 天數下限sumdaymin,1
"第12,49列",S2c Fixedclimb 承載量與天數,警政署入山 / c_id=358 排灣村(屏東縣-瑪家鄉),04 天數上限sumdaymax,1
"第12,49列",S2c Fixedclimb 承載量與天數,警政署入山 / c_id=358 排灣村(屏東縣-瑪家鄉),05 是否抽籤IsDraw,0
"第12,49列",S2c Fixedclimb 承載量與天數,警政署入山 / c_id=358 排灣村(屏東縣-瑪家鄉),06 許可證可印天數printdays,NULL
"第12,49列",S2c Fixedclimb 承載量與天數,警政署入山 / c_id=358 排灣村(屏東縣-瑪家鄉),07 是否雪季路線issnow,0
"第12,49列",S2c Fixedclimb 承載量與天數,警政署入山 / c_id=358 排灣村(屏東縣-瑪家鄉),08 人數檢查teamscountchk,NULL
"第12,49列",S2c Fixedclimb 承載量與天數,警政署入山 / c_id=359 瑪家村(屏東縣-瑪家鄉),01 假日承載量holidaynum,NULL
"第12,49列",S2c Fixedclimb 承載量與天數,警政署入山 / c_id=359 瑪家村(屏東縣-瑪家鄉),02 平日承載量generalnum,NULL
"第12,49列",S2c Fixedclimb 承載量與天數,警政署入山 / c_id=359 瑪家村(屏東縣-瑪家鄉),03 天數下限sumdaymin,1
"第12,49列",S2c Fixedclimb 承載量與天數,警政署入山 / c_id=359 瑪家村(屏東縣-瑪家鄉),04 天數上限sumdaymax,1
"第12,49列",S2c Fixedclimb 承載量與天數,警政署入山 / c_id=359 瑪家村(屏東縣-瑪家鄉),05 是否抽籤IsDraw,0
"第12,49列",S2c Fixedclimb 承載量與天數,警政署入山 / c_id=359 瑪家村(屏東縣-瑪家鄉),06 許可證可印天數printdays,NULL
"第12,49列",S2c Fixedclimb 承載量與天數,警政署入山 / c_id=359 瑪家村(屏東縣-瑪家鄉),07 是否雪季路線issnow,0
"第12,49列",S2c Fixedclimb 承載量與天數,警政署入山 / c_id=359 瑪家村(屏東縣-瑪家鄉),08 人數檢查teamscountchk,NULL
"第12,49列",S2c Fixedclimb 承載量與天數,警政署入山 / c_id=360 鱈葉根山(屏東縣-瑪家鄉),01 假日承載量holidaynum,NULL
"第12,49列",S2c Fixedclimb 承載量與天數,警政署入山 / c_id=360 鱈葉根山(屏東縣-瑪家鄉),02 平日承載量generalnum,NULL
"第12,49列",S2c Fixedclimb 承載量與天數,警政署入山 / c_id=360 鱈葉根山(屏東縣-瑪家鄉),03 天數下限sumdaymin,1
"第12,49列",S2c Fixedclimb 承載量與天數,警政署入山 / c_id=360 鱈葉根山(屏東縣-瑪家鄉),04 天數上限sumdaymax,1
"第12,49列",S2c Fixedclimb 承載量與天數,警政署入山 / c_id=360 鱈葉根山(屏東縣-瑪家鄉),05 是否抽籤IsDraw,0
"第12,49列",S2c Fixedclimb 承載量與天數,警政署入山 / c_id=360 鱈葉根山(屏東縣-瑪家鄉),06 許可證可印天數printdays,NULL
"第12,49列",S2c Fixedclimb 承載量與天數,警政署入山 / c_id=360 鱈葉根山(屏東縣-瑪家鄉),07 是否雪季路線issnow,0
"第12,49列",S2c Fixedclimb 承載量與天數,警政署入山 / c_id=360 鱈葉根山(屏東縣-瑪家鄉),08 人數檢查teamscountchk,NULL
"第12,49列",S2c Fixedclimb 承載量與天數,警政署入山 / c_id=361 撒拉灣瀑布(屏東縣-瑪家鄉):禁止入山,01 假日承載量holidaynum,NULL
"第12,49列",S2c Fixedclimb 承載量與天數,警政署入山 / c_id=361 撒拉灣瀑布(屏東縣-瑪家鄉):禁止入山,02 平日承載量generalnum,NULL
"第12,49列",S2c Fixedclimb 承載量與天數,警政署入山 / c_id=361 撒拉灣瀑布(屏東縣-瑪家鄉):禁止入山,03 天數下限sumdaymin,1
"第12,49列",S2c Fixedclimb 承載量與天數,警政署入山 / c_id=361 撒拉灣瀑布(屏東縣-瑪家鄉):禁止入山,04 天數上限sumdaymax,1
"第12,49列",S2c Fixedclimb 承載量與天數,警政署入山 / c_id=361 撒拉灣瀑布(屏東縣-瑪家鄉):禁止入山,05 是否抽籤IsDraw,0
"第12,49列",S2c Fixedclimb 承載量與天數,警政署入山 / c_id=361 撒拉灣瀑布(屏東縣-瑪家鄉):禁止入山,06 許可證可印天數printdays,NULL
"第12,49列",S2c Fixedclimb 承載量與天數,警政署入山 / c_id=361 撒拉灣瀑布(屏東縣-瑪家鄉):禁止入山,07 是否雪季路線issnow,0
"第12,49列",S2c Fixedclimb 承載量與天數,警政署入山 / c_id=361 撒拉灣瀑布(屏東縣-瑪家鄉):禁止入山,08 人數檢查teamscountchk,NULL
"第12,49列",S2c Fixedclimb 承載量與天數,警政署入山 / c_id=362 真笠山(屏東縣-瑪家鄉),01 假日承載量holidaynum,NULL
"第12,49列",S2c Fixedclimb 承載量與天數,警政署入山 / c_id=362 真笠山(屏東縣-瑪家鄉),02 平日承載量generalnum,NULL
"第12,49列",S2c Fixedclimb 承載量與天數,警政署入山 / c_id=362 真笠山(屏東縣-瑪家鄉),03 天數下限sumdaymin,1
"第12,49列",S2c Fixedclimb 承載量與天數,警政署入山 / c_id=362 真笠山(屏東縣-瑪家鄉),04 天數上限sumdaymax,1
"第12,49列",S2c Fixedclimb 承載量與天數,警政署入山 / c_id=362 真笠山(屏東縣-瑪家鄉),05 是否抽籤IsDraw,0
"第12,49列",S2c Fixedclimb 承載量與天數,警政署入山 / c_id=362 真笠山(屏東縣-瑪家鄉),06 許可證可印天數printdays,NULL
"第12,49列",S2c Fixedclimb 承載量與天數,警政署入山 / c_id=362 真笠山(屏東縣-瑪家鄉),07 是否雪季路線issnow,0
"第12,49列",S2c Fixedclimb 承載量與天數,警政署入山 / c_id=362 真笠山(屏東縣-瑪家鄉),08 人數檢查teamscountchk,NULL
"第12,49列",S2c Fixedclimb 承載量與天數,警政署入山 / c_id=363 白賓山(屏東縣-瑪家鄉),01 假日承載量holidaynum,NULL
"第12,49列",S2c Fixedclimb 承載量與天數,警政署入山 / c_id=363 白賓山(屏東縣-瑪家鄉),02 平日承載量generalnum,NULL
"第12,49列",S2c Fixedclimb 承載量與天數,警政署入山 / c_id=363 白賓山(屏東縣-瑪家鄉),03 天數下限sumdaymin,1
"第12,49列",S2c Fixedclimb 承載量與天數,警政署入山 / c_id=363 白賓山(屏東縣-瑪家鄉),04 天數上限sumdaymax,1
"第12,49列",S2c Fixedclimb 承載量與天數,警政署入山 / c_id=363 白賓山(屏東縣-瑪家鄉),05 是否抽籤IsDraw,0
"第12,49列",S2c Fixedclimb 承載量與天數,警政署入山 / c_id=363 白賓山(屏東縣-瑪家鄉),06 許可證可印天數printdays,NULL
"第12,49列",S2c Fixedclimb 承載量與天數,警政署入山 / c_id=363 白賓山(屏東縣-瑪家鄉),07 是否雪季路線issnow,0
"第12,49列",S2c Fixedclimb 承載量與天數,警政署入山 / c_id=363 白賓山(屏東縣-瑪家鄉),08 人數檢查teamscountchk,NULL
"第12,49列",S2c Fixedclimb 承載量與天數,警政署入山 / c_id=364 舊筏灣村石板屋(屏東縣-瑪家鄉):禁止入山,01 假日承載量holidaynum,NULL
"第12,49列",S2c Fixedclimb 承載量與天數,警政署入山 / c_id=364 舊筏灣村石板屋(屏東縣-瑪家鄉):禁止入山,02 平日承載量generalnum,NULL
"第12,49列",S2c Fixedclimb 承載量與天數,警政署入山 / c_id=364 舊筏灣村石板屋(屏東縣-瑪家鄉):禁止入山,03 天數下限sumdaymin,1
"第12,49列",S2c Fixedclimb 承載量與天數,警政署入山 / c_id=364 舊筏灣村石板屋(屏東縣-瑪家鄉):禁止入山,04 天數上限sumdaymax,1
"第12,49列",S2c Fixedclimb 承載量與天數,警政署入山 / c_id=364 舊筏灣村石板屋(屏東縣-瑪家鄉):禁止入山,05 是否抽籤IsDraw,0
"第12,49列",S2c Fixedclimb 承載量與天數,警政署入山 / c_id=364 舊筏灣村石板屋(屏東縣-瑪家鄉):禁止入山,06 許可證可印天數printdays,NULL
"第12,49列",S2c Fixedclimb 承載量與天數,警政署入山 / c_id=364 舊筏灣村石板屋(屏東縣-瑪家鄉):禁止入山,07 是否雪季路線issnow,0
"第12,49列",S2c Fixedclimb 承載量與天數,警政署入山 / c_id=364 舊筏灣村石板屋(屏東縣-瑪家鄉):禁止入山,08 人數檢查teamscountchk,NULL
"第12,49列",S2c Fixedclimb 承載量與天數,警政署入山 / c_id=365 茄芝萊山(屏東縣-牡丹鄉),01 假日承載量holidaynum,NULL
"第12,49列",S2c Fixedclimb 承載量與天數,警政署入山 / c_id=365 茄芝萊山(屏東縣-牡丹鄉),02 平日承載量generalnum,NULL
"第12,49列",S2c Fixedclimb 承載量與天數,警政署入山 / c_id=365 茄芝萊山(屏東縣-牡丹鄉),03 天數下限sumdaymin,1
"第12,49列",S2c Fixedclimb 承載量與天數,警政署入山 / c_id=365 茄芝萊山(屏東縣-牡丹鄉),04 天數上限sumdaymax,1
"第12,49列",S2c Fixedclimb 承載量與天數,警政署入山 / c_id=365 茄芝萊山(屏東縣-牡丹鄉),05 是否抽籤IsDraw,0
"第12,49列",S2c Fixedclimb 承載量與天數,警政署入山 / c_id=365 茄芝萊山(屏東縣-牡丹鄉),06 許可證可印天數printdays,NULL
"第12,49列",S2c Fixedclimb 承載量與天數,警政署入山 / c_id=365 茄芝萊山(屏東縣-牡丹鄉),07 是否雪季路線issnow,0
"第12,49列",S2c Fixedclimb 承載量與天數,警政署入山 / c_id=365 茄芝萊山(屏東縣-牡丹鄉),08 人數檢查teamscountchk,NULL
"第12,49列",S2c Fixedclimb 承載量與天數,警政署入山 / c_id=366 帽子山(屏東縣-牡丹鄉),01 假日承載量holidaynum,NULL
"第12,49列",S2c Fixedclimb 承載量與天數,警政署入山 / c_id=366 帽子山(屏東縣-牡丹鄉),02 平日承載量generalnum,NULL
"第12,49列",S2c Fixedclimb 承載量與天數,警政署入山 / c_id=366 帽子山(屏東縣-牡丹鄉),03 天數下限sumdaymin,1
"第12,49列",S2c Fixedclimb 承載量與天數,警政署入山 / c_id=366 帽子山(屏東縣-牡丹鄉),04 天數上限sumdaymax,1
"第12,49列",S2c Fixedclimb 承載量與天數,警政署入山 / c_id=366 帽子山(屏東縣-牡丹鄉),05 是否抽籤IsDraw,0
"第12,49列",S2c Fixedclimb 承載量與天數,警政署入山 / c_id=366 帽子山(屏東縣-牡丹鄉),06 許可證可印天數printdays,NULL
"第12,49列",S2c Fixedclimb 承載量與天數,警政署入山 / c_id=366 帽子山(屏東縣-牡丹鄉),07 是否雪季路線issnow,0
"第12,49列",S2c Fixedclimb 承載量與天數,警政署入山 / c_id=366 帽子山(屏東縣-牡丹鄉),08 人數檢查teamscountchk,NULL
"第12,49列",S2c Fixedclimb 承載量與天數,警政署入山 / c_id=367 汝乃溪(屏東縣-牡丹鄉),01 假日承載量holidaynum,NULL
"第12,49列",S2c Fixedclimb 承載量與天數,警政署入山 / c_id=367 汝乃溪(屏東縣-牡丹鄉),02 平日承載量generalnum,NULL
"第12,49列",S2c Fixedclimb 承載量與天數,警政署入山 / c_id=367 汝乃溪(屏東縣-牡丹鄉),03 天數下限sumdaymin,1
"第12,49列",S2c Fixedclimb 承載量與天數,警政署入山 / c_id=367 汝乃溪(屏東縣-牡丹鄉),04 天數上限sumdaymax,1
"第12,49列",S2c Fixedclimb 承載量與天數,警政署入山 / c_id=367 汝乃溪(屏東縣-牡丹鄉),05 是否抽籤IsDraw,0
"第12,49列",S2c Fixedclimb 承載量與天數,警政署入山 / c_id=367 汝乃溪(屏東縣-牡丹鄉),06 許可證可印天數printdays,NULL
"第12,49列",S2c Fixedclimb 承載量與天數,警政署入山 / c_id=367 汝乃溪(屏東縣-牡丹鄉),07 是否雪季路線issnow,0
"第12,49列",S2c Fixedclimb 承載量與天數,警政署入山 / c_id=367 汝乃溪(屏東縣-牡丹鄉),08 人數檢查teamscountchk,NULL
"第12,49列",S2c Fixedclimb 承載量與天數,警政署入山 / c_id=368 里龍山(屏東縣-牡丹鄉),01 假日承載量holidaynum,NULL
"第12,49列",S2c Fixedclimb 承載量與天數,警政署入山 / c_id=368 里龍山(屏東縣-牡丹鄉),02 平日承載量generalnum,NULL
"第12,49列",S2c Fixedclimb 承載量與天數,警政署入山 / c_id=368 里龍山(屏東縣-牡丹鄉),03 天數下限sumdaymin,1
"第12,49列",S2c Fixedclimb 承載量與天數,警政署入山 / c_id=368 里龍山(屏東縣-牡丹鄉),04 天數上限sumdaymax,1
"第12,49列",S2c Fixedclimb 承載量與天數,警政署入山 / c_id=368 里龍山(屏東縣-牡丹鄉),05 是否抽籤IsDraw,0
"第12,49列",S2c Fixedclimb 承載量與天數,警政署入山 / c_id=368 里龍山(屏東縣-牡丹鄉),06 許可證可印天數printdays,NULL
"第12,49列",S2c Fixedclimb 承載量與天數,警政署入山 / c_id=368 里龍山(屏東縣-牡丹鄉),07 是否雪季路線issnow,0
"第12,49列",S2c Fixedclimb 承載量與天數,警政署入山 / c_id=368 里龍山(屏東縣-牡丹鄉),08 人數檢查teamscountchk,NULL
"第12,49列",S2c Fixedclimb 承載量與天數,警政署入山 / c_id=369 高士佛山(屏東縣-牡丹鄉),01 假日承載量holidaynum,NULL
"第12,49列",S2c Fixedclimb 承載量與天數,警政署入山 / c_id=369 高士佛山(屏東縣-牡丹鄉),02 平日承載量generalnum,NULL
"第12,49列",S2c Fixedclimb 承載量與天數,警政署入山 / c_id=369 高士佛山(屏東縣-牡丹鄉),03 天數下限sumdaymin,1
"第12,49列",S2c Fixedclimb 承載量與天數,警政署入山 / c_id=369 高士佛山(屏東縣-牡丹鄉),04 天數上限sumdaymax,1
"第12,49列",S2c Fixedclimb 承載量與天數,警政署入山 / c_id=369 高士佛山(屏東縣-牡丹鄉),05 是否抽籤IsDraw,0
"第12,49列",S2c Fixedclimb 承載量與天數,警政署入山 / c_id=369 高士佛山(屏東縣-牡丹鄉),06 許可證可印天數printdays,NULL
"第12,49列",S2c Fixedclimb 承載量與天數,警政署入山 / c_id=369 高士佛山(屏東縣-牡丹鄉),07 是否雪季路線issnow,0
"第12,49列",S2c Fixedclimb 承載量與天數,警政署入山 / c_id=369 高士佛山(屏東縣-牡丹鄉),08 人數檢查teamscountchk,NULL
"第12,49列",S2c Fixedclimb 承載量與天數,警政署入山 / c_id=370 耆路知可山(屏東縣-獅子鄉),01 假日承載量holidaynum,NULL
"第12,49列",S2c Fixedclimb 承載量與天數,警政署入山 / c_id=370 耆路知可山(屏東縣-獅子鄉),02 平日承載量generalnum,NULL
"第12,49列",S2c Fixedclimb 承載量與天數,警政署入山 / c_id=370 耆路知可山(屏東縣-獅子鄉),03 天數下限sumdaymin,1
"第12,49列",S2c Fixedclimb 承載量與天數,警政署入山 / c_id=370 耆路知可山(屏東縣-獅子鄉),04 天數上限sumdaymax,1
"第12,49列",S2c Fixedclimb 承載量與天數,警政署入山 / c_id=370 耆路知可山(屏東縣-獅子鄉),05 是否抽籤IsDraw,0
"第12,49列",S2c Fixedclimb 承載量與天數,警政署入山 / c_id=370 耆路知可山(屏東縣-獅子鄉),06 許可證可印天數printdays,NULL
"第12,49列",S2c Fixedclimb 承載量與天數,警政署入山 / c_id=370 耆路知可山(屏東縣-獅子鄉),07 是否雪季路線issnow,0
"第12,49列",S2c Fixedclimb 承載量與天數,警政署入山 / c_id=370 耆路知可山(屏東縣-獅子鄉),08 人數檢查teamscountchk,NULL
"第12,49列",S2c Fixedclimb 承載量與天數,警政署入山 / c_id=371 帽子山(屏東縣-獅子鄉),01 假日承載量holidaynum,NULL
"第12,49列",S2c Fixedclimb 承載量與天數,警政署入山 / c_id=371 帽子山(屏東縣-獅子鄉),02 平日承載量generalnum,NULL
"第12,49列",S2c Fixedclimb 承載量與天數,警政署入山 / c_id=371 帽子山(屏東縣-獅子鄉),03 天數下限sumdaymin,1
"第12,49列",S2c Fixedclimb 承載量與天數,警政署入山 / c_id=371 帽子山(屏東縣-獅子鄉),04 天數上限sumdaymax,1
"第12,49列",S2c Fixedclimb 承載量與天數,警政署入山 / c_id=371 帽子山(屏東縣-獅子鄉),05 是否抽籤IsDraw,0
"第12,49列",S2c Fixedclimb 承載量與天數,警政署入山 / c_id=371 帽子山(屏東縣-獅子鄉),06 許可證可印天數printdays,NULL
"第12,49列",S2c Fixedclimb 承載量與天數,警政署入山 / c_id=371 帽子山(屏東縣-獅子鄉),07 是否雪季路線issnow,0
"第12,49列",S2c Fixedclimb 承載量與天數,警政署入山 / c_id=371 帽子山(屏東縣-獅子鄉),08 人數檢查teamscountchk,NULL
"第12,49列",S2c Fixedclimb 承載量與天數,警政署入山 / c_id=372 三地山(屏東縣-三地門鄉),01 假日承載量holidaynum,NULL
"第12,49列",S2c Fixedclimb 承載量與天數,警政署入山 / c_id=372 三地山(屏東縣-三地門鄉),02 平日承載量generalnum,NULL
"第12,49列",S2c Fixedclimb 承載量與天數,警政署入山 / c_id=372 三地山(屏東縣-三地門鄉),03 天數下限sumdaymin,1
"第12,49列",S2c Fixedclimb 承載量與天數,警政署入山 / c_id=372 三地山(屏東縣-三地門鄉),04 天數上限sumdaymax,1
"第12,49列",S2c Fixedclimb 承載量與天數,警政署入山 / c_id=372 三地山(屏東縣-三地門鄉),05 是否抽籤IsDraw,0
"第12,49列",S2c Fixedclimb 承載量與天數,警政署入山 / c_id=372 三地山(屏東縣-三地門鄉),06 許可證可印天數printdays,NULL
"第12,49列",S2c Fixedclimb 承載量與天數,警政署入山 / c_id=372 三地山(屏東縣-三地門鄉),07 是否雪季路線issnow,0
"第12,49列",S2c Fixedclimb 承載量與天數,警政署入山 / c_id=372 三地山(屏東縣-三地門鄉),08 人數檢查teamscountchk,NULL
"第12,49列",S2c Fixedclimb 承載量與天數,警政署入山 / c_id=373 田良井山(屏東縣-三地門鄉),01 假日承載量holidaynum,NULL
"第12,49列",S2c Fixedclimb 承載量與天數,警政署入山 / c_id=373 田良井山(屏東縣-三地門鄉),02 平日承載量generalnum,NULL
"第12,49列",S2c Fixedclimb 承載量與天數,警政署入山 / c_id=373 田良井山(屏東縣-三地門鄉),03 天數下限sumdaymin,1
"第12,49列",S2c Fixedclimb 承載量與天數,警政署入山 / c_id=373 田良井山(屏東縣-三地門鄉),04 天數上限sumdaymax,1
"第12,49列",S2c Fixedclimb 承載量與天數,警政署入山 / c_id=373 田良井山(屏東縣-三地門鄉),05 是否抽籤IsDraw,0
"第12,49列",S2c Fixedclimb 承載量與天數,警政署入山 / c_id=373 田良井山(屏東縣-三地門鄉),06 許可證可印天數printdays,NULL
"第12,49列",S2c Fixedclimb 承載量與天數,警政署入山 / c_id=373 田良井山(屏東縣-三地門鄉),07 是否雪季路線issnow,0
"第12,49列",S2c Fixedclimb 承載量與天數,警政署入山 / c_id=373 田良井山(屏東縣-三地門鄉),08 人數檢查teamscountchk,NULL
"第12,49列",S2c Fixedclimb 承載量與天數,警政署入山 / c_id=374 托庫棚山(戶亞羅山)(屏東縣-三地門鄉),01 假日承載量holidaynum,NULL
"第12,49列",S2c Fixedclimb 承載量與天數,警政署入山 / c_id=374 托庫棚山(戶亞羅山)(屏東縣-三地門鄉),02 平日承載量generalnum,NULL
"第12,49列",S2c Fixedclimb 承載量與天數,警政署入山 / c_id=374 托庫棚山(戶亞羅山)(屏東縣-三地門鄉),03 天數下限sumdaymin,1
"第12,49列",S2c Fixedclimb 承載量與天數,警政署入山 / c_id=374 托庫棚山(戶亞羅山)(屏東縣-三地門鄉),04 天數上限sumdaymax,1
"第12,49列",S2c Fixedclimb 承載量與天數,警政署入山 / c_id=374 托庫棚山(戶亞羅山)(屏東縣-三地門鄉),05 是否抽籤IsDraw,0
"第12,49列",S2c Fixedclimb 承載量與天數,警政署入山 / c_id=374 托庫棚山(戶亞羅山)(屏東縣-三地門鄉),06 許可證可印天數printdays,NULL
"第12,49列",S2c Fixedclimb 承載量與天數,警政署入山 / c_id=374 托庫棚山(戶亞羅山)(屏東縣-三地門鄉),07 是否雪季路線issnow,0
"第12,49列",S2c Fixedclimb 承載量與天數,警政署入山 / c_id=374 托庫棚山(戶亞羅山)(屏東縣-三地門鄉),08 人數檢查teamscountchk,NULL
"第12,49列",S2c Fixedclimb 承載量與天數,警政署入山 / c_id=375 尾寮山(屏東縣-三地門鄉),01 假日承載量holidaynum,NULL
"第12,49列",S2c Fixedclimb 承載量與天數,警政署入山 / c_id=375 尾寮山(屏東縣-三地門鄉),02 平日承載量generalnum,NULL
"第12,49列",S2c Fixedclimb 承載量與天數,警政署入山 / c_id=375 尾寮山(屏東縣-三地門鄉),03 天數下限sumdaymin,1
"第12,49列",S2c Fixedclimb 承載量與天數,警政署入山 / c_id=375 尾寮山(屏東縣-三地門鄉),04 天數上限sumdaymax,1
"第12,49列",S2c Fixedclimb 承載量與天數,警政署入山 / c_id=375 尾寮山(屏東縣-三地門鄉),05 是否抽籤IsDraw,0
"第12,49列",S2c Fixedclimb 承載量與天數,警政署入山 / c_id=375 尾寮山(屏東縣-三地門鄉),06 許可證可印天數printdays,NULL
"第12,49列",S2c Fixedclimb 承載量與天數,警政署入山 / c_id=375 尾寮山(屏東縣-三地門鄉),07 是否雪季路線issnow,0
"第12,49列",S2c Fixedclimb 承載量與天數,警政署入山 / c_id=375 尾寮山(屏東縣-三地門鄉),08 人數檢查teamscountchk,NULL
"第12,49列",S2c Fixedclimb 承載量與天數,警政署入山 / c_id=376 倫原山(屏東縣-霧臺鄉),01 假日承載量holidaynum,NULL
"第12,49列",S2c Fixedclimb 承載量與天數,警政署入山 / c_id=376 倫原山(屏東縣-霧臺鄉),02 平日承載量generalnum,NULL
"第12,49列",S2c Fixedclimb 承載量與天數,警政署入山 / c_id=376 倫原山(屏東縣-霧臺鄉),03 天數下限sumdaymin,1
"第12,49列",S2c Fixedclimb 承載量與天數,警政署入山 / c_id=376 倫原山(屏東縣-霧臺鄉),04 天數上限sumdaymax,1
"第12,49列",S2c Fixedclimb 承載量與天數,警政署入山 / c_id=376 倫原山(屏東縣-霧臺鄉),05 是否抽籤IsDraw,0
"第12,49列",S2c Fixedclimb 承載量與天數,警政署入山 / c_id=376 倫原山(屏東縣-霧臺鄉),06 許可證可印天數printdays,NULL
"第12,49列",S2c Fixedclimb 承載量與天數,警政署入山 / c_id=376 倫原山(屏東縣-霧臺鄉),07 是否雪季路線issnow,0
"第12,49列",S2c Fixedclimb 承載量與天數,警政署入山 / c_id=376 倫原山(屏東縣-霧臺鄉),08 人數檢查teamscountchk,NULL
"第12,49列",S2c Fixedclimb 承載量與天數,警政署入山 / c_id=377 茶埔岩山(屏東縣-霧臺鄉),01 假日承載量holidaynum,NULL
"第12,49列",S2c Fixedclimb 承載量與天數,警政署入山 / c_id=377 茶埔岩山(屏東縣-霧臺鄉),02 平日承載量generalnum,NULL
"第12,49列",S2c Fixedclimb 承載量與天數,警政署入山 / c_id=377 茶埔岩山(屏東縣-霧臺鄉),03 天數下限sumdaymin,1
"第12,49列",S2c Fixedclimb 承載量與天數,警政署入山 / c_id=377 茶埔岩山(屏東縣-霧臺鄉),04 天數上限sumdaymax,1
"第12,49列",S2c Fixedclimb 承載量與天數,警政署入山 / c_id=377 茶埔岩山(屏東縣-霧臺鄉),05 是否抽籤IsDraw,0
"第12,49列",S2c Fixedclimb 承載量與天數,警政署入山 / c_id=377 茶埔岩山(屏東縣-霧臺鄉),06 許可證可印天數printdays,NULL
"第12,49列",S2c Fixedclimb 承載量與天數,警政署入山 / c_id=377 茶埔岩山(屏東縣-霧臺鄉),07 是否雪季路線issnow,0
"第12,49列",S2c Fixedclimb 承載量與天數,警政署入山 / c_id=377 茶埔岩山(屏東縣-霧臺鄉),08 人數檢查teamscountchk,NULL
"第12,49列",S2c Fixedclimb 承載量與天數,警政署入山 / c_id=378 松山(屏東縣-霧臺鄉),01 假日承載量holidaynum,NULL
"第12,49列",S2c Fixedclimb 承載量與天數,警政署入山 / c_id=378 松山(屏東縣-霧臺鄉),02 平日承載量generalnum,NULL
"第12,49列",S2c Fixedclimb 承載量與天數,警政署入山 / c_id=378 松山(屏東縣-霧臺鄉),03 天數下限sumdaymin,1
"第12,49列",S2c Fixedclimb 承載量與天數,警政署入山 / c_id=378 松山(屏東縣-霧臺鄉),04 天數上限sumdaymax,1
"第12,49列",S2c Fixedclimb 承載量與天數,警政署入山 / c_id=378 松山(屏東縣-霧臺鄉),05 是否抽籤IsDraw,0
"第12,49列",S2c Fixedclimb 承載量與天數,警政署入山 / c_id=378 松山(屏東縣-霧臺鄉),06 許可證可印天數printdays,NULL
"第12,49列",S2c Fixedclimb 承載量與天數,警政署入山 / c_id=378 松山(屏東縣-霧臺鄉),07 是否雪季路線issnow,0
"第12,49列",S2c Fixedclimb 承載量與天數,警政署入山 / c_id=378 松山(屏東縣-霧臺鄉),08 人數檢查teamscountchk,NULL
"第12,49列",S2c Fixedclimb 承載量與天數,警政署入山 / c_id=379 境界山(屏東)(屏東縣-霧臺鄉),01 假日承載量holidaynum,NULL
"第12,49列",S2c Fixedclimb 承載量與天數,警政署入山 / c_id=379 境界山(屏東)(屏東縣-霧臺鄉),02 平日承載量generalnum,NULL
"第12,49列",S2c Fixedclimb 承載量與天數,警政署入山 / c_id=379 境界山(屏東)(屏東縣-霧臺鄉),03 天數下限sumdaymin,1
"第12,49列",S2c Fixedclimb 承載量與天數,警政署入山 / c_id=379 境界山(屏東)(屏東縣-霧臺鄉),04 天數上限sumdaymax,1
"第12,49列",S2c Fixedclimb 承載量與天數,警政署入山 / c_id=379 境界山(屏東)(屏東縣-霧臺鄉),05 是否抽籤IsDraw,0
"第12,49列",S2c Fixedclimb 承載量與天數,警政署入山 / c_id=379 境界山(屏東)(屏東縣-霧臺鄉),06 許可證可印天數printdays,NULL
"第12,49列",S2c Fixedclimb 承載量與天數,警政署入山 / c_id=379 境界山(屏東)(屏東縣-霧臺鄉),07 是否雪季路線issnow,0
"第12,49列",S2c Fixedclimb 承載量與天數,警政署入山 / c_id=379 境界山(屏東)(屏東縣-霧臺鄉),08 人數檢查teamscountchk,NULL
"第12,49列",S2c Fixedclimb 承載量與天數,警政署入山 / c_id=380 知本主山(屏東縣-霧臺鄉),01 假日承載量holidaynum,NULL
"第12,49列",S2c Fixedclimb 承載量與天數,警政署入山 / c_id=380 知本主山(屏東縣-霧臺鄉),02 平日承載量generalnum,NULL
"第12,49列",S2c Fixedclimb 承載量與天數,警政署入山 / c_id=380 知本主山(屏東縣-霧臺鄉),03 天數下限sumdaymin,1
"第12,49列",S2c Fixedclimb 承載量與天數,警政署入山 / c_id=380 知本主山(屏東縣-霧臺鄉),04 天數上限sumdaymax,1
"第12,49列",S2c Fixedclimb 承載量與天數,警政署入山 / c_id=380 知本主山(屏東縣-霧臺鄉),05 是否抽籤IsDraw,0
"第12,49列",S2c Fixedclimb 承載量與天數,警政署入山 / c_id=380 知本主山(屏東縣-霧臺鄉),06 許可證可印天數printdays,NULL
"第12,49列",S2c Fixedclimb 承載量與天數,警政署入山 / c_id=380 知本主山(屏東縣-霧臺鄉),07 是否雪季路線issnow,0
"第12,49列",S2c Fixedclimb 承載量與天數,警政署入山 / c_id=380 知本主山(屏東縣-霧臺鄉),08 人數檢查teamscountchk,NULL
"第12,49列",S2c Fixedclimb 承載量與天數,警政署入山 / c_id=381 旗鹽山(屏東縣-瑪家鄉),01 假日承載量holidaynum,NULL
"第12,49列",S2c Fixedclimb 承載量與天數,警政署入山 / c_id=381 旗鹽山(屏東縣-瑪家鄉),02 平日承載量generalnum,NULL
"第12,49列",S2c Fixedclimb 承載量與天數,警政署入山 / c_id=381 旗鹽山(屏東縣-瑪家鄉),03 天數下限sumdaymin,1
"第12,49列",S2c Fixedclimb 承載量與天數,警政署入山 / c_id=381 旗鹽山(屏東縣-瑪家鄉),04 天數上限sumdaymax,1
"第12,49列",S2c Fixedclimb 承載量與天數,警政署入山 / c_id=381 旗鹽山(屏東縣-瑪家鄉),05 是否抽籤IsDraw,0
"第12,49列",S2c Fixedclimb 承載量與天數,警政署入山 / c_id=381 旗鹽山(屏東縣-瑪家鄉),06 許可證可印天數printdays,NULL
"第12,49列",S2c Fixedclimb 承載量與天數,警政署入山 / c_id=381 旗鹽山(屏東縣-瑪家鄉),07 是否雪季路線issnow,0
"第12,49列",S2c Fixedclimb 承載量與天數,警政署入山 / c_id=381 旗鹽山(屏東縣-瑪家鄉),08 人數檢查teamscountchk,NULL
"第12,49列",S2c Fixedclimb 承載量與天數,警政署入山 / c_id=382 日湯真山(屏東縣-泰武鄉),01 假日承載量holidaynum,NULL
"第12,49列",S2c Fixedclimb 承載量與天數,警政署入山 / c_id=382 日湯真山(屏東縣-泰武鄉),02 平日承載量generalnum,NULL
"第12,49列",S2c Fixedclimb 承載量與天數,警政署入山 / c_id=382 日湯真山(屏東縣-泰武鄉),03 天數下限sumdaymin,1
"第12,49列",S2c Fixedclimb 承載量與天數,警政署入山 / c_id=382 日湯真山(屏東縣-泰武鄉),04 天數上限sumdaymax,1
"第12,49列",S2c Fixedclimb 承載量與天數,警政署入山 / c_id=382 日湯真山(屏東縣-泰武鄉),05 是否抽籤IsDraw,0
"第12,49列",S2c Fixedclimb 承載量與天數,警政署入山 / c_id=382 日湯真山(屏東縣-泰武鄉),06 許可證可印天數printdays,NULL
"第12,49列",S2c Fixedclimb 承載量與天數,警政署入山 / c_id=382 日湯真山(屏東縣-泰武鄉),07 是否雪季路線issnow,0
"第12,49列",S2c Fixedclimb 承載量與天數,警政署入山 / c_id=382 日湯真山(屏東縣-泰武鄉),08 人數檢查teamscountchk,NULL
"第12,49列",S2c Fixedclimb 承載量與天數,警政署入山 / c_id=383 吐蛇流山(屏東縣-泰武鄉),01 假日承載量holidaynum,NULL
"第12,49列",S2c Fixedclimb 承載量與天數,警政署入山 / c_id=383 吐蛇流山(屏東縣-泰武鄉),02 平日承載量generalnum,NULL
"第12,49列",S2c Fixedclimb 承載量與天數,警政署入山 / c_id=383 吐蛇流山(屏東縣-泰武鄉),03 天數下限sumdaymin,1
"第12,49列",S2c Fixedclimb 承載量與天數,警政署入山 / c_id=383 吐蛇流山(屏東縣-泰武鄉),04 天數上限sumdaymax,1
"第12,49列",S2c Fixedclimb 承載量與天數,警政署入山 / c_id=383 吐蛇流山(屏東縣-泰武鄉),05 是否抽籤IsDraw,0
"第12,49列",S2c Fixedclimb 承載量與天數,警政署入山 / c_id=383 吐蛇流山(屏東縣-泰武鄉),06 許可證可印天數printdays,NULL
"第12,49列",S2c Fixedclimb 承載量與天數,警政署入山 / c_id=383 吐蛇流山(屏東縣-泰武鄉),07 是否雪季路線issnow,0
"第12,49列",S2c Fixedclimb 承載量與天數,警政署入山 / c_id=383 吐蛇流山(屏東縣-泰武鄉),08 人數檢查teamscountchk,NULL
"第12,49列",S2c Fixedclimb 承載量與天數,警政署入山 / c_id=384 桑留守山(屏東縣-泰武鄉),01 假日承載量holidaynum,NULL
"第12,49列",S2c Fixedclimb 承載量與天數,警政署入山 / c_id=384 桑留守山(屏東縣-泰武鄉),02 平日承載量generalnum,NULL
"第12,49列",S2c Fixedclimb 承載量與天數,警政署入山 / c_id=384 桑留守山(屏東縣-泰武鄉),03 天數下限sumdaymin,1
"第12,49列",S2c Fixedclimb 承載量與天數,警政署入山 / c_id=384 桑留守山(屏東縣-泰武鄉),04 天數上限sumdaymax,1
"第12,49列",S2c Fixedclimb 承載量與天數,警政署入山 / c_id=384 桑留守山(屏東縣-泰武鄉),05 是否抽籤IsDraw,0
"第12,49列",S2c Fixedclimb 承載量與天數,警政署入山 / c_id=384 桑留守山(屏東縣-泰武鄉),06 許可證可印天數printdays,NULL
"第12,49列",S2c Fixedclimb 承載量與天數,警政署入山 / c_id=384 桑留守山(屏東縣-泰武鄉),07 是否雪季路線issnow,0
"第12,49列",S2c Fixedclimb 承載量與天數,警政署入山 / c_id=384 桑留守山(屏東縣-泰武鄉),08 人數檢查teamscountchk,NULL
"第12,49列",S2c Fixedclimb 承載量與天數,警政署入山 / c_id=385 姑子崙山(屏東縣-春日鄉),01 假日承載量holidaynum,NULL
"第12,49列",S2c Fixedclimb 承載量與天數,警政署入山 / c_id=385 姑子崙山(屏東縣-春日鄉),02 平日承載量generalnum,NULL
"第12,49列",S2c Fixedclimb 承載量與天數,警政署入山 / c_id=385 姑子崙山(屏東縣-春日鄉),03 天數下限sumdaymin,1
"第12,49列",S2c Fixedclimb 承載量與天數,警政署入山 / c_id=385 姑子崙山(屏東縣-春日鄉),04 天數上限sumdaymax,1
"第12,49列",S2c Fixedclimb 承載量與天數,警政署入山 / c_id=385 姑子崙山(屏東縣-春日鄉),05 是否抽籤IsDraw,0
"第12,49列",S2c Fixedclimb 承載量與天數,警政署入山 / c_id=385 姑子崙山(屏東縣-春日鄉),06 許可證可印天數printdays,NULL
"第12,49列",S2c Fixedclimb 承載量與天數,警政署入山 / c_id=385 姑子崙山(屏東縣-春日鄉),07 是否雪季路線issnow,0
"第12,49列",S2c Fixedclimb 承載量與天數,警政署入山 / c_id=385 姑子崙山(屏東縣-春日鄉),08 人數檢查teamscountchk,NULL
"第12,49列",S2c Fixedclimb 承載量與天數,警政署入山 / c_id=386 石可見山(屏東縣-春日鄉),01 假日承載量holidaynum,NULL
"第12,49列",S2c Fixedclimb 承載量與天數,警政署入山 / c_id=386 石可見山(屏東縣-春日鄉),02 平日承載量generalnum,NULL
"第12,49列",S2c Fixedclimb 承載量與天數,警政署入山 / c_id=386 石可見山(屏東縣-春日鄉),03 天數下限sumdaymin,1
"第12,49列",S2c Fixedclimb 承載量與天數,警政署入山 / c_id=386 石可見山(屏東縣-春日鄉),04 天數上限sumdaymax,1
"第12,49列",S2c Fixedclimb 承載量與天數,警政署入山 / c_id=386 石可見山(屏東縣-春日鄉),05 是否抽籤IsDraw,0
"第12,49列",S2c Fixedclimb 承載量與天數,警政署入山 / c_id=386 石可見山(屏東縣-春日鄉),06 許可證可印天數printdays,NULL
"第12,49列",S2c Fixedclimb 承載量與天數,警政署入山 / c_id=386 石可見山(屏東縣-春日鄉),07 是否雪季路線issnow,0
"第12,49列",S2c Fixedclimb 承載量與天數,警政署入山 / c_id=386 石可見山(屏東縣-春日鄉),08 人數檢查teamscountchk,NULL
"第12,49列",S2c Fixedclimb 承載量與天數,警政署入山 / c_id=387 力里山(屏東縣-春日鄉),01 假日承載量holidaynum,NULL
"第12,49列",S2c Fixedclimb 承載量與天數,警政署入山 / c_id=387 力里山(屏東縣-春日鄉),02 平日承載量generalnum,NULL
"第12,49列",S2c Fixedclimb 承載量與天數,警政署入山 / c_id=387 力里山(屏東縣-春日鄉),03 天數下限sumdaymin,1
"第12,49列",S2c Fixedclimb 承載量與天數,警政署入山 / c_id=387 力里山(屏東縣-春日鄉),04 天數上限sumdaymax,1
"第12,49列",S2c Fixedclimb 承載量與天數,警政署入山 / c_id=387 力里山(屏東縣-春日鄉),05 是否抽籤IsDraw,0
"第12,49列",S2c Fixedclimb 承載量與天數,警政署入山 / c_id=387 力里山(屏東縣-春日鄉),06 許可證可印天數printdays,NULL
"第12,49列",S2c Fixedclimb 承載量與天數,警政署入山 / c_id=387 力里山(屏東縣-春日鄉),07 是否雪季路線issnow,0
"第12,49列",S2c Fixedclimb 承載量與天數,警政署入山 / c_id=387 力里山(屏東縣-春日鄉),08 人數檢查teamscountchk,NULL
"第12,49列",S2c Fixedclimb 承載量與天數,警政署入山 / c_id=388 翠峰湖(宜蘭縣-大同鄉),01 假日承載量holidaynum,NULL
"第12,49列",S2c Fixedclimb 承載量與天數,警政署入山 / c_id=388 翠峰湖(宜蘭縣-大同鄉),02 平日承載量generalnum,NULL
"第12,49列",S2c Fixedclimb 承載量與天數,警政署入山 / c_id=388 翠峰湖(宜蘭縣-大同鄉),03 天數下限sumdaymin,1
"第12,49列",S2c Fixedclimb 承載量與天數,警政署入山 / c_id=388 翠峰湖(宜蘭縣-大同鄉),04 天數上限sumdaymax,1
"第12,49列",S2c Fixedclimb 承載量與天數,警政署入山 / c_id=388 翠峰湖(宜蘭縣-大同鄉),05 是否抽籤IsDraw,0
"第12,49列",S2c Fixedclimb 承載量與天數,警政署入山 / c_id=388 翠峰湖(宜蘭縣-大同鄉),06 許可證可印天數printdays,NULL
"第12,49列",S2c Fixedclimb 承載量與天數,警政署入山 / c_id=388 翠峰湖(宜蘭縣-大同鄉),07 是否雪季路線issnow,0
"第12,49列",S2c Fixedclimb 承載量與天數,警政署入山 / c_id=388 翠峰湖(宜蘭縣-大同鄉),08 人數檢查teamscountchk,NULL
"第12,49列",S2c Fixedclimb 承載量與天數,警政署入山 / c_id=389 舊金洋橫斷(宜蘭縣-大同鄉),01 假日承載量holidaynum,NULL
"第12,49列",S2c Fixedclimb 承載量與天數,警政署入山 / c_id=389 舊金洋橫斷(宜蘭縣-大同鄉),02 平日承載量generalnum,NULL
"第12,49列",S2c Fixedclimb 承載量與天數,警政署入山 / c_id=389 舊金洋橫斷(宜蘭縣-大同鄉),03 天數下限sumdaymin,1
"第12,49列",S2c Fixedclimb 承載量與天數,警政署入山 / c_id=389 舊金洋橫斷(宜蘭縣-大同鄉),04 天數上限sumdaymax,1
"第12,49列",S2c Fixedclimb 承載量與天數,警政署入山 / c_id=389 舊金洋橫斷(宜蘭縣-大同鄉),05 是否抽籤IsDraw,0
"第12,49列",S2c Fixedclimb 承載量與天數,警政署入山 / c_id=389 舊金洋橫斷(宜蘭縣-大同鄉),06 許可證可印天數printdays,NULL
"第12,49列",S2c Fixedclimb 承載量與天數,警政署入山 / c_id=389 舊金洋橫斷(宜蘭縣-大同鄉),07 是否雪季路線issnow,0
"第12,49列",S2c Fixedclimb 承載量與天數,警政署入山 / c_id=389 舊金洋橫斷(宜蘭縣-大同鄉),08 人數檢查teamscountchk,NULL
"第12,49列",S2c Fixedclimb 承載量與天數,警政署入山 / c_id=390 梵梵溫泉(宜蘭縣-大同鄉),01 假日承載量holidaynum,NULL
"第12,49列",S2c Fixedclimb 承載量與天數,警政署入山 / c_id=390 梵梵溫泉(宜蘭縣-大同鄉),02 平日承載量generalnum,NULL
"第12,49列",S2c Fixedclimb 承載量與天數,警政署入山 / c_id=390 梵梵溫泉(宜蘭縣-大同鄉),03 天數下限sumdaymin,1
"第12,49列",S2c Fixedclimb 承載量與天數,警政署入山 / c_id=390 梵梵溫泉(宜蘭縣-大同鄉),04 天數上限sumdaymax,1
"第12,49列",S2c Fixedclimb 承載量與天數,警政署入山 / c_id=390 梵梵溫泉(宜蘭縣-大同鄉),05 是否抽籤IsDraw,0
"第12,49列",S2c Fixedclimb 承載量與天數,警政署入山 / c_id=390 梵梵溫泉(宜蘭縣-大同鄉),06 許可證可印天數printdays,NULL
"第12,49列",S2c Fixedclimb 承載量與天數,警政署入山 / c_id=390 梵梵溫泉(宜蘭縣-大同鄉),07 是否雪季路線issnow,0
"第12,49列",S2c Fixedclimb 承載量與天數,警政署入山 / c_id=390 梵梵溫泉(宜蘭縣-大同鄉),08 人數檢查teamscountchk,NULL
"第12,49列",S2c Fixedclimb 承載量與天數,警政署入山 / c_id=391 古魯古道(宜蘭縣-大同鄉),01 假日承載量holidaynum,NULL
"第12,49列",S2c Fixedclimb 承載量與天數,警政署入山 / c_id=391 古魯古道(宜蘭縣-大同鄉),02 平日承載量generalnum,NULL
"第12,49列",S2c Fixedclimb 承載量與天數,警政署入山 / c_id=391 古魯古道(宜蘭縣-大同鄉),03 天數下限sumdaymin,1
"第12,49列",S2c Fixedclimb 承載量與天數,警政署入山 / c_id=391 古魯古道(宜蘭縣-大同鄉),04 天數上限sumdaymax,1
"第12,49列",S2c Fixedclimb 承載量與天數,警政署入山 / c_id=391 古魯古道(宜蘭縣-大同鄉),05 是否抽籤IsDraw,0
"第12,49列",S2c Fixedclimb 承載量與天數,警政署入山 / c_id=391 古魯古道(宜蘭縣-大同鄉),06 許可證可印天數printdays,NULL
"第12,49列",S2c Fixedclimb 承載量與天數,警政署入山 / c_id=391 古魯古道(宜蘭縣-大同鄉),07 是否雪季路線issnow,0
"第12,49列",S2c Fixedclimb 承載量與天數,警政署入山 / c_id=391 古魯古道(宜蘭縣-大同鄉),08 人數檢查teamscountchk,NULL
"第12,49列",S2c Fixedclimb 承載量與天數,警政署入山 / c_id=392 鴛鴦湖(宜蘭縣-大同鄉),01 假日承載量holidaynum,NULL
"第12,49列",S2c Fixedclimb 承載量與天數,警政署入山 / c_id=392 鴛鴦湖(宜蘭縣-大同鄉),02 平日承載量generalnum,NULL
"第12,49列",S2c Fixedclimb 承載量與天數,警政署入山 / c_id=392 鴛鴦湖(宜蘭縣-大同鄉),03 天數下限sumdaymin,1
"第12,49列",S2c Fixedclimb 承載量與天數,警政署入山 / c_id=392 鴛鴦湖(宜蘭縣-大同鄉),04 天數上限sumdaymax,1
"第12,49列",S2c Fixedclimb 承載量與天數,警政署入山 / c_id=392 鴛鴦湖(宜蘭縣-大同鄉),05 是否抽籤IsDraw,0
"第12,49列",S2c Fixedclimb 承載量與天數,警政署入山 / c_id=392 鴛鴦湖(宜蘭縣-大同鄉),06 許可證可印天數printdays,NULL
"第12,49列",S2c Fixedclimb 承載量與天數,警政署入山 / c_id=392 鴛鴦湖(宜蘭縣-大同鄉),07 是否雪季路線issnow,0
"第12,49列",S2c Fixedclimb 承載量與天數,警政署入山 / c_id=392 鴛鴦湖(宜蘭縣-大同鄉),08 人數檢查teamscountchk,NULL
"第12,49列",S2c Fixedclimb 承載量與天數,警政署入山 / c_id=393 松蘿湖(宜蘭縣-大同鄉),01 假日承載量holidaynum,NULL
"第12,49列",S2c Fixedclimb 承載量與天數,警政署入山 / c_id=393 松蘿湖(宜蘭縣-大同鄉),02 平日承載量generalnum,NULL
"第12,49列",S2c Fixedclimb 承載量與天數,警政署入山 / c_id=393 松蘿湖(宜蘭縣-大同鄉),03 天數下限sumdaymin,1
"第12,49列",S2c Fixedclimb 承載量與天數,警政署入山 / c_id=393 松蘿湖(宜蘭縣-大同鄉),04 天數上限sumdaymax,1
"第12,49列",S2c Fixedclimb 承載量與天數,警政署入山 / c_id=393 松蘿湖(宜蘭縣-大同鄉),05 是否抽籤IsDraw,0
"第12,49列",S2c Fixedclimb 承載量與天數,警政署入山 / c_id=393 松蘿湖(宜蘭縣-大同鄉),06 許可證可印天數printdays,NULL
"第12,49列",S2c Fixedclimb 承載量與天數,警政署入山 / c_id=393 松蘿湖(宜蘭縣-大同鄉),07 是否雪季路線issnow,0
"第12,49列",S2c Fixedclimb 承載量與天數,警政署入山 / c_id=393 松蘿湖(宜蘭縣-大同鄉),08 人數檢查teamscountchk,NULL
"第12,49列",S2c Fixedclimb 承載量與天數,警政署入山 / c_id=394 100林道(宜蘭縣-大同鄉),01 假日承載量holidaynum,NULL
"第12,49列",S2c Fixedclimb 承載量與天數,警政署入山 / c_id=394 100林道(宜蘭縣-大同鄉),02 平日承載量generalnum,NULL
"第12,49列",S2c Fixedclimb 承載量與天數,警政署入山 / c_id=394 100林道(宜蘭縣-大同鄉),03 天數下限sumdaymin,1
"第12,49列",S2c Fixedclimb 承載量與天數,警政署入山 / c_id=394 100林道(宜蘭縣-大同鄉),04 天數上限sumdaymax,1
"第12,49列",S2c Fixedclimb 承載量與天數,警政署入山 / c_id=394 100林道(宜蘭縣-大同鄉),05 是否抽籤IsDraw,0
"第12,49列",S2c Fixedclimb 承載量與天數,警政署入山 / c_id=394 100林道(宜蘭縣-大同鄉),06 許可證可印天數printdays,NULL
"第12,49列",S2c Fixedclimb 承載量與天數,警政署入山 / c_id=394 100林道(宜蘭縣-大同鄉),07 是否雪季路線issnow,0
"第12,49列",S2c Fixedclimb 承載量與天數,警政署入山 / c_id=394 100林道(宜蘭縣-大同鄉),08 人數檢查teamscountchk,NULL
"第12,49列",S2c Fixedclimb 承載量與天數,警政署入山 / c_id=395 加羅湖(宜蘭縣-大同鄉),01 假日承載量holidaynum,NULL
"第12,49列",S2c Fixedclimb 承載量與天數,警政署入山 / c_id=395 加羅湖(宜蘭縣-大同鄉),02 平日承載量generalnum,NULL
"第12,49列",S2c Fixedclimb 承載量與天數,警政署入山 / c_id=395 加羅湖(宜蘭縣-大同鄉),03 天數下限sumdaymin,1
"第12,49列",S2c Fixedclimb 承載量與天數,警政署入山 / c_id=395 加羅湖(宜蘭縣-大同鄉),04 天數上限sumdaymax,1
"第12,49列",S2c Fixedclimb 承載量與天數,警政署入山 / c_id=395 加羅湖(宜蘭縣-大同鄉),05 是否抽籤IsDraw,0
"第12,49列",S2c Fixedclimb 承載量與天數,警政署入山 / c_id=395 加羅湖(宜蘭縣-大同鄉),06 許可證可印天數printdays,NULL
"第12,49列",S2c Fixedclimb 承載量與天數,警政署入山 / c_id=395 加羅湖(宜蘭縣-大同鄉),07 是否雪季路線issnow,0
"第12,49列",S2c Fixedclimb 承載量與天數,警政署入山 / c_id=395 加羅湖(宜蘭縣-大同鄉),08 人數檢查teamscountchk,NULL
"第12,49列",S2c Fixedclimb 承載量與天數,警政署入山 / c_id=396 番社坑山(宜蘭縣-大同鄉),01 假日承載量holidaynum,NULL
"第12,49列",S2c Fixedclimb 承載量與天數,警政署入山 / c_id=396 番社坑山(宜蘭縣-大同鄉),02 平日承載量generalnum,NULL
"第12,49列",S2c Fixedclimb 承載量與天數,警政署入山 / c_id=396 番社坑山(宜蘭縣-大同鄉),03 天數下限sumdaymin,1
"第12,49列",S2c Fixedclimb 承載量與天數,警政署入山 / c_id=396 番社坑山(宜蘭縣-大同鄉),04 天數上限sumdaymax,1
"第12,49列",S2c Fixedclimb 承載量與天數,警政署入山 / c_id=396 番社坑山(宜蘭縣-大同鄉),05 是否抽籤IsDraw,0
"第12,49列",S2c Fixedclimb 承載量與天數,警政署入山 / c_id=396 番社坑山(宜蘭縣-大同鄉),06 許可證可印天數printdays,NULL
"第12,49列",S2c Fixedclimb 承載量與天數,警政署入山 / c_id=396 番社坑山(宜蘭縣-大同鄉),07 是否雪季路線issnow,0
"第12,49列",S2c Fixedclimb 承載量與天數,警政署入山 / c_id=396 番社坑山(宜蘭縣-大同鄉),08 人數檢查teamscountchk,NULL
"第12,49列",S2c Fixedclimb 承載量與天數,警政署入山 / c_id=397 流興溪溯(宜蘭縣-大同鄉),01 假日承載量holidaynum,NULL
"第12,49列",S2c Fixedclimb 承載量與天數,警政署入山 / c_id=397 流興溪溯(宜蘭縣-大同鄉),02 平日承載量generalnum,NULL
"第12,49列",S2c Fixedclimb 承載量與天數,警政署入山 / c_id=397 流興溪溯(宜蘭縣-大同鄉),03 天數下限sumdaymin,1
"第12,49列",S2c Fixedclimb 承載量與天數,警政署入山 / c_id=397 流興溪溯(宜蘭縣-大同鄉),04 天數上限sumdaymax,1
"第12,49列",S2c Fixedclimb 承載量與天數,警政署入山 / c_id=397 流興溪溯(宜蘭縣-大同鄉),05 是否抽籤IsDraw,0
"第12,49列",S2c Fixedclimb 承載量與天數,警政署入山 / c_id=397 流興溪溯(宜蘭縣-大同鄉),06 許可證可印天數printdays,NULL
"第12,49列",S2c Fixedclimb 承載量與天數,警政署入山 / c_id=397 流興溪溯(宜蘭縣-大同鄉),07 是否雪季路線issnow,0
"第12,49列",S2c Fixedclimb 承載量與天數,警政署入山 / c_id=397 流興溪溯(宜蘭縣-大同鄉),08 人數檢查teamscountchk,NULL
"第12,49列",S2c Fixedclimb 承載量與天數,警政署入山 / c_id=398 天狗溫泉(宜蘭縣-大同鄉),01 假日承載量holidaynum,NULL
"第12,49列",S2c Fixedclimb 承載量與天數,警政署入山 / c_id=398 天狗溫泉(宜蘭縣-大同鄉),02 平日承載量generalnum,NULL
"第12,49列",S2c Fixedclimb 承載量與天數,警政署入山 / c_id=398 天狗溫泉(宜蘭縣-大同鄉),03 天數下限sumdaymin,1
"第12,49列",S2c Fixedclimb 承載量與天數,警政署入山 / c_id=398 天狗溫泉(宜蘭縣-大同鄉),04 天數上限sumdaymax,1
"第12,49列",S2c Fixedclimb 承載量與天數,警政署入山 / c_id=398 天狗溫泉(宜蘭縣-大同鄉),05 是否抽籤IsDraw,0
"第12,49列",S2c Fixedclimb 承載量與天數,警政署入山 / c_id=398 天狗溫泉(宜蘭縣-大同鄉),06 許可證可印天數printdays,NULL
"第12,49列",S2c Fixedclimb 承載量與天數,警政署入山 / c_id=398 天狗溫泉(宜蘭縣-大同鄉),07 是否雪季路線issnow,0
"第12,49列",S2c Fixedclimb 承載量與天數,警政署入山 / c_id=398 天狗溫泉(宜蘭縣-大同鄉),08 人數檢查teamscountchk,NULL
"第12,49列",S2c Fixedclimb 承載量與天數,警政署入山 / c_id=399 雅音山(宜蘭縣-大同鄉),01 假日承載量holidaynum,NULL
"第12,49列",S2c Fixedclimb 承載量與天數,警政署入山 / c_id=399 雅音山(宜蘭縣-大同鄉),02 平日承載量generalnum,NULL
"第12,49列",S2c Fixedclimb 承載量與天數,警政署入山 / c_id=399 雅音山(宜蘭縣-大同鄉),03 天數下限sumdaymin,1
"第12,49列",S2c Fixedclimb 承載量與天數,警政署入山 / c_id=399 雅音山(宜蘭縣-大同鄉),04 天數上限sumdaymax,1
"第12,49列",S2c Fixedclimb 承載量與天數,警政署入山 / c_id=399 雅音山(宜蘭縣-大同鄉),05 是否抽籤IsDraw,0
"第12,49列",S2c Fixedclimb 承載量與天數,警政署入山 / c_id=399 雅音山(宜蘭縣-大同鄉),06 許可證可印天數printdays,NULL
"第12,49列",S2c Fixedclimb 承載量與天數,警政署入山 / c_id=399 雅音山(宜蘭縣-大同鄉),07 是否雪季路線issnow,0
"第12,49列",S2c Fixedclimb 承載量與天數,警政署入山 / c_id=399 雅音山(宜蘭縣-大同鄉),08 人數檢查teamscountchk,NULL
"第12,49列",S2c Fixedclimb 承載量與天數,警政署入山 / c_id=400 秀魯業山(宜蘭縣-大同鄉),01 假日承載量holidaynum,NULL
"第12,49列",S2c Fixedclimb 承載量與天數,警政署入山 / c_id=400 秀魯業山(宜蘭縣-大同鄉),02 平日承載量generalnum,NULL
"第12,49列",S2c Fixedclimb 承載量與天數,警政署入山 / c_id=400 秀魯業山(宜蘭縣-大同鄉),03 天數下限sumdaymin,1
"第12,49列",S2c Fixedclimb 承載量與天數,警政署入山 / c_id=400 秀魯業山(宜蘭縣-大同鄉),04 天數上限sumdaymax,1
"第12,49列",S2c Fixedclimb 承載量與天數,警政署入山 / c_id=400 秀魯業山(宜蘭縣-大同鄉),05 是否抽籤IsDraw,0
"第12,49列",S2c Fixedclimb 承載量與天數,警政署入山 / c_id=400 秀魯業山(宜蘭縣-大同鄉),06 許可證可印天數printdays,NULL
"第12,49列",S2c Fixedclimb 承載量與天數,警政署入山 / c_id=400 秀魯業山(宜蘭縣-大同鄉),07 是否雪季路線issnow,0
"第12,49列",S2c Fixedclimb 承載量與天數,警政署入山 / c_id=400 秀魯業山(宜蘭縣-大同鄉),08 人數檢查teamscountchk,NULL
"第12,49列",S2c Fixedclimb 承載量與天數,警政署入山 / c_id=401 南湖北山(宜蘭縣-大同鄉),01 假日承載量holidaynum,NULL
"第12,49列",S2c Fixedclimb 承載量與天數,警政署入山 / c_id=401 南湖北山(宜蘭縣-大同鄉),02 平日承載量generalnum,NULL
"第12,49列",S2c Fixedclimb 承載量與天數,警政署入山 / c_id=401 南湖北山(宜蘭縣-大同鄉),03 天數下限sumdaymin,1
"第12,49列",S2c Fixedclimb 承載量與天數,警政署入山 / c_id=401 南湖北山(宜蘭縣-大同鄉),04 天數上限sumdaymax,1
"第12,49列",S2c Fixedclimb 承載量與天數,警政署入山 / c_id=401 南湖北山(宜蘭縣-大同鄉),05 是否抽籤IsDraw,0
"第12,49列",S2c Fixedclimb 承載量與天數,警政署入山 / c_id=401 南湖北山(宜蘭縣-大同鄉),06 許可證可印天數printdays,NULL
"第12,49列",S2c Fixedclimb 承載量與天數,警政署入山 / c_id=401 南湖北山(宜蘭縣-大同鄉),07 是否雪季路線issnow,0
"第12,49列",S2c Fixedclimb 承載量與天數,警政署入山 / c_id=401 南湖北山(宜蘭縣-大同鄉),08 人數檢查teamscountchk,NULL
"第12,49列",S2c Fixedclimb 承載量與天數,警政署入山 / c_id=402 斷岩山(宜蘭縣-大同鄉),01 假日承載量holidaynum,NULL
"第12,49列",S2c Fixedclimb 承載量與天數,警政署入山 / c_id=402 斷岩山(宜蘭縣-大同鄉),02 平日承載量generalnum,NULL
"第12,49列",S2c Fixedclimb 承載量與天數,警政署入山 / c_id=402 斷岩山(宜蘭縣-大同鄉),03 天數下限sumdaymin,1
"第12,49列",S2c Fixedclimb 承載量與天數,警政署入山 / c_id=402 斷岩山(宜蘭縣-大同鄉),04 天數上限sumdaymax,1
"第12,49列",S2c Fixedclimb 承載量與天數,警政署入山 / c_id=402 斷岩山(宜蘭縣-大同鄉),05 是否抽籤IsDraw,0
"第12,49列",S2c Fixedclimb 承載量與天數,警政署入山 / c_id=402 斷岩山(宜蘭縣-大同鄉),06 許可證可印天數printdays,NULL
"第12,49列",S2c Fixedclimb 承載量與天數,警政署入山 / c_id=402 斷岩山(宜蘭縣-大同鄉),07 是否雪季路線issnow,0
"第12,49列",S2c Fixedclimb 承載量與天數,警政署入山 / c_id=402 斷岩山(宜蘭縣-大同鄉),08 人數檢查teamscountchk,NULL
"第12,49列",S2c Fixedclimb 承載量與天數,警政署入山 / c_id=403 塚呂馬布山(宜蘭縣-大同鄉),01 假日承載量holidaynum,NULL
"第12,49列",S2c Fixedclimb 承載量與天數,警政署入山 / c_id=403 塚呂馬布山(宜蘭縣-大同鄉),02 平日承載量generalnum,NULL
"第12,49列",S2c Fixedclimb 承載量與天數,警政署入山 / c_id=403 塚呂馬布山(宜蘭縣-大同鄉),03 天數下限sumdaymin,1
"第12,49列",S2c Fixedclimb 承載量與天數,警政署入山 / c_id=403 塚呂馬布山(宜蘭縣-大同鄉),04 天數上限sumdaymax,1
"第12,49列",S2c Fixedclimb 承載量與天數,警政署入山 / c_id=403 塚呂馬布山(宜蘭縣-大同鄉),05 是否抽籤IsDraw,0
"第12,49列",S2c Fixedclimb 承載量與天數,警政署入山 / c_id=403 塚呂馬布山(宜蘭縣-大同鄉),06 許可證可印天數printdays,NULL
"第12,49列",S2c Fixedclimb 承載量與天數,警政署入山 / c_id=403 塚呂馬布山(宜蘭縣-大同鄉),07 是否雪季路線issnow,0
"第12,49列",S2c Fixedclimb 承載量與天數,警政署入山 / c_id=403 塚呂馬布山(宜蘭縣-大同鄉),08 人數檢查teamscountchk,NULL
"第12,49列",S2c Fixedclimb 承載量與天數,警政署入山 / c_id=404 中央尖山南側路線(宜蘭縣-大同鄉),01 假日承載量holidaynum,NULL
"第12,49列",S2c Fixedclimb 承載量與天數,警政署入山 / c_id=404 中央尖山南側路線(宜蘭縣-大同鄉),02 平日承載量generalnum,NULL
"第12,49列",S2c Fixedclimb 承載量與天數,警政署入山 / c_id=404 中央尖山南側路線(宜蘭縣-大同鄉),03 天數下限sumdaymin,1
"第12,49列",S2c Fixedclimb 承載量與天數,警政署入山 / c_id=404 中央尖山南側路線(宜蘭縣-大同鄉),04 天數上限sumdaymax,1
"第12,49列",S2c Fixedclimb 承載量與天數,警政署入山 / c_id=404 中央尖山南側路線(宜蘭縣-大同鄉),05 是否抽籤IsDraw,0
"第12,49列",S2c Fixedclimb 承載量與天數,警政署入山 / c_id=404 中央尖山南側路線(宜蘭縣-大同鄉),06 許可證可印天數printdays,NULL
"第12,49列",S2c Fixedclimb 承載量與天數,警政署入山 / c_id=404 中央尖山南側路線(宜蘭縣-大同鄉),07 是否雪季路線issnow,0
"第12,49列",S2c Fixedclimb 承載量與天數,警政署入山 / c_id=404 中央尖山南側路線(宜蘭縣-大同鄉),08 人數檢查teamscountchk,NULL
"第12,49列",S2c Fixedclimb 承載量與天數,警政署入山 / c_id=405 陶塞橫斷(宜蘭縣-大同鄉),01 假日承載量holidaynum,NULL
"第12,49列",S2c Fixedclimb 承載量與天數,警政署入山 / c_id=405 陶塞橫斷(宜蘭縣-大同鄉),02 平日承載量generalnum,NULL
"第12,49列",S2c Fixedclimb 承載量與天數,警政署入山 / c_id=405 陶塞橫斷(宜蘭縣-大同鄉),03 天數下限sumdaymin,1
"第12,49列",S2c Fixedclimb 承載量與天數,警政署入山 / c_id=405 陶塞橫斷(宜蘭縣-大同鄉),04 天數上限sumdaymax,1
"第12,49列",S2c Fixedclimb 承載量與天數,警政署入山 / c_id=405 陶塞橫斷(宜蘭縣-大同鄉),05 是否抽籤IsDraw,0
"第12,49列",S2c Fixedclimb 承載量與天數,警政署入山 / c_id=405 陶塞橫斷(宜蘭縣-大同鄉),06 許可證可印天數printdays,NULL
"第12,49列",S2c Fixedclimb 承載量與天數,警政署入山 / c_id=405 陶塞橫斷(宜蘭縣-大同鄉),07 是否雪季路線issnow,0
"第12,49列",S2c Fixedclimb 承載量與天數,警政署入山 / c_id=405 陶塞橫斷(宜蘭縣-大同鄉),08 人數檢查teamscountchk,NULL
"第12,49列",S2c Fixedclimb 承載量與天數,警政署入山 / c_id=406 大濁水北溪環走(宜蘭縣-大同鄉),01 假日承載量holidaynum,NULL
"第12,49列",S2c Fixedclimb 承載量與天數,警政署入山 / c_id=406 大濁水北溪環走(宜蘭縣-大同鄉),02 平日承載量generalnum,NULL
"第12,49列",S2c Fixedclimb 承載量與天數,警政署入山 / c_id=406 大濁水北溪環走(宜蘭縣-大同鄉),03 天數下限sumdaymin,1
"第12,49列",S2c Fixedclimb 承載量與天數,警政署入山 / c_id=406 大濁水北溪環走(宜蘭縣-大同鄉),04 天數上限sumdaymax,1
"第12,49列",S2c Fixedclimb 承載量與天數,警政署入山 / c_id=406 大濁水北溪環走(宜蘭縣-大同鄉),05 是否抽籤IsDraw,0
"第12,49列",S2c Fixedclimb 承載量與天數,警政署入山 / c_id=406 大濁水北溪環走(宜蘭縣-大同鄉),06 許可證可印天數printdays,NULL
"第12,49列",S2c Fixedclimb 承載量與天數,警政署入山 / c_id=406 大濁水北溪環走(宜蘭縣-大同鄉),07 是否雪季路線issnow,0
"第12,49列",S2c Fixedclimb 承載量與天數,警政署入山 / c_id=406 大濁水北溪環走(宜蘭縣-大同鄉),08 人數檢查teamscountchk,NULL
"第12,49列",S2c Fixedclimb 承載量與天數,警政署入山 / c_id=407 石楠花山(宜蘭縣-大同鄉),01 假日承載量holidaynum,NULL
"第12,49列",S2c Fixedclimb 承載量與天數,警政署入山 / c_id=407 石楠花山(宜蘭縣-大同鄉),02 平日承載量generalnum,NULL
"第12,49列",S2c Fixedclimb 承載量與天數,警政署入山 / c_id=407 石楠花山(宜蘭縣-大同鄉),03 天數下限sumdaymin,1
"第12,49列",S2c Fixedclimb 承載量與天數,警政署入山 / c_id=407 石楠花山(宜蘭縣-大同鄉),04 天數上限sumdaymax,1
"第12,49列",S2c Fixedclimb 承載量與天數,警政署入山 / c_id=407 石楠花山(宜蘭縣-大同鄉),05 是否抽籤IsDraw,0
"第12,49列",S2c Fixedclimb 承載量與天數,警政署入山 / c_id=407 石楠花山(宜蘭縣-大同鄉),06 許可證可印天數printdays,NULL
"第12,49列",S2c Fixedclimb 承載量與天數,警政署入山 / c_id=407 石楠花山(宜蘭縣-大同鄉),07 是否雪季路線issnow,0
"第12,49列",S2c Fixedclimb 承載量與天數,警政署入山 / c_id=407 石楠花山(宜蘭縣-大同鄉),08 人數檢查teamscountchk,NULL
"第12,49列",S2c Fixedclimb 承載量與天數,警政署入山 / c_id=408 清花山(宜蘭縣-大同鄉),01 假日承載量holidaynum,NULL
"第12,49列",S2c Fixedclimb 承載量與天數,警政署入山 / c_id=408 清花山(宜蘭縣-大同鄉),02 平日承載量generalnum,NULL
"第12,49列",S2c Fixedclimb 承載量與天數,警政署入山 / c_id=408 清花山(宜蘭縣-大同鄉),03 天數下限sumdaymin,1
"第12,49列",S2c Fixedclimb 承載量與天數,警政署入山 / c_id=408 清花山(宜蘭縣-大同鄉),04 天數上限sumdaymax,1
"第12,49列",S2c Fixedclimb 承載量與天數,警政署入山 / c_id=408 清花山(宜蘭縣-大同鄉),05 是否抽籤IsDraw,0
"第12,49列",S2c Fixedclimb 承載量與天數,警政署入山 / c_id=408 清花山(宜蘭縣-大同鄉),06 許可證可印天數printdays,NULL
"第12,49列",S2c Fixedclimb 承載量與天數,警政署入山 / c_id=408 清花山(宜蘭縣-大同鄉),07 是否雪季路線issnow,0
"第12,49列",S2c Fixedclimb 承載量與天數,警政署入山 / c_id=408 清花山(宜蘭縣-大同鄉),08 人數檢查teamscountchk,NULL
"第12,49列",S2c Fixedclimb 承載量與天數,警政署入山 / c_id=409 給里洛山(宜蘭縣-大同鄉),01 假日承載量holidaynum,NULL
"第12,49列",S2c Fixedclimb 承載量與天數,警政署入山 / c_id=409 給里洛山(宜蘭縣-大同鄉),02 平日承載量generalnum,NULL
"第12,49列",S2c Fixedclimb 承載量與天數,警政署入山 / c_id=409 給里洛山(宜蘭縣-大同鄉),03 天數下限sumdaymin,1
"第12,49列",S2c Fixedclimb 承載量與天數,警政署入山 / c_id=409 給里洛山(宜蘭縣-大同鄉),04 天數上限sumdaymax,1
"第12,49列",S2c Fixedclimb 承載量與天數,警政署入山 / c_id=409 給里洛山(宜蘭縣-大同鄉),05 是否抽籤IsDraw,0
"第12,49列",S2c Fixedclimb 承載量與天數,警政署入山 / c_id=409 給里洛山(宜蘭縣-大同鄉),06 許可證可印天數printdays,NULL
"第12,49列",S2c Fixedclimb 承載量與天數,警政署入山 / c_id=409 給里洛山(宜蘭縣-大同鄉),07 是否雪季路線issnow,0
"第12,49列",S2c Fixedclimb 承載量與天數,警政署入山 / c_id=409 給里洛山(宜蘭縣-大同鄉),08 人數檢查teamscountchk,NULL
"第12,49列",S2c Fixedclimb 承載量與天數,警政署入山 / c_id=410 莫很(宜蘭縣-南澳鄉),01 假日承載量holidaynum,NULL
"第12,49列",S2c Fixedclimb 承載量與天數,警政署入山 / c_id=410 莫很(宜蘭縣-南澳鄉),02 平日承載量generalnum,NULL
"第12,49列",S2c Fixedclimb 承載量與天數,警政署入山 / c_id=410 莫很(宜蘭縣-南澳鄉),03 天數下限sumdaymin,1
"第12,49列",S2c Fixedclimb 承載量與天數,警政署入山 / c_id=410 莫很(宜蘭縣-南澳鄉),04 天數上限sumdaymax,1
"第12,49列",S2c Fixedclimb 承載量與天數,警政署入山 / c_id=410 莫很(宜蘭縣-南澳鄉),05 是否抽籤IsDraw,0
"第12,49列",S2c Fixedclimb 承載量與天數,警政署入山 / c_id=410 莫很(宜蘭縣-南澳鄉),06 許可證可印天數printdays,NULL
"第12,49列",S2c Fixedclimb 承載量與天數,警政署入山 / c_id=410 莫很(宜蘭縣-南澳鄉),07 是否雪季路線issnow,0
"第12,49列",S2c Fixedclimb 承載量與天數,警政署入山 / c_id=410 莫很(宜蘭縣-南澳鄉),08 人數檢查teamscountchk,NULL
"第12,49列",S2c Fixedclimb 承載量與天數,警政署入山 / c_id=411 碧侯村(宜蘭縣-南澳鄉),01 假日承載量holidaynum,NULL
"第12,49列",S2c Fixedclimb 承載量與天數,警政署入山 / c_id=411 碧侯村(宜蘭縣-南澳鄉),02 平日承載量generalnum,NULL
"第12,49列",S2c Fixedclimb 承載量與天數,警政署入山 / c_id=411 碧侯村(宜蘭縣-南澳鄉),03 天數下限sumdaymin,1
"第12,49列",S2c Fixedclimb 承載量與天數,警政署入山 / c_id=411 碧侯村(宜蘭縣-南澳鄉),04 天數上限sumdaymax,1
"第12,49列",S2c Fixedclimb 承載量與天數,警政署入山 / c_id=411 碧侯村(宜蘭縣-南澳鄉),05 是否抽籤IsDraw,0
"第12,49列",S2c Fixedclimb 承載量與天數,警政署入山 / c_id=411 碧侯村(宜蘭縣-南澳鄉),06 許可證可印天數printdays,NULL
"第12,49列",S2c Fixedclimb 承載量與天數,警政署入山 / c_id=411 碧侯村(宜蘭縣-南澳鄉),07 是否雪季路線issnow,0
"第12,49列",S2c Fixedclimb 承載量與天數,警政署入山 / c_id=411 碧侯村(宜蘭縣-南澳鄉),08 人數檢查teamscountchk,NULL
"第12,49列",S2c Fixedclimb 承載量與天數,警政署入山 / c_id=412 和平溪上游(宜蘭縣-南澳鄉),01 假日承載量holidaynum,NULL
"第12,49列",S2c Fixedclimb 承載量與天數,警政署入山 / c_id=412 和平溪上游(宜蘭縣-南澳鄉),02 平日承載量generalnum,NULL
"第12,49列",S2c Fixedclimb 承載量與天數,警政署入山 / c_id=412 和平溪上游(宜蘭縣-南澳鄉),03 天數下限sumdaymin,1
"第12,49列",S2c Fixedclimb 承載量與天數,警政署入山 / c_id=412 和平溪上游(宜蘭縣-南澳鄉),04 天數上限sumdaymax,1
"第12,49列",S2c Fixedclimb 承載量與天數,警政署入山 / c_id=412 和平溪上游(宜蘭縣-南澳鄉),05 是否抽籤IsDraw,0
"第12,49列",S2c Fixedclimb 承載量與天數,警政署入山 / c_id=412 和平溪上游(宜蘭縣-南澳鄉),06 許可證可印天數printdays,NULL
"第12,49列",S2c Fixedclimb 承載量與天數,警政署入山 / c_id=412 和平溪上游(宜蘭縣-南澳鄉),07 是否雪季路線issnow,0
"第12,49列",S2c Fixedclimb 承載量與天數,警政署入山 / c_id=412 和平溪上游(宜蘭縣-南澳鄉),08 人數檢查teamscountchk,NULL
"第12,49列",S2c Fixedclimb 承載量與天數,警政署入山 / c_id=413 舊武塔(宜蘭縣-南澳鄉),01 假日承載量holidaynum,NULL
"第12,49列",S2c Fixedclimb 承載量與天數,警政署入山 / c_id=413 舊武塔(宜蘭縣-南澳鄉),02 平日承載量generalnum,NULL
"第12,49列",S2c Fixedclimb 承載量與天數,警政署入山 / c_id=413 舊武塔(宜蘭縣-南澳鄉),03 天數下限sumdaymin,1
"第12,49列",S2c Fixedclimb 承載量與天數,警政署入山 / c_id=413 舊武塔(宜蘭縣-南澳鄉),04 天數上限sumdaymax,1
"第12,49列",S2c Fixedclimb 承載量與天數,警政署入山 / c_id=413 舊武塔(宜蘭縣-南澳鄉),05 是否抽籤IsDraw,0
"第12,49列",S2c Fixedclimb 承載量與天數,警政署入山 / c_id=413 舊武塔(宜蘭縣-南澳鄉),06 許可證可印天數printdays,NULL
"第12,49列",S2c Fixedclimb 承載量與天數,警政署入山 / c_id=413 舊武塔(宜蘭縣-南澳鄉),07 是否雪季路線issnow,0
"第12,49列",S2c Fixedclimb 承載量與天數,警政署入山 / c_id=413 舊武塔(宜蘭縣-南澳鄉),08 人數檢查teamscountchk,NULL
"第12,49列",S2c Fixedclimb 承載量與天數,警政署入山 / c_id=414 富太山(宜蘭縣-南澳鄉),01 假日承載量holidaynum,NULL
"第12,49列",S2c Fixedclimb 承載量與天數,警政署入山 / c_id=414 富太山(宜蘭縣-南澳鄉),02 平日承載量generalnum,NULL
"第12,49列",S2c Fixedclimb 承載量與天數,警政署入山 / c_id=414 富太山(宜蘭縣-南澳鄉),03 天數下限sumdaymin,1
"第12,49列",S2c Fixedclimb 承載量與天數,警政署入山 / c_id=414 富太山(宜蘭縣-南澳鄉),04 天數上限sumdaymax,1
"第12,49列",S2c Fixedclimb 承載量與天數,警政署入山 / c_id=414 富太山(宜蘭縣-南澳鄉),05 是否抽籤IsDraw,0
"第12,49列",S2c Fixedclimb 承載量與天數,警政署入山 / c_id=414 富太山(宜蘭縣-南澳鄉),06 許可證可印天數printdays,NULL
"第12,49列",S2c Fixedclimb 承載量與天數,警政署入山 / c_id=414 富太山(宜蘭縣-南澳鄉),07 是否雪季路線issnow,0
"第12,49列",S2c Fixedclimb 承載量與天數,警政署入山 / c_id=414 富太山(宜蘭縣-南澳鄉),08 人數檢查teamscountchk,NULL
"第12,49列",S2c Fixedclimb 承載量與天數,警政署入山 / c_id=415 金岳村(宜蘭縣-南澳鄉),01 假日承載量holidaynum,NULL
"第12,49列",S2c Fixedclimb 承載量與天數,警政署入山 / c_id=415 金岳村(宜蘭縣-南澳鄉),02 平日承載量generalnum,NULL
"第12,49列",S2c Fixedclimb 承載量與天數,警政署入山 / c_id=415 金岳村(宜蘭縣-南澳鄉),03 天數下限sumdaymin,1
"第12,49列",S2c Fixedclimb 承載量與天數,警政署入山 / c_id=415 金岳村(宜蘭縣-南澳鄉),04 天數上限sumdaymax,1
"第12,49列",S2c Fixedclimb 承載量與天數,警政署入山 / c_id=415 金岳村(宜蘭縣-南澳鄉),05 是否抽籤IsDraw,0
"第12,49列",S2c Fixedclimb 承載量與天數,警政署入山 / c_id=415 金岳村(宜蘭縣-南澳鄉),06 許可證可印天數printdays,NULL
"第12,49列",S2c Fixedclimb 承載量與天數,警政署入山 / c_id=415 金岳村(宜蘭縣-南澳鄉),07 是否雪季路線issnow,0
"第12,49列",S2c Fixedclimb 承載量與天數,警政署入山 / c_id=415 金岳村(宜蘭縣-南澳鄉),08 人數檢查teamscountchk,NULL
"第12,49列",S2c Fixedclimb 承載量與天數,警政署入山 / c_id=416 神秘湖(宜蘭縣-南澳鄉),01 假日承載量holidaynum,NULL
"第12,49列",S2c Fixedclimb 承載量與天數,警政署入山 / c_id=416 神秘湖(宜蘭縣-南澳鄉),02 平日承載量generalnum,NULL
"第12,49列",S2c Fixedclimb 承載量與天數,警政署入山 / c_id=416 神秘湖(宜蘭縣-南澳鄉),03 天數下限sumdaymin,1
"第12,49列",S2c Fixedclimb 承載量與天數,警政署入山 / c_id=416 神秘湖(宜蘭縣-南澳鄉),04 天數上限sumdaymax,1
"第12,49列",S2c Fixedclimb 承載量與天數,警政署入山 / c_id=416 神秘湖(宜蘭縣-南澳鄉),05 是否抽籤IsDraw,0
"第12,49列",S2c Fixedclimb 承載量與天數,警政署入山 / c_id=416 神秘湖(宜蘭縣-南澳鄉),06 許可證可印天數printdays,NULL
"第12,49列",S2c Fixedclimb 承載量與天數,警政署入山 / c_id=416 神秘湖(宜蘭縣-南澳鄉),07 是否雪季路線issnow,0
"第12,49列",S2c Fixedclimb 承載量與天數,警政署入山 / c_id=416 神秘湖(宜蘭縣-南澳鄉),08 人數檢查teamscountchk,NULL
"第12,49列",S2c Fixedclimb 承載量與天數,警政署入山 / c_id=417 飯包山(宜蘭縣-南澳鄉),01 假日承載量holidaynum,NULL
"第12,49列",S2c Fixedclimb 承載量與天數,警政署入山 / c_id=417 飯包山(宜蘭縣-南澳鄉),02 平日承載量generalnum,NULL
"第12,49列",S2c Fixedclimb 承載量與天數,警政署入山 / c_id=417 飯包山(宜蘭縣-南澳鄉),03 天數下限sumdaymin,1
"第12,49列",S2c Fixedclimb 承載量與天數,警政署入山 / c_id=417 飯包山(宜蘭縣-南澳鄉),04 天數上限sumdaymax,1
"第12,49列",S2c Fixedclimb 承載量與天數,警政署入山 / c_id=417 飯包山(宜蘭縣-南澳鄉),05 是否抽籤IsDraw,0
"第12,49列",S2c Fixedclimb 承載量與天數,警政署入山 / c_id=417 飯包山(宜蘭縣-南澳鄉),06 許可證可印天數printdays,NULL
"第12,49列",S2c Fixedclimb 承載量與天數,警政署入山 / c_id=417 飯包山(宜蘭縣-南澳鄉),07 是否雪季路線issnow,0
"第12,49列",S2c Fixedclimb 承載量與天數,警政署入山 / c_id=417 飯包山(宜蘭縣-南澳鄉),08 人數檢查teamscountchk,NULL
"第12,49列",S2c Fixedclimb 承載量與天數,警政署入山 / c_id=418 金洋村(宜蘭縣-南澳鄉),01 假日承載量holidaynum,NULL
"第12,49列",S2c Fixedclimb 承載量與天數,警政署入山 / c_id=418 金洋村(宜蘭縣-南澳鄉),02 平日承載量generalnum,NULL
"第12,49列",S2c Fixedclimb 承載量與天數,警政署入山 / c_id=418 金洋村(宜蘭縣-南澳鄉),03 天數下限sumdaymin,1
"第12,49列",S2c Fixedclimb 承載量與天數,警政署入山 / c_id=418 金洋村(宜蘭縣-南澳鄉),04 天數上限sumdaymax,1
"第12,49列",S2c Fixedclimb 承載量與天數,警政署入山 / c_id=418 金洋村(宜蘭縣-南澳鄉),05 是否抽籤IsDraw,0
"第12,49列",S2c Fixedclimb 承載量與天數,警政署入山 / c_id=418 金洋村(宜蘭縣-南澳鄉),06 許可證可印天數printdays,NULL
"第12,49列",S2c Fixedclimb 承載量與天數,警政署入山 / c_id=418 金洋村(宜蘭縣-南澳鄉),07 是否雪季路線issnow,0
"第12,49列",S2c Fixedclimb 承載量與天數,警政署入山 / c_id=418 金洋村(宜蘭縣-南澳鄉),08 人數檢查teamscountchk,NULL
"第12,49列",S2c Fixedclimb 承載量與天數,警政署入山 / c_id=419 西德山(宜蘭縣-南澳鄉),01 假日承載量holidaynum,NULL
"第12,49列",S2c Fixedclimb 承載量與天數,警政署入山 / c_id=419 西德山(宜蘭縣-南澳鄉),02 平日承載量generalnum,NULL
"第12,49列",S2c Fixedclimb 承載量與天數,警政署入山 / c_id=419 西德山(宜蘭縣-南澳鄉),03 天數下限sumdaymin,1
"第12,49列",S2c Fixedclimb 承載量與天數,警政署入山 / c_id=419 西德山(宜蘭縣-南澳鄉),04 天數上限sumdaymax,1
"第12,49列",S2c Fixedclimb 承載量與天數,警政署入山 / c_id=419 西德山(宜蘭縣-南澳鄉),05 是否抽籤IsDraw,0
"第12,49列",S2c Fixedclimb 承載量與天數,警政署入山 / c_id=419 西德山(宜蘭縣-南澳鄉),06 許可證可印天數printdays,NULL
"第12,49列",S2c Fixedclimb 承載量與天數,警政署入山 / c_id=419 西德山(宜蘭縣-南澳鄉),07 是否雪季路線issnow,0
"第12,49列",S2c Fixedclimb 承載量與天數,警政署入山 / c_id=419 西德山(宜蘭縣-南澳鄉),08 人數檢查teamscountchk,NULL
"第12,49列",S2c Fixedclimb 承載量與天數,警政署入山 / c_id=420 比亞毫(宜蘭縣-南澳鄉),01 假日承載量holidaynum,NULL
"第12,49列",S2c Fixedclimb 承載量與天數,警政署入山 / c_id=420 比亞毫(宜蘭縣-南澳鄉),02 平日承載量generalnum,NULL
"第12,49列",S2c Fixedclimb 承載量與天數,警政署入山 / c_id=420 比亞毫(宜蘭縣-南澳鄉),03 天數下限sumdaymin,1
"第12,49列",S2c Fixedclimb 承載量與天數,警政署入山 / c_id=420 比亞毫(宜蘭縣-南澳鄉),04 天數上限sumdaymax,1
"第12,49列",S2c Fixedclimb 承載量與天數,警政署入山 / c_id=420 比亞毫(宜蘭縣-南澳鄉),05 是否抽籤IsDraw,0
"第12,49列",S2c Fixedclimb 承載量與天數,警政署入山 / c_id=420 比亞毫(宜蘭縣-南澳鄉),06 許可證可印天數printdays,NULL
"第12,49列",S2c Fixedclimb 承載量與天數,警政署入山 / c_id=420 比亞毫(宜蘭縣-南澳鄉),07 是否雪季路線issnow,0
"第12,49列",S2c Fixedclimb 承載量與天數,警政署入山 / c_id=420 比亞毫(宜蘭縣-南澳鄉),08 人數檢查teamscountchk,NULL
"第12,49列",S2c Fixedclimb 承載量與天數,警政署入山 / c_id=421 太平山(宜蘭縣-南澳鄉),01 假日承載量holidaynum,NULL
"第12,49列",S2c Fixedclimb 承載量與天數,警政署入山 / c_id=421 太平山(宜蘭縣-南澳鄉),02 平日承載量generalnum,NULL
"第12,49列",S2c Fixedclimb 承載量與天數,警政署入山 / c_id=421 太平山(宜蘭縣-南澳鄉),03 天數下限sumdaymin,1
"第12,49列",S2c Fixedclimb 承載量與天數,警政署入山 / c_id=421 太平山(宜蘭縣-南澳鄉),04 天數上限sumdaymax,1
"第12,49列",S2c Fixedclimb 承載量與天數,警政署入山 / c_id=421 太平山(宜蘭縣-南澳鄉),05 是否抽籤IsDraw,0
"第12,49列",S2c Fixedclimb 承載量與天數,警政署入山 / c_id=421 太平山(宜蘭縣-南澳鄉),06 許可證可印天數printdays,NULL
"第12,49列",S2c Fixedclimb 承載量與天數,警政署入山 / c_id=421 太平山(宜蘭縣-南澳鄉),07 是否雪季路線issnow,0
"第12,49列",S2c Fixedclimb 承載量與天數,警政署入山 / c_id=421 太平山(宜蘭縣-南澳鄉),08 人數檢查teamscountchk,NULL
"第12,49列",S2c Fixedclimb 承載量與天數,警政署入山 / c_id=422 三星山(宜蘭縣-南澳鄉),01 假日承載量holidaynum,NULL
"第12,49列",S2c Fixedclimb 承載量與天數,警政署入山 / c_id=422 三星山(宜蘭縣-南澳鄉),02 平日承載量generalnum,NULL
"第12,49列",S2c Fixedclimb 承載量與天數,警政署入山 / c_id=422 三星山(宜蘭縣-南澳鄉),03 天數下限sumdaymin,1
"第12,49列",S2c Fixedclimb 承載量與天數,警政署入山 / c_id=422 三星山(宜蘭縣-南澳鄉),04 天數上限sumdaymax,1
"第12,49列",S2c Fixedclimb 承載量與天數,警政署入山 / c_id=422 三星山(宜蘭縣-南澳鄉),05 是否抽籤IsDraw,0
"第12,49列",S2c Fixedclimb 承載量與天數,警政署入山 / c_id=422 三星山(宜蘭縣-南澳鄉),06 許可證可印天數printdays,NULL
"第12,49列",S2c Fixedclimb 承載量與天數,警政署入山 / c_id=422 三星山(宜蘭縣-南澳鄉),07 是否雪季路線issnow,0
"第12,49列",S2c Fixedclimb 承載量與天數,警政署入山 / c_id=422 三星山(宜蘭縣-南澳鄉),08 人數檢查teamscountchk,NULL
"第12,49列",S2c Fixedclimb 承載量與天數,警政署入山 / c_id=423 碧侯溫泉(宜蘭縣-南澳鄉),01 假日承載量holidaynum,NULL
"第12,49列",S2c Fixedclimb 承載量與天數,警政署入山 / c_id=423 碧侯溫泉(宜蘭縣-南澳鄉),02 平日承載量generalnum,NULL
"第12,49列",S2c Fixedclimb 承載量與天數,警政署入山 / c_id=423 碧侯溫泉(宜蘭縣-南澳鄉),03 天數下限sumdaymin,1
"第12,49列",S2c Fixedclimb 承載量與天數,警政署入山 / c_id=423 碧侯溫泉(宜蘭縣-南澳鄉),04 天數上限sumdaymax,1
"第12,49列",S2c Fixedclimb 承載量與天數,警政署入山 / c_id=423 碧侯溫泉(宜蘭縣-南澳鄉),05 是否抽籤IsDraw,0
"第12,49列",S2c Fixedclimb 承載量與天數,警政署入山 / c_id=423 碧侯溫泉(宜蘭縣-南澳鄉),06 許可證可印天數printdays,NULL
"第12,49列",S2c Fixedclimb 承載量與天數,警政署入山 / c_id=423 碧侯溫泉(宜蘭縣-南澳鄉),07 是否雪季路線issnow,0
"第12,49列",S2c Fixedclimb 承載量與天數,警政署入山 / c_id=423 碧侯溫泉(宜蘭縣-南澳鄉),08 人數檢查teamscountchk,NULL
"第12,49列",S2c Fixedclimb 承載量與天數,警政署入山 / c_id=424 四季(宜蘭縣-大同鄉),01 假日承載量holidaynum,NULL
"第12,49列",S2c Fixedclimb 承載量與天數,警政署入山 / c_id=424 四季(宜蘭縣-大同鄉),02 平日承載量generalnum,NULL
"第12,49列",S2c Fixedclimb 承載量與天數,警政署入山 / c_id=424 四季(宜蘭縣-大同鄉),03 天數下限sumdaymin,1
"第12,49列",S2c Fixedclimb 承載量與天數,警政署入山 / c_id=424 四季(宜蘭縣-大同鄉),04 天數上限sumdaymax,1
"第12,49列",S2c Fixedclimb 承載量與天數,警政署入山 / c_id=424 四季(宜蘭縣-大同鄉),05 是否抽籤IsDraw,0
"第12,49列",S2c Fixedclimb 承載量與天數,警政署入山 / c_id=424 四季(宜蘭縣-大同鄉),06 許可證可印天數printdays,NULL
"第12,49列",S2c Fixedclimb 承載量與天數,警政署入山 / c_id=424 四季(宜蘭縣-大同鄉),07 是否雪季路線issnow,0
"第12,49列",S2c Fixedclimb 承載量與天數,警政署入山 / c_id=424 四季(宜蘭縣-大同鄉),08 人數檢查teamscountchk,NULL
"第12,49列",S2c Fixedclimb 承載量與天數,警政署入山 / c_id=425 澳花瀑布(宜蘭縣-南澳鄉),01 假日承載量holidaynum,NULL
"第12,49列",S2c Fixedclimb 承載量與天數,警政署入山 / c_id=425 澳花瀑布(宜蘭縣-南澳鄉),02 平日承載量generalnum,NULL
"第12,49列",S2c Fixedclimb 承載量與天數,警政署入山 / c_id=425 澳花瀑布(宜蘭縣-南澳鄉),03 天數下限sumdaymin,1
"第12,49列",S2c Fixedclimb 承載量與天數,警政署入山 / c_id=425 澳花瀑布(宜蘭縣-南澳鄉),04 天數上限sumdaymax,1
"第12,49列",S2c Fixedclimb 承載量與天數,警政署入山 / c_id=425 澳花瀑布(宜蘭縣-南澳鄉),05 是否抽籤IsDraw,0
"第12,49列",S2c Fixedclimb 承載量與天數,警政署入山 / c_id=425 澳花瀑布(宜蘭縣-南澳鄉),06 許可證可印天數printdays,NULL
"第12,49列",S2c Fixedclimb 承載量與天數,警政署入山 / c_id=425 澳花瀑布(宜蘭縣-南澳鄉),07 是否雪季路線issnow,0
"第12,49列",S2c Fixedclimb 承載量與天數,警政署入山 / c_id=425 澳花瀑布(宜蘭縣-南澳鄉),08 人數檢查teamscountchk,NULL
"第12,49列",S2c Fixedclimb 承載量與天數,警政署入山 / c_id=426 金岳瀑布(宜蘭縣-南澳鄉),01 假日承載量holidaynum,NULL
"第12,49列",S2c Fixedclimb 承載量與天數,警政署入山 / c_id=426 金岳瀑布(宜蘭縣-南澳鄉),02 平日承載量generalnum,NULL
"第12,49列",S2c Fixedclimb 承載量與天數,警政署入山 / c_id=426 金岳瀑布(宜蘭縣-南澳鄉),03 天數下限sumdaymin,1
"第12,49列",S2c Fixedclimb 承載量與天數,警政署入山 / c_id=426 金岳瀑布(宜蘭縣-南澳鄉),04 天數上限sumdaymax,1
"第12,49列",S2c Fixedclimb 承載量與天數,警政署入山 / c_id=426 金岳瀑布(宜蘭縣-南澳鄉),05 是否抽籤IsDraw,0
"第12,49列",S2c Fixedclimb 承載量與天數,警政署入山 / c_id=426 金岳瀑布(宜蘭縣-南澳鄉),06 許可證可印天數printdays,NULL
"第12,49列",S2c Fixedclimb 承載量與天數,警政署入山 / c_id=426 金岳瀑布(宜蘭縣-南澳鄉),07 是否雪季路線issnow,0
"第12,49列",S2c Fixedclimb 承載量與天數,警政署入山 / c_id=426 金岳瀑布(宜蘭縣-南澳鄉),08 人數檢查teamscountchk,NULL
"第12,49列",S2c Fixedclimb 承載量與天數,警政署入山 / c_id=427 西立斯山(宜蘭縣-大同鄉),01 假日承載量holidaynum,NULL
"第12,49列",S2c Fixedclimb 承載量與天數,警政署入山 / c_id=427 西立斯山(宜蘭縣-大同鄉),02 平日承載量generalnum,NULL
"第12,49列",S2c Fixedclimb 承載量與天數,警政署入山 / c_id=427 西立斯山(宜蘭縣-大同鄉),03 天數下限sumdaymin,1
"第12,49列",S2c Fixedclimb 承載量與天數,警政署入山 / c_id=427 西立斯山(宜蘭縣-大同鄉),04 天數上限sumdaymax,1
"第12,49列",S2c Fixedclimb 承載量與天數,警政署入山 / c_id=427 西立斯山(宜蘭縣-大同鄉),05 是否抽籤IsDraw,0
"第12,49列",S2c Fixedclimb 承載量與天數,警政署入山 / c_id=427 西立斯山(宜蘭縣-大同鄉),06 許可證可印天數printdays,NULL
"第12,49列",S2c Fixedclimb 承載量與天數,警政署入山 / c_id=427 西立斯山(宜蘭縣-大同鄉),07 是否雪季路線issnow,0
"第12,49列",S2c Fixedclimb 承載量與天數,警政署入山 / c_id=427 西立斯山(宜蘭縣-大同鄉),08 人數檢查teamscountchk,NULL
"第12,49列",S2c Fixedclimb 承載量與天數,警政署入山 / c_id=428 眉有岩山(宜蘭縣-大同鄉),01 假日承載量holidaynum,NULL
"第12,49列",S2c Fixedclimb 承載量與天數,警政署入山 / c_id=428 眉有岩山(宜蘭縣-大同鄉),02 平日承載量generalnum,NULL
"第12,49列",S2c Fixedclimb 承載量與天數,警政署入山 / c_id=428 眉有岩山(宜蘭縣-大同鄉),03 天數下限sumdaymin,1
"第12,49列",S2c Fixedclimb 承載量與天數,警政署入山 / c_id=428 眉有岩山(宜蘭縣-大同鄉),04 天數上限sumdaymax,1
"第12,49列",S2c Fixedclimb 承載量與天數,警政署入山 / c_id=428 眉有岩山(宜蘭縣-大同鄉),05 是否抽籤IsDraw,0
"第12,49列",S2c Fixedclimb 承載量與天數,警政署入山 / c_id=428 眉有岩山(宜蘭縣-大同鄉),06 許可證可印天數printdays,NULL
"第12,49列",S2c Fixedclimb 承載量與天數,警政署入山 / c_id=428 眉有岩山(宜蘭縣-大同鄉),07 是否雪季路線issnow,0
"第12,49列",S2c Fixedclimb 承載量與天數,警政署入山 / c_id=428 眉有岩山(宜蘭縣-大同鄉),08 人數檢查teamscountchk,NULL
"第12,49列",S2c Fixedclimb 承載量與天數,警政署入山 / c_id=429 160林道(宜蘭縣-大同鄉),01 假日承載量holidaynum,NULL
"第12,49列",S2c Fixedclimb 承載量與天數,警政署入山 / c_id=429 160林道(宜蘭縣-大同鄉),02 平日承載量generalnum,NULL
"第12,49列",S2c Fixedclimb 承載量與天數,警政署入山 / c_id=429 160林道(宜蘭縣-大同鄉),03 天數下限sumdaymin,1
"第12,49列",S2c Fixedclimb 承載量與天數,警政署入山 / c_id=429 160林道(宜蘭縣-大同鄉),04 天數上限sumdaymax,1
"第12,49列",S2c Fixedclimb 承載量與天數,警政署入山 / c_id=429 160林道(宜蘭縣-大同鄉),05 是否抽籤IsDraw,0
"第12,49列",S2c Fixedclimb 承載量與天數,警政署入山 / c_id=429 160林道(宜蘭縣-大同鄉),06 許可證可印天數printdays,NULL
"第12,49列",S2c Fixedclimb 承載量與天數,警政署入山 / c_id=429 160林道(宜蘭縣-大同鄉),07 是否雪季路線issnow,0
"第12,49列",S2c Fixedclimb 承載量與天數,警政署入山 / c_id=429 160林道(宜蘭縣-大同鄉),08 人數檢查teamscountchk,NULL
"第12,49列",S2c Fixedclimb 承載量與天數,警政署入山 / c_id=430 木瓜溪(花蓮縣-秀林鄉):禁止入山,01 假日承載量holidaynum,NULL
"第12,49列",S2c Fixedclimb 承載量與天數,警政署入山 / c_id=430 木瓜溪(花蓮縣-秀林鄉):禁止入山,02 平日承載量generalnum,NULL
"第12,49列",S2c Fixedclimb 承載量與天數,警政署入山 / c_id=430 木瓜溪(花蓮縣-秀林鄉):禁止入山,03 天數下限sumdaymin,1
"第12,49列",S2c Fixedclimb 承載量與天數,警政署入山 / c_id=430 木瓜溪(花蓮縣-秀林鄉):禁止入山,04 天數上限sumdaymax,1
"第12,49列",S2c Fixedclimb 承載量與天數,警政署入山 / c_id=430 木瓜溪(花蓮縣-秀林鄉):禁止入山,05 是否抽籤IsDraw,0
"第12,49列",S2c Fixedclimb 承載量與天數,警政署入山 / c_id=430 木瓜溪(花蓮縣-秀林鄉):禁止入山,06 許可證可印天數printdays,NULL
"第12,49列",S2c Fixedclimb 承載量與天數,警政署入山 / c_id=430 木瓜溪(花蓮縣-秀林鄉):禁止入山,07 是否雪季路線issnow,0
"第12,49列",S2c Fixedclimb 承載量與天數,警政署入山 / c_id=430 木瓜溪(花蓮縣-秀林鄉):禁止入山,08 人數檢查teamscountchk,NULL
"第12,49列",S2c Fixedclimb 承載量與天數,警政署入山 / c_id=431 龍澗(花蓮縣-秀林鄉):禁止入山,01 假日承載量holidaynum,NULL
"第12,49列",S2c Fixedclimb 承載量與天數,警政署入山 / c_id=431 龍澗(花蓮縣-秀林鄉):禁止入山,02 平日承載量generalnum,NULL
"第12,49列",S2c Fixedclimb 承載量與天數,警政署入山 / c_id=431 龍澗(花蓮縣-秀林鄉):禁止入山,03 天數下限sumdaymin,1
"第12,49列",S2c Fixedclimb 承載量與天數,警政署入山 / c_id=431 龍澗(花蓮縣-秀林鄉):禁止入山,04 天數上限sumdaymax,1
"第12,49列",S2c Fixedclimb 承載量與天數,警政署入山 / c_id=431 龍澗(花蓮縣-秀林鄉):禁止入山,05 是否抽籤IsDraw,0
"第12,49列",S2c Fixedclimb 承載量與天數,警政署入山 / c_id=431 龍澗(花蓮縣-秀林鄉):禁止入山,06 許可證可印天數printdays,NULL
"第12,49列",S2c Fixedclimb 承載量與天數,警政署入山 / c_id=431 龍澗(花蓮縣-秀林鄉):禁止入山,07 是否雪季路線issnow,0
"第12,49列",S2c Fixedclimb 承載量與天數,警政署入山 / c_id=431 龍澗(花蓮縣-秀林鄉):禁止入山,08 人數檢查teamscountchk,NULL
"第12,49列",S2c Fixedclimb 承載量與天數,警政署入山 / c_id=432 銅門村(花蓮縣-秀林鄉),01 假日承載量holidaynum,NULL
"第12,49列",S2c Fixedclimb 承載量與天數,警政署入山 / c_id=432 銅門村(花蓮縣-秀林鄉),02 平日承載量generalnum,NULL
"第12,49列",S2c Fixedclimb 承載量與天數,警政署入山 / c_id=432 銅門村(花蓮縣-秀林鄉),03 天數下限sumdaymin,1
"第12,49列",S2c Fixedclimb 承載量與天數,警政署入山 / c_id=432 銅門村(花蓮縣-秀林鄉),04 天數上限sumdaymax,1
"第12,49列",S2c Fixedclimb 承載量與天數,警政署入山 / c_id=432 銅門村(花蓮縣-秀林鄉),05 是否抽籤IsDraw,0
"第12,49列",S2c Fixedclimb 承載量與天數,警政署入山 / c_id=432 銅門村(花蓮縣-秀林鄉),06 許可證可印天數printdays,NULL
"第12,49列",S2c Fixedclimb 承載量與天數,警政署入山 / c_id=432 銅門村(花蓮縣-秀林鄉),07 是否雪季路線issnow,0
"第12,49列",S2c Fixedclimb 承載量與天數,警政署入山 / c_id=432 銅門村(花蓮縣-秀林鄉),08 人數檢查teamscountchk,NULL
"第12,49列",S2c Fixedclimb 承載量與天數,警政署入山 / c_id=433 清水溪上游(花蓮縣-秀林鄉):禁止入山,01 假日承載量holidaynum,NULL
"第12,49列",S2c Fixedclimb 承載量與天數,警政署入山 / c_id=433 清水溪上游(花蓮縣-秀林鄉):禁止入山,02 平日承載量generalnum,NULL
"第12,49列",S2c Fixedclimb 承載量與天數,警政署入山 / c_id=433 清水溪上游(花蓮縣-秀林鄉):禁止入山,03 天數下限sumdaymin,1
"第12,49列",S2c Fixedclimb 承載量與天數,警政署入山 / c_id=433 清水溪上游(花蓮縣-秀林鄉):禁止入山,04 天數上限sumdaymax,1
"第12,49列",S2c Fixedclimb 承載量與天數,警政署入山 / c_id=433 清水溪上游(花蓮縣-秀林鄉):禁止入山,05 是否抽籤IsDraw,0
"第12,49列",S2c Fixedclimb 承載量與天數,警政署入山 / c_id=433 清水溪上游(花蓮縣-秀林鄉):禁止入山,06 許可證可印天數printdays,NULL
"第12,49列",S2c Fixedclimb 承載量與天數,警政署入山 / c_id=433 清水溪上游(花蓮縣-秀林鄉):禁止入山,07 是否雪季路線issnow,0
"第12,49列",S2c Fixedclimb 承載量與天數,警政署入山 / c_id=433 清水溪上游(花蓮縣-秀林鄉):禁止入山,08 人數檢查teamscountchk,NULL
"第12,49列",S2c Fixedclimb 承載量與天數,警政署入山 / c_id=434 六順山(花蓮縣-萬榮鄉),01 假日承載量holidaynum,NULL
"第12,49列",S2c Fixedclimb 承載量與天數,警政署入山 / c_id=434 六順山(花蓮縣-萬榮鄉),02 平日承載量generalnum,NULL
"第12,49列",S2c Fixedclimb 承載量與天數,警政署入山 / c_id=434 六順山(花蓮縣-萬榮鄉),03 天數下限sumdaymin,1
"第12,49列",S2c Fixedclimb 承載量與天數,警政署入山 / c_id=434 六順山(花蓮縣-萬榮鄉),04 天數上限sumdaymax,1
"第12,49列",S2c Fixedclimb 承載量與天數,警政署入山 / c_id=434 六順山(花蓮縣-萬榮鄉),05 是否抽籤IsDraw,0
"第12,49列",S2c Fixedclimb 承載量與天數,警政署入山 / c_id=434 六順山(花蓮縣-萬榮鄉),06 許可證可印天數printdays,NULL
"第12,49列",S2c Fixedclimb 承載量與天數,警政署入山 / c_id=434 六順山(花蓮縣-萬榮鄉),07 是否雪季路線issnow,0
"第12,49列",S2c Fixedclimb 承載量與天數,警政署入山 / c_id=434 六順山(花蓮縣-萬榮鄉),08 人數檢查teamscountchk,NULL
"第12,49列",S2c Fixedclimb 承載量與天數,警政署入山 / c_id=435 太平溪谷(花蓮縣-萬榮鄉),01 假日承載量holidaynum,NULL
"第12,49列",S2c Fixedclimb 承載量與天數,警政署入山 / c_id=435 太平溪谷(花蓮縣-萬榮鄉),02 平日承載量generalnum,NULL
"第12,49列",S2c Fixedclimb 承載量與天數,警政署入山 / c_id=435 太平溪谷(花蓮縣-萬榮鄉),03 天數下限sumdaymin,1
"第12,49列",S2c Fixedclimb 承載量與天數,警政署入山 / c_id=435 太平溪谷(花蓮縣-萬榮鄉),04 天數上限sumdaymax,1
"第12,49列",S2c Fixedclimb 承載量與天數,警政署入山 / c_id=435 太平溪谷(花蓮縣-萬榮鄉),05 是否抽籤IsDraw,0
"第12,49列",S2c Fixedclimb 承載量與天數,警政署入山 / c_id=435 太平溪谷(花蓮縣-萬榮鄉),06 許可證可印天數printdays,NULL
"第12,49列",S2c Fixedclimb 承載量與天數,警政署入山 / c_id=435 太平溪谷(花蓮縣-萬榮鄉),07 是否雪季路線issnow,0
"第12,49列",S2c Fixedclimb 承載量與天數,警政署入山 / c_id=435 太平溪谷(花蓮縣-萬榮鄉),08 人數檢查teamscountchk,NULL
"第12,49列",S2c Fixedclimb 承載量與天數,警政署入山 / c_id=436 二子山溫泉(花蓮縣-萬榮鄉),01 假日承載量holidaynum,NULL
"第12,49列",S2c Fixedclimb 承載量與天數,警政署入山 / c_id=436 二子山溫泉(花蓮縣-萬榮鄉),02 平日承載量generalnum,NULL
"第12,49列",S2c Fixedclimb 承載量與天數,警政署入山 / c_id=436 二子山溫泉(花蓮縣-萬榮鄉),03 天數下限sumdaymin,1
"第12,49列",S2c Fixedclimb 承載量與天數,警政署入山 / c_id=436 二子山溫泉(花蓮縣-萬榮鄉),04 天數上限sumdaymax,1
"第12,49列",S2c Fixedclimb 承載量與天數,警政署入山 / c_id=436 二子山溫泉(花蓮縣-萬榮鄉),05 是否抽籤IsDraw,0
"第12,49列",S2c Fixedclimb 承載量與天數,警政署入山 / c_id=436 二子山溫泉(花蓮縣-萬榮鄉),06 許可證可印天數printdays,NULL
"第12,49列",S2c Fixedclimb 承載量與天數,警政署入山 / c_id=436 二子山溫泉(花蓮縣-萬榮鄉),07 是否雪季路線issnow,0
"第12,49列",S2c Fixedclimb 承載量與天數,警政署入山 / c_id=436 二子山溫泉(花蓮縣-萬榮鄉),08 人數檢查teamscountchk,NULL
"第12,49列",S2c Fixedclimb 承載量與天數,警政署入山 / c_id=437 白石山(花蓮縣-萬榮鄉),01 假日承載量holidaynum,NULL
"第12,49列",S2c Fixedclimb 承載量與天數,警政署入山 / c_id=437 白石山(花蓮縣-萬榮鄉),02 平日承載量generalnum,NULL
"第12,49列",S2c Fixedclimb 承載量與天數,警政署入山 / c_id=437 白石山(花蓮縣-萬榮鄉),03 天數下限sumdaymin,1
"第12,49列",S2c Fixedclimb 承載量與天數,警政署入山 / c_id=437 白石山(花蓮縣-萬榮鄉),04 天數上限sumdaymax,1
"第12,49列",S2c Fixedclimb 承載量與天數,警政署入山 / c_id=437 白石山(花蓮縣-萬榮鄉),05 是否抽籤IsDraw,0
"第12,49列",S2c Fixedclimb 承載量與天數,警政署入山 / c_id=437 白石山(花蓮縣-萬榮鄉),06 許可證可印天數printdays,NULL
"第12,49列",S2c Fixedclimb 承載量與天數,警政署入山 / c_id=437 白石山(花蓮縣-萬榮鄉),07 是否雪季路線issnow,0
"第12,49列",S2c Fixedclimb 承載量與天數,警政署入山 / c_id=437 白石山(花蓮縣-萬榮鄉),08 人數檢查teamscountchk,NULL
"第12,49列",S2c Fixedclimb 承載量與天數,警政署入山 / c_id=438 西林林道(花蓮縣-萬榮鄉),01 假日承載量holidaynum,NULL
"第12,49列",S2c Fixedclimb 承載量與天數,警政署入山 / c_id=438 西林林道(花蓮縣-萬榮鄉),02 平日承載量generalnum,NULL
"第12,49列",S2c Fixedclimb 承載量與天數,警政署入山 / c_id=438 西林林道(花蓮縣-萬榮鄉),03 天數下限sumdaymin,1
"第12,49列",S2c Fixedclimb 承載量與天數,警政署入山 / c_id=438 西林林道(花蓮縣-萬榮鄉),04 天數上限sumdaymax,1
"第12,49列",S2c Fixedclimb 承載量與天數,警政署入山 / c_id=438 西林林道(花蓮縣-萬榮鄉),05 是否抽籤IsDraw,0
"第12,49列",S2c Fixedclimb 承載量與天數,警政署入山 / c_id=438 西林林道(花蓮縣-萬榮鄉),06 許可證可印天數printdays,NULL
"第12,49列",S2c Fixedclimb 承載量與天數,警政署入山 / c_id=438 西林林道(花蓮縣-萬榮鄉),07 是否雪季路線issnow,0
"第12,49列",S2c Fixedclimb 承載量與天數,警政署入山 / c_id=438 西林林道(花蓮縣-萬榮鄉),08 人數檢查teamscountchk,NULL
"第12,49列",S2c Fixedclimb 承載量與天數,警政署入山 / c_id=439 安東軍山(花蓮縣-萬榮鄉),01 假日承載量holidaynum,NULL
"第12,49列",S2c Fixedclimb 承載量與天數,警政署入山 / c_id=439 安東軍山(花蓮縣-萬榮鄉),02 平日承載量generalnum,NULL
"第12,49列",S2c Fixedclimb 承載量與天數,警政署入山 / c_id=439 安東軍山(花蓮縣-萬榮鄉),03 天數下限sumdaymin,1
"第12,49列",S2c Fixedclimb 承載量與天數,警政署入山 / c_id=439 安東軍山(花蓮縣-萬榮鄉),04 天數上限sumdaymax,1
"第12,49列",S2c Fixedclimb 承載量與天數,警政署入山 / c_id=439 安東軍山(花蓮縣-萬榮鄉),05 是否抽籤IsDraw,0
"第12,49列",S2c Fixedclimb 承載量與天數,警政署入山 / c_id=439 安東軍山(花蓮縣-萬榮鄉),06 許可證可印天數printdays,NULL
"第12,49列",S2c Fixedclimb 承載量與天數,警政署入山 / c_id=439 安東軍山(花蓮縣-萬榮鄉),07 是否雪季路線issnow,0
"第12,49列",S2c Fixedclimb 承載量與天數,警政署入山 / c_id=439 安東軍山(花蓮縣-萬榮鄉),08 人數檢查teamscountchk,NULL
"第12,49列",S2c Fixedclimb 承載量與天數,警政署入山 / c_id=440 光復林道(花蓮縣-萬榮鄉),01 假日承載量holidaynum,NULL
"第12,49列",S2c Fixedclimb 承載量與天數,警政署入山 / c_id=440 光復林道(花蓮縣-萬榮鄉),02 平日承載量generalnum,NULL
"第12,49列",S2c Fixedclimb 承載量與天數,警政署入山 / c_id=440 光復林道(花蓮縣-萬榮鄉),03 天數下限sumdaymin,1
"第12,49列",S2c Fixedclimb 承載量與天數,警政署入山 / c_id=440 光復林道(花蓮縣-萬榮鄉),04 天數上限sumdaymax,1
"第12,49列",S2c Fixedclimb 承載量與天數,警政署入山 / c_id=440 光復林道(花蓮縣-萬榮鄉),05 是否抽籤IsDraw,0
"第12,49列",S2c Fixedclimb 承載量與天數,警政署入山 / c_id=440 光復林道(花蓮縣-萬榮鄉),06 許可證可印天數printdays,NULL
"第12,49列",S2c Fixedclimb 承載量與天數,警政署入山 / c_id=440 光復林道(花蓮縣-萬榮鄉),07 是否雪季路線issnow,0
"第12,49列",S2c Fixedclimb 承載量與天數,警政署入山 / c_id=440 光復林道(花蓮縣-萬榮鄉),08 人數檢查teamscountchk,NULL
"第12,49列",S2c Fixedclimb 承載量與天數,警政署入山 / c_id=441 萬榮林道(花蓮縣-萬榮鄉),01 假日承載量holidaynum,NULL
"第12,49列",S2c Fixedclimb 承載量與天數,警政署入山 / c_id=441 萬榮林道(花蓮縣-萬榮鄉),02 平日承載量generalnum,NULL
"第12,49列",S2c Fixedclimb 承載量與天數,警政署入山 / c_id=441 萬榮林道(花蓮縣-萬榮鄉),03 天數下限sumdaymin,1
"第12,49列",S2c Fixedclimb 承載量與天數,警政署入山 / c_id=441 萬榮林道(花蓮縣-萬榮鄉),04 天數上限sumdaymax,1
"第12,49列",S2c Fixedclimb 承載量與天數,警政署入山 / c_id=441 萬榮林道(花蓮縣-萬榮鄉),05 是否抽籤IsDraw,0
"第12,49列",S2c Fixedclimb 承載量與天數,警政署入山 / c_id=441 萬榮林道(花蓮縣-萬榮鄉),06 許可證可印天數printdays,NULL
"第12,49列",S2c Fixedclimb 承載量與天數,警政署入山 / c_id=441 萬榮林道(花蓮縣-萬榮鄉),07 是否雪季路線issnow,0
"第12,49列",S2c Fixedclimb 承載量與天數,警政署入山 / c_id=441 萬榮林道(花蓮縣-萬榮鄉),08 人數檢查teamscountchk,NULL
"第12,49列",S2c Fixedclimb 承載量與天數,警政署入山 / c_id=442 湯上岳(花蓮縣-萬榮鄉),01 假日承載量holidaynum,NULL
"第12,49列",S2c Fixedclimb 承載量與天數,警政署入山 / c_id=442 湯上岳(花蓮縣-萬榮鄉),02 平日承載量generalnum,NULL
"第12,49列",S2c Fixedclimb 承載量與天數,警政署入山 / c_id=442 湯上岳(花蓮縣-萬榮鄉),03 天數下限sumdaymin,1
"第12,49列",S2c Fixedclimb 承載量與天數,警政署入山 / c_id=442 湯上岳(花蓮縣-萬榮鄉),04 天數上限sumdaymax,1
"第12,49列",S2c Fixedclimb 承載量與天數,警政署入山 / c_id=442 湯上岳(花蓮縣-萬榮鄉),05 是否抽籤IsDraw,0
"第12,49列",S2c Fixedclimb 承載量與天數,警政署入山 / c_id=442 湯上岳(花蓮縣-萬榮鄉),06 許可證可印天數printdays,NULL
"第12,49列",S2c Fixedclimb 承載量與天數,警政署入山 / c_id=442 湯上岳(花蓮縣-萬榮鄉),07 是否雪季路線issnow,0
"第12,49列",S2c Fixedclimb 承載量與天數,警政署入山 / c_id=442 湯上岳(花蓮縣-萬榮鄉),08 人數檢查teamscountchk,NULL
"第12,49列",S2c Fixedclimb 承載量與天數,警政署入山 / c_id=443 鴛鴦谷(花蓮縣-萬榮鄉),01 假日承載量holidaynum,NULL
"第12,49列",S2c Fixedclimb 承載量與天數,警政署入山 / c_id=443 鴛鴦谷(花蓮縣-萬榮鄉),02 平日承載量generalnum,NULL
"第12,49列",S2c Fixedclimb 承載量與天數,警政署入山 / c_id=443 鴛鴦谷(花蓮縣-萬榮鄉),03 天數下限sumdaymin,1
"第12,49列",S2c Fixedclimb 承載量與天數,警政署入山 / c_id=443 鴛鴦谷(花蓮縣-萬榮鄉),04 天數上限sumdaymax,1
"第12,49列",S2c Fixedclimb 承載量與天數,警政署入山 / c_id=443 鴛鴦谷(花蓮縣-萬榮鄉),05 是否抽籤IsDraw,0
"第12,49列",S2c Fixedclimb 承載量與天數,警政署入山 / c_id=443 鴛鴦谷(花蓮縣-萬榮鄉),06 許可證可印天數printdays,NULL
"第12,49列",S2c Fixedclimb 承載量與天數,警政署入山 / c_id=443 鴛鴦谷(花蓮縣-萬榮鄉),07 是否雪季路線issnow,0
"第12,49列",S2c Fixedclimb 承載量與天數,警政署入山 / c_id=443 鴛鴦谷(花蓮縣-萬榮鄉),08 人數檢查teamscountchk,NULL
"第12,49列",S2c Fixedclimb 承載量與天數,警政署入山 / c_id=444 清昌溪(花蓮縣-萬榮鄉),01 假日承載量holidaynum,NULL
"第12,49列",S2c Fixedclimb 承載量與天數,警政署入山 / c_id=444 清昌溪(花蓮縣-萬榮鄉),02 平日承載量generalnum,NULL
"第12,49列",S2c Fixedclimb 承載量與天數,警政署入山 / c_id=444 清昌溪(花蓮縣-萬榮鄉),03 天數下限sumdaymin,1
"第12,49列",S2c Fixedclimb 承載量與天數,警政署入山 / c_id=444 清昌溪(花蓮縣-萬榮鄉),04 天數上限sumdaymax,1
"第12,49列",S2c Fixedclimb 承載量與天數,警政署入山 / c_id=444 清昌溪(花蓮縣-萬榮鄉),05 是否抽籤IsDraw,0
"第12,49列",S2c Fixedclimb 承載量與天數,警政署入山 / c_id=444 清昌溪(花蓮縣-萬榮鄉),06 許可證可印天數printdays,NULL
"第12,49列",S2c Fixedclimb 承載量與天數,警政署入山 / c_id=444 清昌溪(花蓮縣-萬榮鄉),07 是否雪季路線issnow,0
"第12,49列",S2c Fixedclimb 承載量與天數,警政署入山 / c_id=444 清昌溪(花蓮縣-萬榮鄉),08 人數檢查teamscountchk,NULL
"第12,49列",S2c Fixedclimb 承載量與天數,警政署入山 / c_id=445 丹大橫斷東段(花蓮縣-萬榮鄉),01 假日承載量holidaynum,NULL
"第12,49列",S2c Fixedclimb 承載量與天數,警政署入山 / c_id=445 丹大橫斷東段(花蓮縣-萬榮鄉),02 平日承載量generalnum,NULL
"第12,49列",S2c Fixedclimb 承載量與天數,警政署入山 / c_id=445 丹大橫斷東段(花蓮縣-萬榮鄉),03 天數下限sumdaymin,1
"第12,49列",S2c Fixedclimb 承載量與天數,警政署入山 / c_id=445 丹大橫斷東段(花蓮縣-萬榮鄉),04 天數上限sumdaymax,1
"第12,49列",S2c Fixedclimb 承載量與天數,警政署入山 / c_id=445 丹大橫斷東段(花蓮縣-萬榮鄉),05 是否抽籤IsDraw,0
"第12,49列",S2c Fixedclimb 承載量與天數,警政署入山 / c_id=445 丹大橫斷東段(花蓮縣-萬榮鄉),06 許可證可印天數printdays,NULL
"第12,49列",S2c Fixedclimb 承載量與天數,警政署入山 / c_id=445 丹大橫斷東段(花蓮縣-萬榮鄉),07 是否雪季路線issnow,0
"第12,49列",S2c Fixedclimb 承載量與天數,警政署入山 / c_id=445 丹大橫斷東段(花蓮縣-萬榮鄉),08 人數檢查teamscountchk,NULL
"第12,49列",S2c Fixedclimb 承載量與天數,警政署入山 / c_id=446 達芬尖山(花蓮縣-卓溪鄉),01 假日承載量holidaynum,NULL
"第12,49列",S2c Fixedclimb 承載量與天數,警政署入山 / c_id=446 達芬尖山(花蓮縣-卓溪鄉),02 平日承載量generalnum,NULL
"第12,49列",S2c Fixedclimb 承載量與天數,警政署入山 / c_id=446 達芬尖山(花蓮縣-卓溪鄉),03 天數下限sumdaymin,1
"第12,49列",S2c Fixedclimb 承載量與天數,警政署入山 / c_id=446 達芬尖山(花蓮縣-卓溪鄉),04 天數上限sumdaymax,1
"第12,49列",S2c Fixedclimb 承載量與天數,警政署入山 / c_id=446 達芬尖山(花蓮縣-卓溪鄉),05 是否抽籤IsDraw,0
"第12,49列",S2c Fixedclimb 承載量與天數,警政署入山 / c_id=446 達芬尖山(花蓮縣-卓溪鄉),06 許可證可印天數printdays,NULL
"第12,49列",S2c Fixedclimb 承載量與天數,警政署入山 / c_id=446 達芬尖山(花蓮縣-卓溪鄉),07 是否雪季路線issnow,0
"第12,49列",S2c Fixedclimb 承載量與天數,警政署入山 / c_id=446 達芬尖山(花蓮縣-卓溪鄉),08 人數檢查teamscountchk,NULL
"第12,49列",S2c Fixedclimb 承載量與天數,警政署入山 / c_id=447 瓦拉米(花蓮縣-卓溪鄉),01 假日承載量holidaynum,NULL
"第12,49列",S2c Fixedclimb 承載量與天數,警政署入山 / c_id=447 瓦拉米(花蓮縣-卓溪鄉),02 平日承載量generalnum,NULL
"第12,49列",S2c Fixedclimb 承載量與天數,警政署入山 / c_id=447 瓦拉米(花蓮縣-卓溪鄉),03 天數下限sumdaymin,1
"第12,49列",S2c Fixedclimb 承載量與天數,警政署入山 / c_id=447 瓦拉米(花蓮縣-卓溪鄉),04 天數上限sumdaymax,1
"第12,49列",S2c Fixedclimb 承載量與天數,警政署入山 / c_id=447 瓦拉米(花蓮縣-卓溪鄉),05 是否抽籤IsDraw,0
"第12,49列",S2c Fixedclimb 承載量與天數,警政署入山 / c_id=447 瓦拉米(花蓮縣-卓溪鄉),06 許可證可印天數printdays,NULL
"第12,49列",S2c Fixedclimb 承載量與天數,警政署入山 / c_id=447 瓦拉米(花蓮縣-卓溪鄉),07 是否雪季路線issnow,0
"第12,49列",S2c Fixedclimb 承載量與天數,警政署入山 / c_id=447 瓦拉米(花蓮縣-卓溪鄉),08 人數檢查teamscountchk,NULL
"第12,49列",S2c Fixedclimb 承載量與天數,警政署入山 / c_id=448 卓溪山(花蓮縣-卓溪鄉),01 假日承載量holidaynum,NULL
"第12,49列",S2c Fixedclimb 承載量與天數,警政署入山 / c_id=448 卓溪山(花蓮縣-卓溪鄉),02 平日承載量generalnum,NULL
"第12,49列",S2c Fixedclimb 承載量與天數,警政署入山 / c_id=448 卓溪山(花蓮縣-卓溪鄉),03 天數下限sumdaymin,1
"第12,49列",S2c Fixedclimb 承載量與天數,警政署入山 / c_id=448 卓溪山(花蓮縣-卓溪鄉),04 天數上限sumdaymax,1
"第12,49列",S2c Fixedclimb 承載量與天數,警政署入山 / c_id=448 卓溪山(花蓮縣-卓溪鄉),05 是否抽籤IsDraw,0
"第12,49列",S2c Fixedclimb 承載量與天數,警政署入山 / c_id=448 卓溪山(花蓮縣-卓溪鄉),06 許可證可印天數printdays,NULL
"第12,49列",S2c Fixedclimb 承載量與天數,警政署入山 / c_id=448 卓溪山(花蓮縣-卓溪鄉),07 是否雪季路線issnow,0
"第12,49列",S2c Fixedclimb 承載量與天數,警政署入山 / c_id=448 卓溪山(花蓮縣-卓溪鄉),08 人數檢查teamscountchk,NULL
"第12,49列",S2c Fixedclimb 承載量與天數,警政署入山 / c_id=449 山風二號橋(花蓮縣-卓溪鄉),01 假日承載量holidaynum,NULL
"第12,49列",S2c Fixedclimb 承載量與天數,警政署入山 / c_id=449 山風二號橋(花蓮縣-卓溪鄉),02 平日承載量generalnum,NULL
"第12,49列",S2c Fixedclimb 承載量與天數,警政署入山 / c_id=449 山風二號橋(花蓮縣-卓溪鄉),03 天數下限sumdaymin,1
"第12,49列",S2c Fixedclimb 承載量與天數,警政署入山 / c_id=449 山風二號橋(花蓮縣-卓溪鄉),04 天數上限sumdaymax,1
"第12,49列",S2c Fixedclimb 承載量與天數,警政署入山 / c_id=449 山風二號橋(花蓮縣-卓溪鄉),05 是否抽籤IsDraw,0
"第12,49列",S2c Fixedclimb 承載量與天數,警政署入山 / c_id=449 山風二號橋(花蓮縣-卓溪鄉),06 許可證可印天數printdays,NULL
"第12,49列",S2c Fixedclimb 承載量與天數,警政署入山 / c_id=449 山風二號橋(花蓮縣-卓溪鄉),07 是否雪季路線issnow,0
"第12,49列",S2c Fixedclimb 承載量與天數,警政署入山 / c_id=449 山風二號橋(花蓮縣-卓溪鄉),08 人數檢查teamscountchk,NULL
"第12,49列",S2c Fixedclimb 承載量與天數,警政署入山 / c_id=450 新康山(花蓮縣-卓溪鄉),01 假日承載量holidaynum,NULL
"第12,49列",S2c Fixedclimb 承載量與天數,警政署入山 / c_id=450 新康山(花蓮縣-卓溪鄉),02 平日承載量generalnum,NULL
"第12,49列",S2c Fixedclimb 承載量與天數,警政署入山 / c_id=450 新康山(花蓮縣-卓溪鄉),03 天數下限sumdaymin,1
"第12,49列",S2c Fixedclimb 承載量與天數,警政署入山 / c_id=450 新康山(花蓮縣-卓溪鄉),04 天數上限sumdaymax,1
"第12,49列",S2c Fixedclimb 承載量與天數,警政署入山 / c_id=450 新康山(花蓮縣-卓溪鄉),05 是否抽籤IsDraw,0
"第12,49列",S2c Fixedclimb 承載量與天數,警政署入山 / c_id=450 新康山(花蓮縣-卓溪鄉),06 許可證可印天數printdays,NULL
"第12,49列",S2c Fixedclimb 承載量與天數,警政署入山 / c_id=450 新康山(花蓮縣-卓溪鄉),07 是否雪季路線issnow,0
"第12,49列",S2c Fixedclimb 承載量與天數,警政署入山 / c_id=450 新康山(花蓮縣-卓溪鄉),08 人數檢查teamscountchk,NULL
"第12,49列",S2c Fixedclimb 承載量與天數,警政署入山 / c_id=451 南安村(花蓮縣-卓溪鄉),01 假日承載量holidaynum,NULL
"第12,49列",S2c Fixedclimb 承載量與天數,警政署入山 / c_id=451 南安村(花蓮縣-卓溪鄉),02 平日承載量generalnum,NULL
"第12,49列",S2c Fixedclimb 承載量與天數,警政署入山 / c_id=451 南安村(花蓮縣-卓溪鄉),03 天數下限sumdaymin,1
"第12,49列",S2c Fixedclimb 承載量與天數,警政署入山 / c_id=451 南安村(花蓮縣-卓溪鄉),04 天數上限sumdaymax,1
"第12,49列",S2c Fixedclimb 承載量與天數,警政署入山 / c_id=451 南安村(花蓮縣-卓溪鄉),05 是否抽籤IsDraw,0
"第12,49列",S2c Fixedclimb 承載量與天數,警政署入山 / c_id=451 南安村(花蓮縣-卓溪鄉),06 許可證可印天數printdays,NULL
"第12,49列",S2c Fixedclimb 承載量與天數,警政署入山 / c_id=451 南安村(花蓮縣-卓溪鄉),07 是否雪季路線issnow,0
"第12,49列",S2c Fixedclimb 承載量與天數,警政署入山 / c_id=451 南安村(花蓮縣-卓溪鄉),08 人數檢查teamscountchk,NULL
"第12,49列",S2c Fixedclimb 承載量與天數,警政署入山 / c_id=452 黃麻溪谷(花蓮縣-卓溪鄉),01 假日承載量holidaynum,NULL
"第12,49列",S2c Fixedclimb 承載量與天數,警政署入山 / c_id=452 黃麻溪谷(花蓮縣-卓溪鄉),02 平日承載量generalnum,NULL
"第12,49列",S2c Fixedclimb 承載量與天數,警政署入山 / c_id=452 黃麻溪谷(花蓮縣-卓溪鄉),03 天數下限sumdaymin,1
"第12,49列",S2c Fixedclimb 承載量與天數,警政署入山 / c_id=452 黃麻溪谷(花蓮縣-卓溪鄉),04 天數上限sumdaymax,1
"第12,49列",S2c Fixedclimb 承載量與天數,警政署入山 / c_id=452 黃麻溪谷(花蓮縣-卓溪鄉),05 是否抽籤IsDraw,0
"第12,49列",S2c Fixedclimb 承載量與天數,警政署入山 / c_id=452 黃麻溪谷(花蓮縣-卓溪鄉),06 許可證可印天數printdays,NULL
"第12,49列",S2c Fixedclimb 承載量與天數,警政署入山 / c_id=452 黃麻溪谷(花蓮縣-卓溪鄉),07 是否雪季路線issnow,0
"第12,49列",S2c Fixedclimb 承載量與天數,警政署入山 / c_id=452 黃麻溪谷(花蓮縣-卓溪鄉),08 人數檢查teamscountchk,NULL
"第12,49列",S2c Fixedclimb 承載量與天數,警政署入山 / c_id=453 雙頭北山(花蓮縣-卓溪鄉),01 假日承載量holidaynum,NULL
"第12,49列",S2c Fixedclimb 承載量與天數,警政署入山 / c_id=453 雙頭北山(花蓮縣-卓溪鄉),02 平日承載量generalnum,NULL
"第12,49列",S2c Fixedclimb 承載量與天數,警政署入山 / c_id=453 雙頭北山(花蓮縣-卓溪鄉),03 天數下限sumdaymin,1
"第12,49列",S2c Fixedclimb 承載量與天數,警政署入山 / c_id=453 雙頭北山(花蓮縣-卓溪鄉),04 天數上限sumdaymax,1
"第12,49列",S2c Fixedclimb 承載量與天數,警政署入山 / c_id=453 雙頭北山(花蓮縣-卓溪鄉),05 是否抽籤IsDraw,0
"第12,49列",S2c Fixedclimb 承載量與天數,警政署入山 / c_id=453 雙頭北山(花蓮縣-卓溪鄉),06 許可證可印天數printdays,NULL
"第12,49列",S2c Fixedclimb 承載量與天數,警政署入山 / c_id=453 雙頭北山(花蓮縣-卓溪鄉),07 是否雪季路線issnow,0
"第12,49列",S2c Fixedclimb 承載量與天數,警政署入山 / c_id=453 雙頭北山(花蓮縣-卓溪鄉),08 人數檢查teamscountchk,NULL
"第12,49列",S2c Fixedclimb 承載量與天數,警政署入山 / c_id=454 三民林道(花蓮縣-卓溪鄉),01 假日承載量holidaynum,NULL
"第12,49列",S2c Fixedclimb 承載量與天數,警政署入山 / c_id=454 三民林道(花蓮縣-卓溪鄉),02 平日承載量generalnum,NULL
"第12,49列",S2c Fixedclimb 承載量與天數,警政署入山 / c_id=454 三民林道(花蓮縣-卓溪鄉),03 天數下限sumdaymin,1
"第12,49列",S2c Fixedclimb 承載量與天數,警政署入山 / c_id=454 三民林道(花蓮縣-卓溪鄉),04 天數上限sumdaymax,1
"第12,49列",S2c Fixedclimb 承載量與天數,警政署入山 / c_id=454 三民林道(花蓮縣-卓溪鄉),05 是否抽籤IsDraw,0
"第12,49列",S2c Fixedclimb 承載量與天數,警政署入山 / c_id=454 三民林道(花蓮縣-卓溪鄉),06 許可證可印天數printdays,NULL
"第12,49列",S2c Fixedclimb 承載量與天數,警政署入山 / c_id=454 三民林道(花蓮縣-卓溪鄉),07 是否雪季路線issnow,0
"第12,49列",S2c Fixedclimb 承載量與天數,警政署入山 / c_id=454 三民林道(花蓮縣-卓溪鄉),08 人數檢查teamscountchk,NULL
"第12,49列",S2c Fixedclimb 承載量與天數,警政署入山 / c_id=455 馬利加南山(花蓮縣-卓溪鄉),01 假日承載量holidaynum,NULL
"第12,49列",S2c Fixedclimb 承載量與天數,警政署入山 / c_id=455 馬利加南山(花蓮縣-卓溪鄉),02 平日承載量generalnum,NULL
"第12,49列",S2c Fixedclimb 承載量與天數,警政署入山 / c_id=455 馬利加南山(花蓮縣-卓溪鄉),03 天數下限sumdaymin,1
"第12,49列",S2c Fixedclimb 承載量與天數,警政署入山 / c_id=455 馬利加南山(花蓮縣-卓溪鄉),04 天數上限sumdaymax,1
"第12,49列",S2c Fixedclimb 承載量與天數,警政署入山 / c_id=455 馬利加南山(花蓮縣-卓溪鄉),05 是否抽籤IsDraw,0
"第12,49列",S2c Fixedclimb 承載量與天數,警政署入山 / c_id=455 馬利加南山(花蓮縣-卓溪鄉),06 許可證可印天數printdays,NULL
"第12,49列",S2c Fixedclimb 承載量與天數,警政署入山 / c_id=455 馬利加南山(花蓮縣-卓溪鄉),07 是否雪季路線issnow,0
"第12,49列",S2c Fixedclimb 承載量與天數,警政署入山 / c_id=455 馬利加南山(花蓮縣-卓溪鄉),08 人數檢查teamscountchk,NULL
"第12,49列",S2c Fixedclimb 承載量與天數,警政署入山 / c_id=456 瓦拉米越嶺古道(花蓮縣-卓溪鄉),01 假日承載量holidaynum,NULL
"第12,49列",S2c Fixedclimb 承載量與天數,警政署入山 / c_id=456 瓦拉米越嶺古道(花蓮縣-卓溪鄉),02 平日承載量generalnum,NULL
"第12,49列",S2c Fixedclimb 承載量與天數,警政署入山 / c_id=456 瓦拉米越嶺古道(花蓮縣-卓溪鄉),03 天數下限sumdaymin,1
"第12,49列",S2c Fixedclimb 承載量與天數,警政署入山 / c_id=456 瓦拉米越嶺古道(花蓮縣-卓溪鄉),04 天數上限sumdaymax,1
"第12,49列",S2c Fixedclimb 承載量與天數,警政署入山 / c_id=456 瓦拉米越嶺古道(花蓮縣-卓溪鄉),05 是否抽籤IsDraw,0
"第12,49列",S2c Fixedclimb 承載量與天數,警政署入山 / c_id=456 瓦拉米越嶺古道(花蓮縣-卓溪鄉),06 許可證可印天數printdays,NULL
"第12,49列",S2c Fixedclimb 承載量與天數,警政署入山 / c_id=456 瓦拉米越嶺古道(花蓮縣-卓溪鄉),07 是否雪季路線issnow,0
"第12,49列",S2c Fixedclimb 承載量與天數,警政署入山 / c_id=456 瓦拉米越嶺古道(花蓮縣-卓溪鄉),08 人數檢查teamscountchk,NULL
"第12,49列",S2c Fixedclimb 承載量與天數,警政署入山 / c_id=457 大分(花蓮縣-卓溪鄉),01 假日承載量holidaynum,NULL
"第12,49列",S2c Fixedclimb 承載量與天數,警政署入山 / c_id=457 大分(花蓮縣-卓溪鄉),02 平日承載量generalnum,NULL
"第12,49列",S2c Fixedclimb 承載量與天數,警政署入山 / c_id=457 大分(花蓮縣-卓溪鄉),03 天數下限sumdaymin,1
"第12,49列",S2c Fixedclimb 承載量與天數,警政署入山 / c_id=457 大分(花蓮縣-卓溪鄉),04 天數上限sumdaymax,1
"第12,49列",S2c Fixedclimb 承載量與天數,警政署入山 / c_id=457 大分(花蓮縣-卓溪鄉),05 是否抽籤IsDraw,0
"第12,49列",S2c Fixedclimb 承載量與天數,警政署入山 / c_id=457 大分(花蓮縣-卓溪鄉),06 許可證可印天數printdays,NULL
"第12,49列",S2c Fixedclimb 承載量與天數,警政署入山 / c_id=457 大分(花蓮縣-卓溪鄉),07 是否雪季路線issnow,0
"第12,49列",S2c Fixedclimb 承載量與天數,警政署入山 / c_id=457 大分(花蓮縣-卓溪鄉),08 人數檢查teamscountchk,NULL
"第12,49列",S2c Fixedclimb 承載量與天數,警政署入山 / c_id=458 瑞穗林道(花蓮縣-卓溪鄉),01 假日承載量holidaynum,NULL
"第12,49列",S2c Fixedclimb 承載量與天數,警政署入山 / c_id=458 瑞穗林道(花蓮縣-卓溪鄉),02 平日承載量generalnum,NULL
"第12,49列",S2c Fixedclimb 承載量與天數,警政署入山 / c_id=458 瑞穗林道(花蓮縣-卓溪鄉),03 天數下限sumdaymin,1
"第12,49列",S2c Fixedclimb 承載量與天數,警政署入山 / c_id=458 瑞穗林道(花蓮縣-卓溪鄉),04 天數上限sumdaymax,1
"第12,49列",S2c Fixedclimb 承載量與天數,警政署入山 / c_id=458 瑞穗林道(花蓮縣-卓溪鄉),05 是否抽籤IsDraw,0
"第12,49列",S2c Fixedclimb 承載量與天數,警政署入山 / c_id=458 瑞穗林道(花蓮縣-卓溪鄉),06 許可證可印天數printdays,NULL
"第12,49列",S2c Fixedclimb 承載量與天數,警政署入山 / c_id=458 瑞穗林道(花蓮縣-卓溪鄉),07 是否雪季路線issnow,0
"第12,49列",S2c Fixedclimb 承載量與天數,警政署入山 / c_id=458 瑞穗林道(花蓮縣-卓溪鄉),08 人數檢查teamscountchk,NULL
"第12,49列",S2c Fixedclimb 承載量與天數,警政署入山 / c_id=459 清朝越嶺(花蓮縣-卓溪鄉),01 假日承載量holidaynum,NULL
"第12,49列",S2c Fixedclimb 承載量與天數,警政署入山 / c_id=459 清朝越嶺(花蓮縣-卓溪鄉),02 平日承載量generalnum,NULL
"第12,49列",S2c Fixedclimb 承載量與天數,警政署入山 / c_id=459 清朝越嶺(花蓮縣-卓溪鄉),03 天數下限sumdaymin,1
"第12,49列",S2c Fixedclimb 承載量與天數,警政署入山 / c_id=459 清朝越嶺(花蓮縣-卓溪鄉),04 天數上限sumdaymax,1
"第12,49列",S2c Fixedclimb 承載量與天數,警政署入山 / c_id=459 清朝越嶺(花蓮縣-卓溪鄉),05 是否抽籤IsDraw,0
"第12,49列",S2c Fixedclimb 承載量與天數,警政署入山 / c_id=459 清朝越嶺(花蓮縣-卓溪鄉),06 許可證可印天數printdays,NULL
"第12,49列",S2c Fixedclimb 承載量與天數,警政署入山 / c_id=459 清朝越嶺(花蓮縣-卓溪鄉),07 是否雪季路線issnow,0
"第12,49列",S2c Fixedclimb 承載量與天數,警政署入山 / c_id=459 清朝越嶺(花蓮縣-卓溪鄉),08 人數檢查teamscountchk,NULL
"第12,49列",S2c Fixedclimb 承載量與天數,警政署入山 / c_id=460 中平林道(花蓮縣-玉里鎮),01 假日承載量holidaynum,NULL
"第12,49列",S2c Fixedclimb 承載量與天數,警政署入山 / c_id=460 中平林道(花蓮縣-玉里鎮),02 平日承載量generalnum,NULL
"第12,49列",S2c Fixedclimb 承載量與天數,警政署入山 / c_id=460 中平林道(花蓮縣-玉里鎮),03 天數下限sumdaymin,1
"第12,49列",S2c Fixedclimb 承載量與天數,警政署入山 / c_id=460 中平林道(花蓮縣-玉里鎮),04 天數上限sumdaymax,1
"第12,49列",S2c Fixedclimb 承載量與天數,警政署入山 / c_id=460 中平林道(花蓮縣-玉里鎮),05 是否抽籤IsDraw,0
"第12,49列",S2c Fixedclimb 承載量與天數,警政署入山 / c_id=460 中平林道(花蓮縣-玉里鎮),06 許可證可印天數printdays,NULL
"第12,49列",S2c Fixedclimb 承載量與天數,警政署入山 / c_id=460 中平林道(花蓮縣-玉里鎮),07 是否雪季路線issnow,0
"第12,49列",S2c Fixedclimb 承載量與天數,警政署入山 / c_id=460 中平林道(花蓮縣-玉里鎮),08 人數檢查teamscountchk,NULL
"第12,49列",S2c Fixedclimb 承載量與天數,警政署入山 / c_id=461 龍泉溫泉(臺東縣-海端鄉),01 假日承載量holidaynum,NULL
"第12,49列",S2c Fixedclimb 承載量與天數,警政署入山 / c_id=461 龍泉溫泉(臺東縣-海端鄉),02 平日承載量generalnum,NULL
"第12,49列",S2c Fixedclimb 承載量與天數,警政署入山 / c_id=461 龍泉溫泉(臺東縣-海端鄉),03 天數下限sumdaymin,1
"第12,49列",S2c Fixedclimb 承載量與天數,警政署入山 / c_id=461 龍泉溫泉(臺東縣-海端鄉),04 天數上限sumdaymax,1
"第12,49列",S2c Fixedclimb 承載量與天數,警政署入山 / c_id=461 龍泉溫泉(臺東縣-海端鄉),05 是否抽籤IsDraw,0
"第12,49列",S2c Fixedclimb 承載量與天數,警政署入山 / c_id=461 龍泉溫泉(臺東縣-海端鄉),06 許可證可印天數printdays,NULL
"第12,49列",S2c Fixedclimb 承載量與天數,警政署入山 / c_id=461 龍泉溫泉(臺東縣-海端鄉),07 是否雪季路線issnow,0
"第12,49列",S2c Fixedclimb 承載量與天數,警政署入山 / c_id=461 龍泉溫泉(臺東縣-海端鄉),08 人數檢查teamscountchk,NULL
"第12,49列",S2c Fixedclimb 承載量與天數,警政署入山 / c_id=462 轆轆溫泉(臺東縣-海端鄉):禁止入山,01 假日承載量holidaynum,NULL
"第12,49列",S2c Fixedclimb 承載量與天數,警政署入山 / c_id=462 轆轆溫泉(臺東縣-海端鄉):禁止入山,02 平日承載量generalnum,NULL
"第12,49列",S2c Fixedclimb 承載量與天數,警政署入山 / c_id=462 轆轆溫泉(臺東縣-海端鄉):禁止入山,03 天數下限sumdaymin,1
"第12,49列",S2c Fixedclimb 承載量與天數,警政署入山 / c_id=462 轆轆溫泉(臺東縣-海端鄉):禁止入山,04 天數上限sumdaymax,1
"第12,49列",S2c Fixedclimb 承載量與天數,警政署入山 / c_id=462 轆轆溫泉(臺東縣-海端鄉):禁止入山,05 是否抽籤IsDraw,0
"第12,49列",S2c Fixedclimb 承載量與天數,警政署入山 / c_id=462 轆轆溫泉(臺東縣-海端鄉):禁止入山,06 許可證可印天數printdays,NULL
"第12,49列",S2c Fixedclimb 承載量與天數,警政署入山 / c_id=462 轆轆溫泉(臺東縣-海端鄉):禁止入山,07 是否雪季路線issnow,0
"第12,49列",S2c Fixedclimb 承載量與天數,警政署入山 / c_id=462 轆轆溫泉(臺東縣-海端鄉):禁止入山,08 人數檢查teamscountchk,NULL
"第12,49列",S2c Fixedclimb 承載量與天數,警政署入山 / c_id=463 呂禮山(臺東縣-海端鄉),01 假日承載量holidaynum,NULL
"第12,49列",S2c Fixedclimb 承載量與天數,警政署入山 / c_id=463 呂禮山(臺東縣-海端鄉),02 平日承載量generalnum,NULL
"第12,49列",S2c Fixedclimb 承載量與天數,警政署入山 / c_id=463 呂禮山(臺東縣-海端鄉),03 天數下限sumdaymin,1
"第12,49列",S2c Fixedclimb 承載量與天數,警政署入山 / c_id=463 呂禮山(臺東縣-海端鄉),04 天數上限sumdaymax,1
"第12,49列",S2c Fixedclimb 承載量與天數,警政署入山 / c_id=463 呂禮山(臺東縣-海端鄉),05 是否抽籤IsDraw,0
"第12,49列",S2c Fixedclimb 承載量與天數,警政署入山 / c_id=463 呂禮山(臺東縣-海端鄉),06 許可證可印天數printdays,NULL
"第12,49列",S2c Fixedclimb 承載量與天數,警政署入山 / c_id=463 呂禮山(臺東縣-海端鄉),07 是否雪季路線issnow,0
"第12,49列",S2c Fixedclimb 承載量與天數,警政署入山 / c_id=463 呂禮山(臺東縣-海端鄉),08 人數檢查teamscountchk,NULL
"第12,49列",S2c Fixedclimb 承載量與天數,警政署入山 / c_id=464 霧鹿林道(臺東縣-海端鄉),01 假日承載量holidaynum,NULL
"第12,49列",S2c Fixedclimb 承載量與天數,警政署入山 / c_id=464 霧鹿林道(臺東縣-海端鄉),02 平日承載量generalnum,NULL
"第12,49列",S2c Fixedclimb 承載量與天數,警政署入山 / c_id=464 霧鹿林道(臺東縣-海端鄉),03 天數下限sumdaymin,1
"第12,49列",S2c Fixedclimb 承載量與天數,警政署入山 / c_id=464 霧鹿林道(臺東縣-海端鄉),04 天數上限sumdaymax,1
"第12,49列",S2c Fixedclimb 承載量與天數,警政署入山 / c_id=464 霧鹿林道(臺東縣-海端鄉),05 是否抽籤IsDraw,0
"第12,49列",S2c Fixedclimb 承載量與天數,警政署入山 / c_id=464 霧鹿林道(臺東縣-海端鄉),06 許可證可印天數printdays,NULL
"第12,49列",S2c Fixedclimb 承載量與天數,警政署入山 / c_id=464 霧鹿林道(臺東縣-海端鄉),07 是否雪季路線issnow,0
"第12,49列",S2c Fixedclimb 承載量與天數,警政署入山 / c_id=464 霧鹿林道(臺東縣-海端鄉),08 人數檢查teamscountchk,NULL
"第12,49列",S2c Fixedclimb 承載量與天數,警政署入山 / c_id=465 利稻村(臺東縣-海端鄉),01 假日承載量holidaynum,NULL
"第12,49列",S2c Fixedclimb 承載量與天數,警政署入山 / c_id=465 利稻村(臺東縣-海端鄉),02 平日承載量generalnum,NULL
"第12,49列",S2c Fixedclimb 承載量與天數,警政署入山 / c_id=465 利稻村(臺東縣-海端鄉),03 天數下限sumdaymin,1
"第12,49列",S2c Fixedclimb 承載量與天數,警政署入山 / c_id=465 利稻村(臺東縣-海端鄉),04 天數上限sumdaymax,1
"第12,49列",S2c Fixedclimb 承載量與天數,警政署入山 / c_id=465 利稻村(臺東縣-海端鄉),05 是否抽籤IsDraw,0
"第12,49列",S2c Fixedclimb 承載量與天數,警政署入山 / c_id=465 利稻村(臺東縣-海端鄉),06 許可證可印天數printdays,NULL
"第12,49列",S2c Fixedclimb 承載量與天數,警政署入山 / c_id=465 利稻村(臺東縣-海端鄉),07 是否雪季路線issnow,0
"第12,49列",S2c Fixedclimb 承載量與天數,警政署入山 / c_id=465 利稻村(臺東縣-海端鄉),08 人數檢查teamscountchk,NULL
"第12,49列",S2c Fixedclimb 承載量與天數,警政署入山 / c_id=466 栗松溫泉(臺東縣-海端鄉),01 假日承載量holidaynum,NULL
"第12,49列",S2c Fixedclimb 承載量與天數,警政署入山 / c_id=466 栗松溫泉(臺東縣-海端鄉),02 平日承載量generalnum,NULL
"第12,49列",S2c Fixedclimb 承載量與天數,警政署入山 / c_id=466 栗松溫泉(臺東縣-海端鄉),03 天數下限sumdaymin,1
"第12,49列",S2c Fixedclimb 承載量與天數,警政署入山 / c_id=466 栗松溫泉(臺東縣-海端鄉),04 天數上限sumdaymax,1
"第12,49列",S2c Fixedclimb 承載量與天數,警政署入山 / c_id=466 栗松溫泉(臺東縣-海端鄉),05 是否抽籤IsDraw,0
"第12,49列",S2c Fixedclimb 承載量與天數,警政署入山 / c_id=466 栗松溫泉(臺東縣-海端鄉),06 許可證可印天數printdays,NULL
"第12,49列",S2c Fixedclimb 承載量與天數,警政署入山 / c_id=466 栗松溫泉(臺東縣-海端鄉),07 是否雪季路線issnow,0
"第12,49列",S2c Fixedclimb 承載量與天數,警政署入山 / c_id=466 栗松溫泉(臺東縣-海端鄉),08 人數檢查teamscountchk,NULL
"第12,49列",S2c Fixedclimb 承載量與天數,警政署入山 / c_id=467 布拉克桑山(臺東縣-海端鄉),01 假日承載量holidaynum,NULL
"第12,49列",S2c Fixedclimb 承載量與天數,警政署入山 / c_id=467 布拉克桑山(臺東縣-海端鄉),02 平日承載量generalnum,NULL
"第12,49列",S2c Fixedclimb 承載量與天數,警政署入山 / c_id=467 布拉克桑山(臺東縣-海端鄉),03 天數下限sumdaymin,1
"第12,49列",S2c Fixedclimb 承載量與天數,警政署入山 / c_id=467 布拉克桑山(臺東縣-海端鄉),04 天數上限sumdaymax,1
"第12,49列",S2c Fixedclimb 承載量與天數,警政署入山 / c_id=467 布拉克桑山(臺東縣-海端鄉),05 是否抽籤IsDraw,0
"第12,49列",S2c Fixedclimb 承載量與天數,警政署入山 / c_id=467 布拉克桑山(臺東縣-海端鄉),06 許可證可印天數printdays,NULL
"第12,49列",S2c Fixedclimb 承載量與天數,警政署入山 / c_id=467 布拉克桑山(臺東縣-海端鄉),07 是否雪季路線issnow,0
"第12,49列",S2c Fixedclimb 承載量與天數,警政署入山 / c_id=467 布拉克桑山(臺東縣-海端鄉),08 人數檢查teamscountchk,NULL
"第12,49列",S2c Fixedclimb 承載量與天數,警政署入山 / c_id=468 三叉向陽嘉明湖(臺東縣-海端鄉),01 假日承載量holidaynum,NULL
"第12,49列",S2c Fixedclimb 承載量與天數,警政署入山 / c_id=468 三叉向陽嘉明湖(臺東縣-海端鄉),02 平日承載量generalnum,NULL
"第12,49列",S2c Fixedclimb 承載量與天數,警政署入山 / c_id=468 三叉向陽嘉明湖(臺東縣-海端鄉),03 天數下限sumdaymin,1
"第12,49列",S2c Fixedclimb 承載量與天數,警政署入山 / c_id=468 三叉向陽嘉明湖(臺東縣-海端鄉),04 天數上限sumdaymax,1
"第12,49列",S2c Fixedclimb 承載量與天數,警政署入山 / c_id=468 三叉向陽嘉明湖(臺東縣-海端鄉),05 是否抽籤IsDraw,0
"第12,49列",S2c Fixedclimb 承載量與天數,警政署入山 / c_id=468 三叉向陽嘉明湖(臺東縣-海端鄉),06 許可證可印天數printdays,NULL
"第12,49列",S2c Fixedclimb 承載量與天數,警政署入山 / c_id=468 三叉向陽嘉明湖(臺東縣-海端鄉),07 是否雪季路線issnow,0
"第12,49列",S2c Fixedclimb 承載量與天數,警政署入山 / c_id=468 三叉向陽嘉明湖(臺東縣-海端鄉),08 人數檢查teamscountchk,NULL
"第12,49列",S2c Fixedclimb 承載量與天數,警政署入山 / c_id=469 嘉明湖(臺東縣-海端鄉),01 假日承載量holidaynum,NULL
"第12,49列",S2c Fixedclimb 承載量與天數,警政署入山 / c_id=469 嘉明湖(臺東縣-海端鄉),02 平日承載量generalnum,NULL
"第12,49列",S2c Fixedclimb 承載量與天數,警政署入山 / c_id=469 嘉明湖(臺東縣-海端鄉),03 天數下限sumdaymin,1
"第12,49列",S2c Fixedclimb 承載量與天數,警政署入山 / c_id=469 嘉明湖(臺東縣-海端鄉),04 天數上限sumdaymax,1
"第12,49列",S2c Fixedclimb 承載量與天數,警政署入山 / c_id=469 嘉明湖(臺東縣-海端鄉),05 是否抽籤IsDraw,0
"第12,49列",S2c Fixedclimb 承載量與天數,警政署入山 / c_id=469 嘉明湖(臺東縣-海端鄉),06 許可證可印天數printdays,NULL
"第12,49列",S2c Fixedclimb 承載量與天數,警政署入山 / c_id=469 嘉明湖(臺東縣-海端鄉),07 是否雪季路線issnow,0
"第12,49列",S2c Fixedclimb 承載量與天數,警政署入山 / c_id=469 嘉明湖(臺東縣-海端鄉),08 人數檢查teamscountchk,NULL
"第12,49列",S2c Fixedclimb 承載量與天數,警政署入山 / c_id=470 拉庫音溪(臺東縣-海端鄉),01 假日承載量holidaynum,NULL
"第12,49列",S2c Fixedclimb 承載量與天數,警政署入山 / c_id=470 拉庫音溪(臺東縣-海端鄉),02 平日承載量generalnum,NULL
"第12,49列",S2c Fixedclimb 承載量與天數,警政署入山 / c_id=470 拉庫音溪(臺東縣-海端鄉),03 天數下限sumdaymin,1
"第12,49列",S2c Fixedclimb 承載量與天數,警政署入山 / c_id=470 拉庫音溪(臺東縣-海端鄉),04 天數上限sumdaymax,1
"第12,49列",S2c Fixedclimb 承載量與天數,警政署入山 / c_id=470 拉庫音溪(臺東縣-海端鄉),05 是否抽籤IsDraw,0
"第12,49列",S2c Fixedclimb 承載量與天數,警政署入山 / c_id=470 拉庫音溪(臺東縣-海端鄉),06 許可證可印天數printdays,NULL
"第12,49列",S2c Fixedclimb 承載量與天數,警政署入山 / c_id=470 拉庫音溪(臺東縣-海端鄉),07 是否雪季路線issnow,0
"第12,49列",S2c Fixedclimb 承載量與天數,警政署入山 / c_id=470 拉庫音溪(臺東縣-海端鄉),08 人數檢查teamscountchk,NULL
"第12,49列",S2c Fixedclimb 承載量與天數,警政署入山 / c_id=471 嘉蘭村(臺東縣-金峰鄉),01 假日承載量holidaynum,NULL
"第12,49列",S2c Fixedclimb 承載量與天數,警政署入山 / c_id=471 嘉蘭村(臺東縣-金峰鄉),02 平日承載量generalnum,NULL
"第12,49列",S2c Fixedclimb 承載量與天數,警政署入山 / c_id=471 嘉蘭村(臺東縣-金峰鄉),03 天數下限sumdaymin,1
"第12,49列",S2c Fixedclimb 承載量與天數,警政署入山 / c_id=471 嘉蘭村(臺東縣-金峰鄉),04 天數上限sumdaymax,1
"第12,49列",S2c Fixedclimb 承載量與天數,警政署入山 / c_id=471 嘉蘭村(臺東縣-金峰鄉),05 是否抽籤IsDraw,0
"第12,49列",S2c Fixedclimb 承載量與天數,警政署入山 / c_id=471 嘉蘭村(臺東縣-金峰鄉),06 許可證可印天數printdays,NULL
"第12,49列",S2c Fixedclimb 承載量與天數,警政署入山 / c_id=471 嘉蘭村(臺東縣-金峰鄉),07 是否雪季路線issnow,0
"第12,49列",S2c Fixedclimb 承載量與天數,警政署入山 / c_id=471 嘉蘭村(臺東縣-金峰鄉),08 人數檢查teamscountchk,NULL
"第12,49列",S2c Fixedclimb 承載量與天數,警政署入山 / c_id=472 壢坵村(臺東縣-金峰鄉),01 假日承載量holidaynum,NULL
"第12,49列",S2c Fixedclimb 承載量與天數,警政署入山 / c_id=472 壢坵村(臺東縣-金峰鄉),02 平日承載量generalnum,NULL
"第12,49列",S2c Fixedclimb 承載量與天數,警政署入山 / c_id=472 壢坵村(臺東縣-金峰鄉),03 天數下限sumdaymin,1
"第12,49列",S2c Fixedclimb 承載量與天數,警政署入山 / c_id=472 壢坵村(臺東縣-金峰鄉),04 天數上限sumdaymax,1
"第12,49列",S2c Fixedclimb 承載量與天數,警政署入山 / c_id=472 壢坵村(臺東縣-金峰鄉),05 是否抽籤IsDraw,0
"第12,49列",S2c Fixedclimb 承載量與天數,警政署入山 / c_id=472 壢坵村(臺東縣-金峰鄉),06 許可證可印天數printdays,NULL
"第12,49列",S2c Fixedclimb 承載量與天數,警政署入山 / c_id=472 壢坵村(臺東縣-金峰鄉),07 是否雪季路線issnow,0
"第12,49列",S2c Fixedclimb 承載量與天數,警政署入山 / c_id=472 壢坵村(臺東縣-金峰鄉),08 人數檢查teamscountchk,NULL
"第12,49列",S2c Fixedclimb 承載量與天數,警政署入山 / c_id=473 金峰溫泉(臺東縣-金峰鄉),01 假日承載量holidaynum,NULL
"第12,49列",S2c Fixedclimb 承載量與天數,警政署入山 / c_id=473 金峰溫泉(臺東縣-金峰鄉),02 平日承載量generalnum,NULL
"第12,49列",S2c Fixedclimb 承載量與天數,警政署入山 / c_id=473 金峰溫泉(臺東縣-金峰鄉),03 天數下限sumdaymin,1
"第12,49列",S2c Fixedclimb 承載量與天數,警政署入山 / c_id=473 金峰溫泉(臺東縣-金峰鄉),04 天數上限sumdaymax,1
"第12,49列",S2c Fixedclimb 承載量與天數,警政署入山 / c_id=473 金峰溫泉(臺東縣-金峰鄉),05 是否抽籤IsDraw,0
"第12,49列",S2c Fixedclimb 承載量與天數,警政署入山 / c_id=473 金峰溫泉(臺東縣-金峰鄉),06 許可證可印天數printdays,NULL
"第12,49列",S2c Fixedclimb 承載量與天數,警政署入山 / c_id=473 金峰溫泉(臺東縣-金峰鄉),07 是否雪季路線issnow,0
"第12,49列",S2c Fixedclimb 承載量與天數,警政署入山 / c_id=473 金峰溫泉(臺東縣-金峰鄉),08 人數檢查teamscountchk,NULL
"第12,49列",S2c Fixedclimb 承載量與天數,警政署入山 / c_id=474 白河溪(臺東縣-金峰鄉),01 假日承載量holidaynum,NULL
"第12,49列",S2c Fixedclimb 承載量與天數,警政署入山 / c_id=474 白河溪(臺東縣-金峰鄉),02 平日承載量generalnum,NULL
"第12,49列",S2c Fixedclimb 承載量與天數,警政署入山 / c_id=474 白河溪(臺東縣-金峰鄉),03 天數下限sumdaymin,1
"第12,49列",S2c Fixedclimb 承載量與天數,警政署入山 / c_id=474 白河溪(臺東縣-金峰鄉),04 天數上限sumdaymax,1
"第12,49列",S2c Fixedclimb 承載量與天數,警政署入山 / c_id=474 白河溪(臺東縣-金峰鄉),05 是否抽籤IsDraw,0
"第12,49列",S2c Fixedclimb 承載量與天數,警政署入山 / c_id=474 白河溪(臺東縣-金峰鄉),06 許可證可印天數printdays,NULL
"第12,49列",S2c Fixedclimb 承載量與天數,警政署入山 / c_id=474 白河溪(臺東縣-金峰鄉),07 是否雪季路線issnow,0
"第12,49列",S2c Fixedclimb 承載量與天數,警政署入山 / c_id=474 白河溪(臺東縣-金峰鄉),08 人數檢查teamscountchk,NULL
"第12,49列",S2c Fixedclimb 承載量與天數,警政署入山 / c_id=475 金崙溫泉(臺東縣-金峰鄉),01 假日承載量holidaynum,NULL
"第12,49列",S2c Fixedclimb 承載量與天數,警政署入山 / c_id=475 金崙溫泉(臺東縣-金峰鄉),02 平日承載量generalnum,NULL
"第12,49列",S2c Fixedclimb 承載量與天數,警政署入山 / c_id=475 金崙溫泉(臺東縣-金峰鄉),03 天數下限sumdaymin,1
"第12,49列",S2c Fixedclimb 承載量與天數,警政署入山 / c_id=475 金崙溫泉(臺東縣-金峰鄉),04 天數上限sumdaymax,1
"第12,49列",S2c Fixedclimb 承載量與天數,警政署入山 / c_id=475 金崙溫泉(臺東縣-金峰鄉),05 是否抽籤IsDraw,0
"第12,49列",S2c Fixedclimb 承載量與天數,警政署入山 / c_id=475 金崙溫泉(臺東縣-金峰鄉),06 許可證可印天數printdays,NULL
"第12,49列",S2c Fixedclimb 承載量與天數,警政署入山 / c_id=475 金崙溫泉(臺東縣-金峰鄉),07 是否雪季路線issnow,0
"第12,49列",S2c Fixedclimb 承載量與天數,警政署入山 / c_id=475 金崙溫泉(臺東縣-金峰鄉),08 人數檢查teamscountchk,NULL
"第12,49列",S2c Fixedclimb 承載量與天數,警政署入山 / c_id=476 比魯溫泉(臺東縣-金峰鄉),01 假日承載量holidaynum,NULL
"第12,49列",S2c Fixedclimb 承載量與天數,警政署入山 / c_id=476 比魯溫泉(臺東縣-金峰鄉),02 平日承載量generalnum,NULL
"第12,49列",S2c Fixedclimb 承載量與天數,警政署入山 / c_id=476 比魯溫泉(臺東縣-金峰鄉),03 天數下限sumdaymin,1
"第12,49列",S2c Fixedclimb 承載量與天數,警政署入山 / c_id=476 比魯溫泉(臺東縣-金峰鄉),04 天數上限sumdaymax,1
"第12,49列",S2c Fixedclimb 承載量與天數,警政署入山 / c_id=476 比魯溫泉(臺東縣-金峰鄉),05 是否抽籤IsDraw,0
"第12,49列",S2c Fixedclimb 承載量與天數,警政署入山 / c_id=476 比魯溫泉(臺東縣-金峰鄉),06 許可證可印天數printdays,NULL
"第12,49列",S2c Fixedclimb 承載量與天數,警政署入山 / c_id=476 比魯溫泉(臺東縣-金峰鄉),07 是否雪季路線issnow,0
"第12,49列",S2c Fixedclimb 承載量與天數,警政署入山 / c_id=476 比魯溫泉(臺東縣-金峰鄉),08 人數檢查teamscountchk,NULL
"第12,49列",S2c Fixedclimb 承載量與天數,警政署入山 / c_id=477 都飛魯溫泉(臺東縣-金峰鄉),01 假日承載量holidaynum,NULL
"第12,49列",S2c Fixedclimb 承載量與天數,警政署入山 / c_id=477 都飛魯溫泉(臺東縣-金峰鄉),02 平日承載量generalnum,NULL
"第12,49列",S2c Fixedclimb 承載量與天數,警政署入山 / c_id=477 都飛魯溫泉(臺東縣-金峰鄉),03 天數下限sumdaymin,1
"第12,49列",S2c Fixedclimb 承載量與天數,警政署入山 / c_id=477 都飛魯溫泉(臺東縣-金峰鄉),04 天數上限sumdaymax,1
"第12,49列",S2c Fixedclimb 承載量與天數,警政署入山 / c_id=477 都飛魯溫泉(臺東縣-金峰鄉),05 是否抽籤IsDraw,0
"第12,49列",S2c Fixedclimb 承載量與天數,警政署入山 / c_id=477 都飛魯溫泉(臺東縣-金峰鄉),06 許可證可印天數printdays,NULL
"第12,49列",S2c Fixedclimb 承載量與天數,警政署入山 / c_id=477 都飛魯溫泉(臺東縣-金峰鄉),07 是否雪季路線issnow,0
"第12,49列",S2c Fixedclimb 承載量與天數,警政署入山 / c_id=477 都飛魯溫泉(臺東縣-金峰鄉),08 人數檢查teamscountchk,NULL
"第12,49列",S2c Fixedclimb 承載量與天數,警政署入山 / c_id=478 太麻里溪(臺東縣-金峰鄉),01 假日承載量holidaynum,NULL
"第12,49列",S2c Fixedclimb 承載量與天數,警政署入山 / c_id=478 太麻里溪(臺東縣-金峰鄉),02 平日承載量generalnum,NULL
"第12,49列",S2c Fixedclimb 承載量與天數,警政署入山 / c_id=478 太麻里溪(臺東縣-金峰鄉),03 天數下限sumdaymin,1
"第12,49列",S2c Fixedclimb 承載量與天數,警政署入山 / c_id=478 太麻里溪(臺東縣-金峰鄉),04 天數上限sumdaymax,1
"第12,49列",S2c Fixedclimb 承載量與天數,警政署入山 / c_id=478 太麻里溪(臺東縣-金峰鄉),05 是否抽籤IsDraw,0
"第12,49列",S2c Fixedclimb 承載量與天數,警政署入山 / c_id=478 太麻里溪(臺東縣-金峰鄉),06 許可證可印天數printdays,NULL
"第12,49列",S2c Fixedclimb 承載量與天數,警政署入山 / c_id=478 太麻里溪(臺東縣-金峰鄉),07 是否雪季路線issnow,0
"第12,49列",S2c Fixedclimb 承載量與天數,警政署入山 / c_id=478 太麻里溪(臺東縣-金峰鄉),08 人數檢查teamscountchk,NULL
"第12,49列",S2c Fixedclimb 承載量與天數,警政署入山 / c_id=479 金崙溪(臺東縣-金峰鄉),01 假日承載量holidaynum,NULL
"第12,49列",S2c Fixedclimb 承載量與天數,警政署入山 / c_id=479 金崙溪(臺東縣-金峰鄉),02 平日承載量generalnum,NULL
"第12,49列",S2c Fixedclimb 承載量與天數,警政署入山 / c_id=479 金崙溪(臺東縣-金峰鄉),03 天數下限sumdaymin,1
"第12,49列",S2c Fixedclimb 承載量與天數,警政署入山 / c_id=479 金崙溪(臺東縣-金峰鄉),04 天數上限sumdaymax,1
"第12,49列",S2c Fixedclimb 承載量與天數,警政署入山 / c_id=479 金崙溪(臺東縣-金峰鄉),05 是否抽籤IsDraw,0
"第12,49列",S2c Fixedclimb 承載量與天數,警政署入山 / c_id=479 金崙溪(臺東縣-金峰鄉),06 許可證可印天數printdays,NULL
"第12,49列",S2c Fixedclimb 承載量與天數,警政署入山 / c_id=479 金崙溪(臺東縣-金峰鄉),07 是否雪季路線issnow,0
"第12,49列",S2c Fixedclimb 承載量與天數,警政署入山 / c_id=479 金崙溪(臺東縣-金峰鄉),08 人數檢查teamscountchk,NULL
"第12,49列",S2c Fixedclimb 承載量與天數,警政署入山 / c_id=480 近黃溫泉(臺東縣-金峰鄉),01 假日承載量holidaynum,NULL
"第12,49列",S2c Fixedclimb 承載量與天數,警政署入山 / c_id=480 近黃溫泉(臺東縣-金峰鄉),02 平日承載量generalnum,NULL
"第12,49列",S2c Fixedclimb 承載量與天數,警政署入山 / c_id=480 近黃溫泉(臺東縣-金峰鄉),03 天數下限sumdaymin,1
"第12,49列",S2c Fixedclimb 承載量與天數,警政署入山 / c_id=480 近黃溫泉(臺東縣-金峰鄉),04 天數上限sumdaymax,1
"第12,49列",S2c Fixedclimb 承載量與天數,警政署入山 / c_id=480 近黃溫泉(臺東縣-金峰鄉),05 是否抽籤IsDraw,0
"第12,49列",S2c Fixedclimb 承載量與天數,警政署入山 / c_id=480 近黃溫泉(臺東縣-金峰鄉),06 許可證可印天數printdays,NULL
"第12,49列",S2c Fixedclimb 承載量與天數,警政署入山 / c_id=480 近黃溫泉(臺東縣-金峰鄉),07 是否雪季路線issnow,0
"第12,49列",S2c Fixedclimb 承載量與天數,警政署入山 / c_id=480 近黃溫泉(臺東縣-金峰鄉),08 人數檢查teamscountchk,NULL
"第12,49列",S2c Fixedclimb 承載量與天數,警政署入山 / c_id=481 大鬼湖(臺東縣-延平鄉),01 假日承載量holidaynum,NULL
"第12,49列",S2c Fixedclimb 承載量與天數,警政署入山 / c_id=481 大鬼湖(臺東縣-延平鄉),02 平日承載量generalnum,NULL
"第12,49列",S2c Fixedclimb 承載量與天數,警政署入山 / c_id=481 大鬼湖(臺東縣-延平鄉),03 天數下限sumdaymin,1
"第12,49列",S2c Fixedclimb 承載量與天數,警政署入山 / c_id=481 大鬼湖(臺東縣-延平鄉),04 天數上限sumdaymax,1
"第12,49列",S2c Fixedclimb 承載量與天數,警政署入山 / c_id=481 大鬼湖(臺東縣-延平鄉),05 是否抽籤IsDraw,0
"第12,49列",S2c Fixedclimb 承載量與天數,警政署入山 / c_id=481 大鬼湖(臺東縣-延平鄉),06 許可證可印天數printdays,NULL
"第12,49列",S2c Fixedclimb 承載量與天數,警政署入山 / c_id=481 大鬼湖(臺東縣-延平鄉),07 是否雪季路線issnow,0
"第12,49列",S2c Fixedclimb 承載量與天數,警政署入山 / c_id=481 大鬼湖(臺東縣-延平鄉),08 人數檢查teamscountchk,NULL
"第12,49列",S2c Fixedclimb 承載量與天數,警政署入山 / c_id=482 延平林道(臺東縣-延平鄉),01 假日承載量holidaynum,NULL
"第12,49列",S2c Fixedclimb 承載量與天數,警政署入山 / c_id=482 延平林道(臺東縣-延平鄉),02 平日承載量generalnum,NULL
"第12,49列",S2c Fixedclimb 承載量與天數,警政署入山 / c_id=482 延平林道(臺東縣-延平鄉),03 天數下限sumdaymin,1
"第12,49列",S2c Fixedclimb 承載量與天數,警政署入山 / c_id=482 延平林道(臺東縣-延平鄉),04 天數上限sumdaymax,1
"第12,49列",S2c Fixedclimb 承載量與天數,警政署入山 / c_id=482 延平林道(臺東縣-延平鄉),05 是否抽籤IsDraw,0
"第12,49列",S2c Fixedclimb 承載量與天數,警政署入山 / c_id=482 延平林道(臺東縣-延平鄉),06 許可證可印天數printdays,NULL
"第12,49列",S2c Fixedclimb 承載量與天數,警政署入山 / c_id=482 延平林道(臺東縣-延平鄉),07 是否雪季路線issnow,0
"第12,49列",S2c Fixedclimb 承載量與天數,警政署入山 / c_id=482 延平林道(臺東縣-延平鄉),08 人數檢查teamscountchk,NULL
"第12,49列",S2c Fixedclimb 承載量與天數,警政署入山 / c_id=483 鹿鳴溪上游攔砂壩(臺東縣-延平鄉),01 假日承載量holidaynum,NULL
"第12,49列",S2c Fixedclimb 承載量與天數,警政署入山 / c_id=483 鹿鳴溪上游攔砂壩(臺東縣-延平鄉),02 平日承載量generalnum,NULL
"第12,49列",S2c Fixedclimb 承載量與天數,警政署入山 / c_id=483 鹿鳴溪上游攔砂壩(臺東縣-延平鄉),03 天數下限sumdaymin,1
"第12,49列",S2c Fixedclimb 承載量與天數,警政署入山 / c_id=483 鹿鳴溪上游攔砂壩(臺東縣-延平鄉),04 天數上限sumdaymax,1
"第12,49列",S2c Fixedclimb 承載量與天數,警政署入山 / c_id=483 鹿鳴溪上游攔砂壩(臺東縣-延平鄉),05 是否抽籤IsDraw,0
"第12,49列",S2c Fixedclimb 承載量與天數,警政署入山 / c_id=483 鹿鳴溪上游攔砂壩(臺東縣-延平鄉),06 許可證可印天數printdays,NULL
"第12,49列",S2c Fixedclimb 承載量與天數,警政署入山 / c_id=483 鹿鳴溪上游攔砂壩(臺東縣-延平鄉),07 是否雪季路線issnow,0
"第12,49列",S2c Fixedclimb 承載量與天數,警政署入山 / c_id=483 鹿鳴溪上游攔砂壩(臺東縣-延平鄉),08 人數檢查teamscountchk,NULL
"第12,49列",S2c Fixedclimb 承載量與天數,警政署入山 / c_id=484 紅葉村五鄰以上(臺東縣-延平鄉),01 假日承載量holidaynum,NULL
"第12,49列",S2c Fixedclimb 承載量與天數,警政署入山 / c_id=484 紅葉村五鄰以上(臺東縣-延平鄉),02 平日承載量generalnum,NULL
"第12,49列",S2c Fixedclimb 承載量與天數,警政署入山 / c_id=484 紅葉村五鄰以上(臺東縣-延平鄉),03 天數下限sumdaymin,1
"第12,49列",S2c Fixedclimb 承載量與天數,警政署入山 / c_id=484 紅葉村五鄰以上(臺東縣-延平鄉),04 天數上限sumdaymax,1
"第12,49列",S2c Fixedclimb 承載量與天數,警政署入山 / c_id=484 紅葉村五鄰以上(臺東縣-延平鄉),05 是否抽籤IsDraw,0
"第12,49列",S2c Fixedclimb 承載量與天數,警政署入山 / c_id=484 紅葉村五鄰以上(臺東縣-延平鄉),06 許可證可印天數printdays,NULL
"第12,49列",S2c Fixedclimb 承載量與天數,警政署入山 / c_id=484 紅葉村五鄰以上(臺東縣-延平鄉),07 是否雪季路線issnow,0
"第12,49列",S2c Fixedclimb 承載量與天數,警政署入山 / c_id=484 紅葉村五鄰以上(臺東縣-延平鄉),08 人數檢查teamscountchk,NULL
"第12,49列",S2c Fixedclimb 承載量與天數,警政署入山 / c_id=485 內本鹿越嶺(臺東縣-延平鄉),01 假日承載量holidaynum,NULL
"第12,49列",S2c Fixedclimb 承載量與天數,警政署入山 / c_id=485 內本鹿越嶺(臺東縣-延平鄉),02 平日承載量generalnum,NULL
"第12,49列",S2c Fixedclimb 承載量與天數,警政署入山 / c_id=485 內本鹿越嶺(臺東縣-延平鄉),03 天數下限sumdaymin,1
"第12,49列",S2c Fixedclimb 承載量與天數,警政署入山 / c_id=485 內本鹿越嶺(臺東縣-延平鄉),04 天數上限sumdaymax,1
"第12,49列",S2c Fixedclimb 承載量與天數,警政署入山 / c_id=485 內本鹿越嶺(臺東縣-延平鄉),05 是否抽籤IsDraw,0
"第12,49列",S2c Fixedclimb 承載量與天數,警政署入山 / c_id=485 內本鹿越嶺(臺東縣-延平鄉),06 許可證可印天數printdays,NULL
"第12,49列",S2c Fixedclimb 承載量與天數,警政署入山 / c_id=485 內本鹿越嶺(臺東縣-延平鄉),07 是否雪季路線issnow,0
"第12,49列",S2c Fixedclimb 承載量與天數,警政署入山 / c_id=485 內本鹿越嶺(臺東縣-延平鄉),08 人數檢查teamscountchk,NULL
"第12,49列",S2c Fixedclimb 承載量與天數,警政署入山 / c_id=486 內本鹿古道東段(臺東縣-延平鄉),01 假日承載量holidaynum,NULL
"第12,49列",S2c Fixedclimb 承載量與天數,警政署入山 / c_id=486 內本鹿古道東段(臺東縣-延平鄉),02 平日承載量generalnum,NULL
"第12,49列",S2c Fixedclimb 承載量與天數,警政署入山 / c_id=486 內本鹿古道東段(臺東縣-延平鄉),03 天數下限sumdaymin,1
"第12,49列",S2c Fixedclimb 承載量與天數,警政署入山 / c_id=486 內本鹿古道東段(臺東縣-延平鄉),04 天數上限sumdaymax,1
"第12,49列",S2c Fixedclimb 承載量與天數,警政署入山 / c_id=486 內本鹿古道東段(臺東縣-延平鄉),05 是否抽籤IsDraw,0
"第12,49列",S2c Fixedclimb 承載量與天數,警政署入山 / c_id=486 內本鹿古道東段(臺東縣-延平鄉),06 許可證可印天數printdays,NULL
"第12,49列",S2c Fixedclimb 承載量與天數,警政署入山 / c_id=486 內本鹿古道東段(臺東縣-延平鄉),07 是否雪季路線issnow,0
"第12,49列",S2c Fixedclimb 承載量與天數,警政署入山 / c_id=486 內本鹿古道東段(臺東縣-延平鄉),08 人數檢查teamscountchk,NULL
"第12,49列",S2c Fixedclimb 承載量與天數,警政署入山 / c_id=487 新化村(臺東縣-達仁鄉),01 假日承載量holidaynum,NULL
"第12,49列",S2c Fixedclimb 承載量與天數,警政署入山 / c_id=487 新化村(臺東縣-達仁鄉),02 平日承載量generalnum,NULL
"第12,49列",S2c Fixedclimb 承載量與天數,警政署入山 / c_id=487 新化村(臺東縣-達仁鄉),03 天數下限sumdaymin,1
"第12,49列",S2c Fixedclimb 承載量與天數,警政署入山 / c_id=487 新化村(臺東縣-達仁鄉),04 天數上限sumdaymax,1
"第12,49列",S2c Fixedclimb 承載量與天數,警政署入山 / c_id=487 新化村(臺東縣-達仁鄉),05 是否抽籤IsDraw,0
"第12,49列",S2c Fixedclimb 承載量與天數,警政署入山 / c_id=487 新化村(臺東縣-達仁鄉),06 許可證可印天數printdays,NULL
"第12,49列",S2c Fixedclimb 承載量與天數,警政署入山 / c_id=487 新化村(臺東縣-達仁鄉),07 是否雪季路線issnow,0
"第12,49列",S2c Fixedclimb 承載量與天數,警政署入山 / c_id=487 新化村(臺東縣-達仁鄉),08 人數檢查teamscountchk,NULL
"第12,49列",S2c Fixedclimb 承載量與天數,警政署入山 / c_id=488 南田村(臺東縣-達仁鄉),01 假日承載量holidaynum,NULL
"第12,49列",S2c Fixedclimb 承載量與天數,警政署入山 / c_id=488 南田村(臺東縣-達仁鄉),02 平日承載量generalnum,NULL
"第12,49列",S2c Fixedclimb 承載量與天數,警政署入山 / c_id=488 南田村(臺東縣-達仁鄉),03 天數下限sumdaymin,1
"第12,49列",S2c Fixedclimb 承載量與天數,警政署入山 / c_id=488 南田村(臺東縣-達仁鄉),04 天數上限sumdaymax,1
"第12,49列",S2c Fixedclimb 承載量與天數,警政署入山 / c_id=488 南田村(臺東縣-達仁鄉),05 是否抽籤IsDraw,0
"第12,49列",S2c Fixedclimb 承載量與天數,警政署入山 / c_id=488 南田村(臺東縣-達仁鄉),06 許可證可印天數printdays,NULL
"第12,49列",S2c Fixedclimb 承載量與天數,警政署入山 / c_id=488 南田村(臺東縣-達仁鄉),07 是否雪季路線issnow,0
"第12,49列",S2c Fixedclimb 承載量與天數,警政署入山 / c_id=488 南田村(臺東縣-達仁鄉),08 人數檢查teamscountchk,NULL
"第12,49列",S2c Fixedclimb 承載量與天數,警政署入山 / c_id=489 台板村(臺東縣-達仁鄉),01 假日承載量holidaynum,NULL
"第12,49列",S2c Fixedclimb 承載量與天數,警政署入山 / c_id=489 台板村(臺東縣-達仁鄉),02 平日承載量generalnum,NULL
"第12,49列",S2c Fixedclimb 承載量與天數,警政署入山 / c_id=489 台板村(臺東縣-達仁鄉),03 天數下限sumdaymin,1
"第12,49列",S2c Fixedclimb 承載量與天數,警政署入山 / c_id=489 台板村(臺東縣-達仁鄉),04 天數上限sumdaymax,1
"第12,49列",S2c Fixedclimb 承載量與天數,警政署入山 / c_id=489 台板村(臺東縣-達仁鄉),05 是否抽籤IsDraw,0
"第12,49列",S2c Fixedclimb 承載量與天數,警政署入山 / c_id=489 台板村(臺東縣-達仁鄉),06 許可證可印天數printdays,NULL
"第12,49列",S2c Fixedclimb 承載量與天數,警政署入山 / c_id=489 台板村(臺東縣-達仁鄉),07 是否雪季路線issnow,0
"第12,49列",S2c Fixedclimb 承載量與天數,警政署入山 / c_id=489 台板村(臺東縣-達仁鄉),08 人數檢查teamscountchk,NULL
"第12,49列",S2c Fixedclimb 承載量與天數,警政署入山 / c_id=490 玉山前五峰(嘉義縣-阿里山鄉),01 假日承載量holidaynum,NULL
"第12,49列",S2c Fixedclimb 承載量與天數,警政署入山 / c_id=490 玉山前五峰(嘉義縣-阿里山鄉),02 平日承載量generalnum,NULL
"第12,49列",S2c Fixedclimb 承載量與天數,警政署入山 / c_id=490 玉山前五峰(嘉義縣-阿里山鄉),03 天數下限sumdaymin,1
"第12,49列",S2c Fixedclimb 承載量與天數,警政署入山 / c_id=490 玉山前五峰(嘉義縣-阿里山鄉),04 天數上限sumdaymax,1
"第12,49列",S2c Fixedclimb 承載量與天數,警政署入山 / c_id=490 玉山前五峰(嘉義縣-阿里山鄉),05 是否抽籤IsDraw,0
"第12,49列",S2c Fixedclimb 承載量與天數,警政署入山 / c_id=490 玉山前五峰(嘉義縣-阿里山鄉),06 許可證可印天數printdays,NULL
"第12,49列",S2c Fixedclimb 承載量與天數,警政署入山 / c_id=490 玉山前五峰(嘉義縣-阿里山鄉),07 是否雪季路線issnow,0
"第12,49列",S2c Fixedclimb 承載量與天數,警政署入山 / c_id=490 玉山前五峰(嘉義縣-阿里山鄉),08 人數檢查teamscountchk,NULL
"第12,49列",S2c Fixedclimb 承載量與天數,警政署入山 / c_id=491 玉山前五峰(南投縣-信義鄉),01 假日承載量holidaynum,NULL
"第12,49列",S2c Fixedclimb 承載量與天數,警政署入山 / c_id=491 玉山前五峰(南投縣-信義鄉),02 平日承載量generalnum,NULL
"第12,49列",S2c Fixedclimb 承載量與天數,警政署入山 / c_id=491 玉山前五峰(南投縣-信義鄉),03 天數下限sumdaymin,1
"第12,49列",S2c Fixedclimb 承載量與天數,警政署入山 / c_id=491 玉山前五峰(南投縣-信義鄉),04 天數上限sumdaymax,1
"第12,49列",S2c Fixedclimb 承載量與天數,警政署入山 / c_id=491 玉山前五峰(南投縣-信義鄉),05 是否抽籤IsDraw,0
"第12,49列",S2c Fixedclimb 承載量與天數,警政署入山 / c_id=491 玉山前五峰(南投縣-信義鄉),06 許可證可印天數printdays,NULL
"第12,49列",S2c Fixedclimb 承載量與天數,警政署入山 / c_id=491 玉山前五峰(南投縣-信義鄉),07 是否雪季路線issnow,0
"第12,49列",S2c Fixedclimb 承載量與天數,警政署入山 / c_id=491 玉山前五峰(南投縣-信義鄉),08 人數檢查teamscountchk,NULL
"第12,49列",S2c Fixedclimb 承載量與天數,警政署入山 / c_id=492 東郡橫斷(南投縣-信義鄉),01 假日承載量holidaynum,NULL
"第12,49列",S2c Fixedclimb 承載量與天數,警政署入山 / c_id=492 東郡橫斷(南投縣-信義鄉),02 平日承載量generalnum,NULL
"第12,49列",S2c Fixedclimb 承載量與天數,警政署入山 / c_id=492 東郡橫斷(南投縣-信義鄉),03 天數下限sumdaymin,1
"第12,49列",S2c Fixedclimb 承載量與天數,警政署入山 / c_id=492 東郡橫斷(南投縣-信義鄉),04 天數上限sumdaymax,1
"第12,49列",S2c Fixedclimb 承載量與天數,警政署入山 / c_id=492 東郡橫斷(南投縣-信義鄉),05 是否抽籤IsDraw,0
"第12,49列",S2c Fixedclimb 承載量與天數,警政署入山 / c_id=492 東郡橫斷(南投縣-信義鄉),06 許可證可印天數printdays,NULL
"第12,49列",S2c Fixedclimb 承載量與天數,警政署入山 / c_id=492 東郡橫斷(南投縣-信義鄉),07 是否雪季路線issnow,0
"第12,49列",S2c Fixedclimb 承載量與天數,警政署入山 / c_id=492 東郡橫斷(南投縣-信義鄉),08 人數檢查teamscountchk,NULL
"第12,49列",S2c Fixedclimb 承載量與天數,警政署入山 / c_id=493 東郡橫斷(花蓮縣-萬榮鄉),01 假日承載量holidaynum,NULL
"第12,49列",S2c Fixedclimb 承載量與天數,警政署入山 / c_id=493 東郡橫斷(花蓮縣-萬榮鄉),02 平日承載量generalnum,NULL
"第12,49列",S2c Fixedclimb 承載量與天數,警政署入山 / c_id=493 東郡橫斷(花蓮縣-萬榮鄉),03 天數下限sumdaymin,1
"第12,49列",S2c Fixedclimb 承載量與天數,警政署入山 / c_id=493 東郡橫斷(花蓮縣-萬榮鄉),04 天數上限sumdaymax,1
"第12,49列",S2c Fixedclimb 承載量與天數,警政署入山 / c_id=493 東郡橫斷(花蓮縣-萬榮鄉),05 是否抽籤IsDraw,0
"第12,49列",S2c Fixedclimb 承載量與天數,警政署入山 / c_id=493 東郡橫斷(花蓮縣-萬榮鄉),06 許可證可印天數printdays,NULL
"第12,49列",S2c Fixedclimb 承載量與天數,警政署入山 / c_id=493 東郡橫斷(花蓮縣-萬榮鄉),07 是否雪季路線issnow,0
"第12,49列",S2c Fixedclimb 承載量與天數,警政署入山 / c_id=493 東郡橫斷(花蓮縣-萬榮鄉),08 人數檢查teamscountchk,NULL
"第12,49列",S2c Fixedclimb 承載量與天數,警政署入山 / c_id=494 東郡橫斷(花蓮縣-卓溪鄉),01 假日承載量holidaynum,NULL
"第12,49列",S2c Fixedclimb 承載量與天數,警政署入山 / c_id=494 東郡橫斷(花蓮縣-卓溪鄉),02 平日承載量generalnum,NULL
"第12,49列",S2c Fixedclimb 承載量與天數,警政署入山 / c_id=494 東郡橫斷(花蓮縣-卓溪鄉),03 天數下限sumdaymin,1
"第12,49列",S2c Fixedclimb 承載量與天數,警政署入山 / c_id=494 東郡橫斷(花蓮縣-卓溪鄉),04 天數上限sumdaymax,1
"第12,49列",S2c Fixedclimb 承載量與天數,警政署入山 / c_id=494 東郡橫斷(花蓮縣-卓溪鄉),05 是否抽籤IsDraw,0
"第12,49列",S2c Fixedclimb 承載量與天數,警政署入山 / c_id=494 東郡橫斷(花蓮縣-卓溪鄉),06 許可證可印天數printdays,NULL
"第12,49列",S2c Fixedclimb 承載量與天數,警政署入山 / c_id=494 東郡橫斷(花蓮縣-卓溪鄉),07 是否雪季路線issnow,0
"第12,49列",S2c Fixedclimb 承載量與天數,警政署入山 / c_id=494 東郡橫斷(花蓮縣-卓溪鄉),08 人數檢查teamscountchk,NULL
"第12,49列",S2c Fixedclimb 承載量與天數,警政署入山 / c_id=495 南湖大山(宜蘭縣-大同鄉),01 假日承載量holidaynum,NULL
"第12,49列",S2c Fixedclimb 承載量與天數,警政署入山 / c_id=495 南湖大山(宜蘭縣-大同鄉),02 平日承載量generalnum,NULL
"第12,49列",S2c Fixedclimb 承載量與天數,警政署入山 / c_id=495 南湖大山(宜蘭縣-大同鄉),03 天數下限sumdaymin,1
"第12,49列",S2c Fixedclimb 承載量與天數,警政署入山 / c_id=495 南湖大山(宜蘭縣-大同鄉),04 天數上限sumdaymax,1
"第12,49列",S2c Fixedclimb 承載量與天數,警政署入山 / c_id=495 南湖大山(宜蘭縣-大同鄉),05 是否抽籤IsDraw,0
"第12,49列",S2c Fixedclimb 承載量與天數,警政署入山 / c_id=495 南湖大山(宜蘭縣-大同鄉),06 許可證可印天數printdays,NULL
"第12,49列",S2c Fixedclimb 承載量與天數,警政署入山 / c_id=495 南湖大山(宜蘭縣-大同鄉),07 是否雪季路線issnow,0
"第12,49列",S2c Fixedclimb 承載量與天數,警政署入山 / c_id=495 南湖大山(宜蘭縣-大同鄉),08 人數檢查teamscountchk,NULL
"第12,49列",S2c Fixedclimb 承載量與天數,警政署入山 / c_id=496 太加縱走(宜蘭縣-大同鄉),01 假日承載量holidaynum,NULL
"第12,49列",S2c Fixedclimb 承載量與天數,警政署入山 / c_id=496 太加縱走(宜蘭縣-大同鄉),02 平日承載量generalnum,NULL
"第12,49列",S2c Fixedclimb 承載量與天數,警政署入山 / c_id=496 太加縱走(宜蘭縣-大同鄉),03 天數下限sumdaymin,1
"第12,49列",S2c Fixedclimb 承載量與天數,警政署入山 / c_id=496 太加縱走(宜蘭縣-大同鄉),04 天數上限sumdaymax,1
"第12,49列",S2c Fixedclimb 承載量與天數,警政署入山 / c_id=496 太加縱走(宜蘭縣-大同鄉),05 是否抽籤IsDraw,0
"第12,49列",S2c Fixedclimb 承載量與天數,警政署入山 / c_id=496 太加縱走(宜蘭縣-大同鄉),06 許可證可印天數printdays,NULL
"第12,49列",S2c Fixedclimb 承載量與天數,警政署入山 / c_id=496 太加縱走(宜蘭縣-大同鄉),07 是否雪季路線issnow,0
"第12,49列",S2c Fixedclimb 承載量與天數,警政署入山 / c_id=496 太加縱走(宜蘭縣-大同鄉),08 人數檢查teamscountchk,NULL
"第12,49列",S2c Fixedclimb 承載量與天數,警政署入山 / c_id=497 太加縱走(宜蘭縣-南澳鄉),01 假日承載量holidaynum,NULL
"第12,49列",S2c Fixedclimb 承載量與天數,警政署入山 / c_id=497 太加縱走(宜蘭縣-南澳鄉),02 平日承載量generalnum,NULL
"第12,49列",S2c Fixedclimb 承載量與天數,警政署入山 / c_id=497 太加縱走(宜蘭縣-南澳鄉),03 天數下限sumdaymin,1
"第12,49列",S2c Fixedclimb 承載量與天數,警政署入山 / c_id=497 太加縱走(宜蘭縣-南澳鄉),04 天數上限sumdaymax,1
"第12,49列",S2c Fixedclimb 承載量與天數,警政署入山 / c_id=497 太加縱走(宜蘭縣-南澳鄉),05 是否抽籤IsDraw,0
"第12,49列",S2c Fixedclimb 承載量與天數,警政署入山 / c_id=497 太加縱走(宜蘭縣-南澳鄉),06 許可證可印天數printdays,NULL
"第12,49列",S2c Fixedclimb 承載量與天數,警政署入山 / c_id=497 太加縱走(宜蘭縣-南澳鄉),07 是否雪季路線issnow,0
"第12,49列",S2c Fixedclimb 承載量與天數,警政署入山 / c_id=497 太加縱走(宜蘭縣-南澳鄉),08 人數檢查teamscountchk,NULL
"第12,49列",S2c Fixedclimb 承載量與天數,警政署入山 / c_id=498 八大秀(南投縣-信義鄉),01 假日承載量holidaynum,NULL
"第12,49列",S2c Fixedclimb 承載量與天數,警政署入山 / c_id=498 八大秀(南投縣-信義鄉),02 平日承載量generalnum,NULL
"第12,49列",S2c Fixedclimb 承載量與天數,警政署入山 / c_id=498 八大秀(南投縣-信義鄉),03 天數下限sumdaymin,1
"第12,49列",S2c Fixedclimb 承載量與天數,警政署入山 / c_id=498 八大秀(南投縣-信義鄉),04 天數上限sumdaymax,1
"第12,49列",S2c Fixedclimb 承載量與天數,警政署入山 / c_id=498 八大秀(南投縣-信義鄉),05 是否抽籤IsDraw,0
"第12,49列",S2c Fixedclimb 承載量與天數,警政署入山 / c_id=498 八大秀(南投縣-信義鄉),06 許可證可印天數printdays,NULL
"第12,49列",S2c Fixedclimb 承載量與天數,警政署入山 / c_id=498 八大秀(南投縣-信義鄉),07 是否雪季路線issnow,0
"第12,49列",S2c Fixedclimb 承載量與天數,警政署入山 / c_id=498 八大秀(南投縣-信義鄉),08 人數檢查teamscountchk,NULL
"第12,49列",S2c Fixedclimb 承載量與天數,警政署入山 / c_id=499 八大秀(花蓮縣-卓溪鄉),01 假日承載量holidaynum,NULL
"第12,49列",S2c Fixedclimb 承載量與天數,警政署入山 / c_id=499 八大秀(花蓮縣-卓溪鄉),02 平日承載量generalnum,NULL
"第12,49列",S2c Fixedclimb 承載量與天數,警政署入山 / c_id=499 八大秀(花蓮縣-卓溪鄉),03 天數下限sumdaymin,1
"第12,49列",S2c Fixedclimb 承載量與天數,警政署入山 / c_id=499 八大秀(花蓮縣-卓溪鄉),04 天數上限sumdaymax,1
"第12,49列",S2c Fixedclimb 承載量與天數,警政署入山 / c_id=499 八大秀(花蓮縣-卓溪鄉),05 是否抽籤IsDraw,0
"第12,49列",S2c Fixedclimb 承載量與天數,警政署入山 / c_id=499 八大秀(花蓮縣-卓溪鄉),06 許可證可印天數printdays,NULL
"第12,49列",S2c Fixedclimb 承載量與天數,警政署入山 / c_id=499 八大秀(花蓮縣-卓溪鄉),07 是否雪季路線issnow,0
"第12,49列",S2c Fixedclimb 承載量與天數,警政署入山 / c_id=499 八大秀(花蓮縣-卓溪鄉),08 人數檢查teamscountchk,NULL
"第12,49列",S2c Fixedclimb 承載量與天數,警政署入山 / c_id=500 中央山脈大縱走(高雄市-桃源區),01 假日承載量holidaynum,NULL
"第12,49列",S2c Fixedclimb 承載量與天數,警政署入山 / c_id=500 中央山脈大縱走(高雄市-桃源區),02 平日承載量generalnum,NULL
"第12,49列",S2c Fixedclimb 承載量與天數,警政署入山 / c_id=500 中央山脈大縱走(高雄市-桃源區),03 天數下限sumdaymin,1
"第12,49列",S2c Fixedclimb 承載量與天數,警政署入山 / c_id=500 中央山脈大縱走(高雄市-桃源區),04 天數上限sumdaymax,1
"第12,49列",S2c Fixedclimb 承載量與天數,警政署入山 / c_id=500 中央山脈大縱走(高雄市-桃源區),05 是否抽籤IsDraw,0
"第12,49列",S2c Fixedclimb 承載量與天數,警政署入山 / c_id=500 中央山脈大縱走(高雄市-桃源區),06 許可證可印天數printdays,NULL
"第12,49列",S2c Fixedclimb 承載量與天數,警政署入山 / c_id=500 中央山脈大縱走(高雄市-桃源區),07 是否雪季路線issnow,0
"第12,49列",S2c Fixedclimb 承載量與天數,警政署入山 / c_id=500 中央山脈大縱走(高雄市-桃源區),08 人數檢查teamscountchk,NULL
"第12,49列",S2c Fixedclimb 承載量與天數,警政署入山 / c_id=501 中央山脈大縱走(南投縣-信義鄉),01 假日承載量holidaynum,NULL
"第12,49列",S2c Fixedclimb 承載量與天數,警政署入山 / c_id=501 中央山脈大縱走(南投縣-信義鄉),02 平日承載量generalnum,NULL
"第12,49列",S2c Fixedclimb 承載量與天數,警政署入山 / c_id=501 中央山脈大縱走(南投縣-信義鄉),03 天數下限sumdaymin,1
"第12,49列",S2c Fixedclimb 承載量與天數,警政署入山 / c_id=501 中央山脈大縱走(南投縣-信義鄉),04 天數上限sumdaymax,1
"第12,49列",S2c Fixedclimb 承載量與天數,警政署入山 / c_id=501 中央山脈大縱走(南投縣-信義鄉),05 是否抽籤IsDraw,0
"第12,49列",S2c Fixedclimb 承載量與天數,警政署入山 / c_id=501 中央山脈大縱走(南投縣-信義鄉),06 許可證可印天數printdays,NULL
"第12,49列",S2c Fixedclimb 承載量與天數,警政署入山 / c_id=501 中央山脈大縱走(南投縣-信義鄉),07 是否雪季路線issnow,0
"第12,49列",S2c Fixedclimb 承載量與天數,警政署入山 / c_id=501 中央山脈大縱走(南投縣-信義鄉),08 人數檢查teamscountchk,NULL
"第12,49列",S2c Fixedclimb 承載量與天數,警政署入山 / c_id=502 中央山脈大縱走(花蓮縣-萬榮鄉),01 假日承載量holidaynum,NULL
"第12,49列",S2c Fixedclimb 承載量與天數,警政署入山 / c_id=502 中央山脈大縱走(花蓮縣-萬榮鄉),02 平日承載量generalnum,NULL
"第12,49列",S2c Fixedclimb 承載量與天數,警政署入山 / c_id=502 中央山脈大縱走(花蓮縣-萬榮鄉),03 天數下限sumdaymin,1
"第12,49列",S2c Fixedclimb 承載量與天數,警政署入山 / c_id=502 中央山脈大縱走(花蓮縣-萬榮鄉),04 天數上限sumdaymax,1
"第12,49列",S2c Fixedclimb 承載量與天數,警政署入山 / c_id=502 中央山脈大縱走(花蓮縣-萬榮鄉),05 是否抽籤IsDraw,0
"第12,49列",S2c Fixedclimb 承載量與天數,警政署入山 / c_id=502 中央山脈大縱走(花蓮縣-萬榮鄉),06 許可證可印天數printdays,NULL
"第12,49列",S2c Fixedclimb 承載量與天數,警政署入山 / c_id=502 中央山脈大縱走(花蓮縣-萬榮鄉),07 是否雪季路線issnow,0
"第12,49列",S2c Fixedclimb 承載量與天數,警政署入山 / c_id=502 中央山脈大縱走(花蓮縣-萬榮鄉),08 人數檢查teamscountchk,NULL
"第12,49列",S2c Fixedclimb 承載量與天數,警政署入山 / c_id=503 中央山脈大縱走(臺東縣-海端鄉),01 假日承載量holidaynum,NULL
"第12,49列",S2c Fixedclimb 承載量與天數,警政署入山 / c_id=503 中央山脈大縱走(臺東縣-海端鄉),02 平日承載量generalnum,NULL
"第12,49列",S2c Fixedclimb 承載量與天數,警政署入山 / c_id=503 中央山脈大縱走(臺東縣-海端鄉),03 天數下限sumdaymin,1
"第12,49列",S2c Fixedclimb 承載量與天數,警政署入山 / c_id=503 中央山脈大縱走(臺東縣-海端鄉),04 天數上限sumdaymax,1
"第12,49列",S2c Fixedclimb 承載量與天數,警政署入山 / c_id=503 中央山脈大縱走(臺東縣-海端鄉),05 是否抽籤IsDraw,0
"第12,49列",S2c Fixedclimb 承載量與天數,警政署入山 / c_id=503 中央山脈大縱走(臺東縣-海端鄉),06 許可證可印天數printdays,NULL
"第12,49列",S2c Fixedclimb 承載量與天數,警政署入山 / c_id=503 中央山脈大縱走(臺東縣-海端鄉),07 是否雪季路線issnow,0
"第12,49列",S2c Fixedclimb 承載量與天數,警政署入山 / c_id=503 中央山脈大縱走(臺東縣-海端鄉),08 人數檢查teamscountchk,NULL
"第12,49列",S2c Fixedclimb 承載量與天數,警政署入山 / c_id=504 關山(臺東縣-海端鄉),01 假日承載量holidaynum,NULL
"第12,49列",S2c Fixedclimb 承載量與天數,警政署入山 / c_id=504 關山(臺東縣-海端鄉),02 平日承載量generalnum,NULL
"第12,49列",S2c Fixedclimb 承載量與天數,警政署入山 / c_id=504 關山(臺東縣-海端鄉),03 天數下限sumdaymin,1
"第12,49列",S2c Fixedclimb 承載量與天數,警政署入山 / c_id=504 關山(臺東縣-海端鄉),04 天數上限sumdaymax,1
"第12,49列",S2c Fixedclimb 承載量與天數,警政署入山 / c_id=504 關山(臺東縣-海端鄉),05 是否抽籤IsDraw,0
"第12,49列",S2c Fixedclimb 承載量與天數,警政署入山 / c_id=504 關山(臺東縣-海端鄉),06 許可證可印天數printdays,NULL
"第12,49列",S2c Fixedclimb 承載量與天數,警政署入山 / c_id=504 關山(臺東縣-海端鄉),07 是否雪季路線issnow,0
"第12,49列",S2c Fixedclimb 承載量與天數,警政署入山 / c_id=504 關山(臺東縣-海端鄉),08 人數檢查teamscountchk,NULL
"第12,49列",S2c Fixedclimb 承載量與天數,警政署入山 / c_id=505 溪頭山(臺東縣-海端鄉),01 假日承載量holidaynum,NULL
"第12,49列",S2c Fixedclimb 承載量與天數,警政署入山 / c_id=505 溪頭山(臺東縣-海端鄉),02 平日承載量generalnum,NULL
"第12,49列",S2c Fixedclimb 承載量與天數,警政署入山 / c_id=505 溪頭山(臺東縣-海端鄉),03 天數下限sumdaymin,1
"第12,49列",S2c Fixedclimb 承載量與天數,警政署入山 / c_id=505 溪頭山(臺東縣-海端鄉),04 天數上限sumdaymax,1
"第12,49列",S2c Fixedclimb 承載量與天數,警政署入山 / c_id=505 溪頭山(臺東縣-海端鄉),05 是否抽籤IsDraw,0
"第12,49列",S2c Fixedclimb 承載量與天數,警政署入山 / c_id=505 溪頭山(臺東縣-海端鄉),06 許可證可印天數printdays,NULL
"第12,49列",S2c Fixedclimb 承載量與天數,警政署入山 / c_id=505 溪頭山(臺東縣-海端鄉),07 是否雪季路線issnow,0
"第12,49列",S2c Fixedclimb 承載量與天數,警政署入山 / c_id=505 溪頭山(臺東縣-海端鄉),08 人數檢查teamscountchk,NULL
"第12,49列",S2c Fixedclimb 承載量與天數,警政署入山 / c_id=506 郡大山 、西巒大山(南投縣-信義鄉),01 假日承載量holidaynum,NULL
"第12,49列",S2c Fixedclimb 承載量與天數,警政署入山 / c_id=506 郡大山 、西巒大山(南投縣-信義鄉),02 平日承載量generalnum,NULL
"第12,49列",S2c Fixedclimb 承載量與天數,警政署入山 / c_id=506 郡大山 、西巒大山(南投縣-信義鄉),03 天數下限sumdaymin,1
"第12,49列",S2c Fixedclimb 承載量與天數,警政署入山 / c_id=506 郡大山 、西巒大山(南投縣-信義鄉),04 天數上限sumdaymax,1
"第12,49列",S2c Fixedclimb 承載量與天數,警政署入山 / c_id=506 郡大山 、西巒大山(南投縣-信義鄉),05 是否抽籤IsDraw,0
"第12,49列",S2c Fixedclimb 承載量與天數,警政署入山 / c_id=506 郡大山 、西巒大山(南投縣-信義鄉),06 許可證可印天數printdays,NULL
"第12,49列",S2c Fixedclimb 承載量與天數,警政署入山 / c_id=506 郡大山 、西巒大山(南投縣-信義鄉),07 是否雪季路線issnow,0
"第12,49列",S2c Fixedclimb 承載量與天數,警政署入山 / c_id=506 郡大山 、西巒大山(南投縣-信義鄉),08 人數檢查teamscountchk,NULL
"第12,49列",S2c Fixedclimb 承載量與天數,警政署入山 / c_id=507 馬利加南山(南投縣-信義鄉),01 假日承載量holidaynum,NULL
"第12,49列",S2c Fixedclimb 承載量與天數,警政署入山 / c_id=507 馬利加南山(南投縣-信義鄉),02 平日承載量generalnum,NULL
"第12,49列",S2c Fixedclimb 承載量與天數,警政署入山 / c_id=507 馬利加南山(南投縣-信義鄉),03 天數下限sumdaymin,1
"第12,49列",S2c Fixedclimb 承載量與天數,警政署入山 / c_id=507 馬利加南山(南投縣-信義鄉),04 天數上限sumdaymax,1
"第12,49列",S2c Fixedclimb 承載量與天數,警政署入山 / c_id=507 馬利加南山(南投縣-信義鄉),05 是否抽籤IsDraw,0
"第12,49列",S2c Fixedclimb 承載量與天數,警政署入山 / c_id=507 馬利加南山(南投縣-信義鄉),06 許可證可印天數printdays,NULL
"第12,49列",S2c Fixedclimb 承載量與天數,警政署入山 / c_id=507 馬利加南山(南投縣-信義鄉),07 是否雪季路線issnow,0
"第12,49列",S2c Fixedclimb 承載量與天數,警政署入山 / c_id=507 馬利加南山(南投縣-信義鄉),08 人數檢查teamscountchk,NULL
"第12,49列",S2c Fixedclimb 承載量與天數,警政署入山 / c_id=508 東郡大山(南投縣-信義鄉),01 假日承載量holidaynum,NULL
"第12,49列",S2c Fixedclimb 承載量與天數,警政署入山 / c_id=508 東郡大山(南投縣-信義鄉),02 平日承載量generalnum,NULL
"第12,49列",S2c Fixedclimb 承載量與天數,警政署入山 / c_id=508 東郡大山(南投縣-信義鄉),03 天數下限sumdaymin,1
"第12,49列",S2c Fixedclimb 承載量與天數,警政署入山 / c_id=508 東郡大山(南投縣-信義鄉),04 天數上限sumdaymax,1
"第12,49列",S2c Fixedclimb 承載量與天數,警政署入山 / c_id=508 東郡大山(南投縣-信義鄉),05 是否抽籤IsDraw,0
"第12,49列",S2c Fixedclimb 承載量與天數,警政署入山 / c_id=508 東郡大山(南投縣-信義鄉),06 許可證可印天數printdays,NULL
"第12,49列",S2c Fixedclimb 承載量與天數,警政署入山 / c_id=508 東郡大山(南投縣-信義鄉),07 是否雪季路線issnow,0
"第12,49列",S2c Fixedclimb 承載量與天數,警政署入山 / c_id=508 東郡大山(南投縣-信義鄉),08 人數檢查teamscountchk,NULL
"第12,49列",S2c Fixedclimb 承載量與天數,警政署入山 / c_id=509 丹大山(南投縣-信義鄉),01 假日承載量holidaynum,NULL
"第12,49列",S2c Fixedclimb 承載量與天數,警政署入山 / c_id=509 丹大山(南投縣-信義鄉),02 平日承載量generalnum,NULL
"第12,49列",S2c Fixedclimb 承載量與天數,警政署入山 / c_id=509 丹大山(南投縣-信義鄉),03 天數下限sumdaymin,1
"第12,49列",S2c Fixedclimb 承載量與天數,警政署入山 / c_id=509 丹大山(南投縣-信義鄉),04 天數上限sumdaymax,1
"第12,49列",S2c Fixedclimb 承載量與天數,警政署入山 / c_id=509 丹大山(南投縣-信義鄉),05 是否抽籤IsDraw,0
"第12,49列",S2c Fixedclimb 承載量與天數,警政署入山 / c_id=509 丹大山(南投縣-信義鄉),06 許可證可印天數printdays,NULL
"第12,49列",S2c Fixedclimb 承載量與天數,警政署入山 / c_id=509 丹大山(南投縣-信義鄉),07 是否雪季路線issnow,0
"第12,49列",S2c Fixedclimb 承載量與天數,警政署入山 / c_id=509 丹大山(南投縣-信義鄉),08 人數檢查teamscountchk,NULL
"第12,49列",S2c Fixedclimb 承載量與天數,警政署入山 / c_id=510 牧山(南投縣-信義鄉),01 假日承載量holidaynum,NULL
"第12,49列",S2c Fixedclimb 承載量與天數,警政署入山 / c_id=510 牧山(南投縣-信義鄉),02 平日承載量generalnum,NULL
"第12,49列",S2c Fixedclimb 承載量與天數,警政署入山 / c_id=510 牧山(南投縣-信義鄉),03 天數下限sumdaymin,1
"第12,49列",S2c Fixedclimb 承載量與天數,警政署入山 / c_id=510 牧山(南投縣-信義鄉),04 天數上限sumdaymax,1
"第12,49列",S2c Fixedclimb 承載量與天數,警政署入山 / c_id=510 牧山(南投縣-信義鄉),05 是否抽籤IsDraw,0
"第12,49列",S2c Fixedclimb 承載量與天數,警政署入山 / c_id=510 牧山(南投縣-信義鄉),06 許可證可印天數printdays,NULL
"第12,49列",S2c Fixedclimb 承載量與天數,警政署入山 / c_id=510 牧山(南投縣-信義鄉),07 是否雪季路線issnow,0
"第12,49列",S2c Fixedclimb 承載量與天數,警政署入山 / c_id=510 牧山(南投縣-信義鄉),08 人數檢查teamscountchk,NULL
"第12,49列",S2c Fixedclimb 承載量與天數,警政署入山 / c_id=511 駒盆山(南投縣-信義鄉),01 假日承載量holidaynum,NULL
"第12,49列",S2c Fixedclimb 承載量與天數,警政署入山 / c_id=511 駒盆山(南投縣-信義鄉),02 平日承載量generalnum,NULL
"第12,49列",S2c Fixedclimb 承載量與天數,警政署入山 / c_id=511 駒盆山(南投縣-信義鄉),03 天數下限sumdaymin,1
"第12,49列",S2c Fixedclimb 承載量與天數,警政署入山 / c_id=511 駒盆山(南投縣-信義鄉),04 天數上限sumdaymax,1
"第12,49列",S2c Fixedclimb 承載量與天數,警政署入山 / c_id=511 駒盆山(南投縣-信義鄉),05 是否抽籤IsDraw,0
"第12,49列",S2c Fixedclimb 承載量與天數,警政署入山 / c_id=511 駒盆山(南投縣-信義鄉),06 許可證可印天數printdays,NULL
"第12,49列",S2c Fixedclimb 承載量與天數,警政署入山 / c_id=511 駒盆山(南投縣-信義鄉),07 是否雪季路線issnow,0
"第12,49列",S2c Fixedclimb 承載量與天數,警政署入山 / c_id=511 駒盆山(南投縣-信義鄉),08 人數檢查teamscountchk,NULL
"第12,49列",S2c Fixedclimb 承載量與天數,警政署入山 / c_id=512 無雙山(南投縣-信義鄉),01 假日承載量holidaynum,NULL
"第12,49列",S2c Fixedclimb 承載量與天數,警政署入山 / c_id=512 無雙山(南投縣-信義鄉),02 平日承載量generalnum,NULL
"第12,49列",S2c Fixedclimb 承載量與天數,警政署入山 / c_id=512 無雙山(南投縣-信義鄉),03 天數下限sumdaymin,1
"第12,49列",S2c Fixedclimb 承載量與天數,警政署入山 / c_id=512 無雙山(南投縣-信義鄉),04 天數上限sumdaymax,1
"第12,49列",S2c Fixedclimb 承載量與天數,警政署入山 / c_id=512 無雙山(南投縣-信義鄉),05 是否抽籤IsDraw,0
"第12,49列",S2c Fixedclimb 承載量與天數,警政署入山 / c_id=512 無雙山(南投縣-信義鄉),06 許可證可印天數printdays,NULL
"第12,49列",S2c Fixedclimb 承載量與天數,警政署入山 / c_id=512 無雙山(南投縣-信義鄉),07 是否雪季路線issnow,0
"第12,49列",S2c Fixedclimb 承載量與天數,警政署入山 / c_id=512 無雙山(南投縣-信義鄉),08 人數檢查teamscountchk,NULL
"第12,49列",S2c Fixedclimb 承載量與天數,警政署入山 / c_id=513 金子山(南投縣-信義鄉),01 假日承載量holidaynum,NULL
"第12,49列",S2c Fixedclimb 承載量與天數,警政署入山 / c_id=513 金子山(南投縣-信義鄉),02 平日承載量generalnum,NULL
"第12,49列",S2c Fixedclimb 承載量與天數,警政署入山 / c_id=513 金子山(南投縣-信義鄉),03 天數下限sumdaymin,1
"第12,49列",S2c Fixedclimb 承載量與天數,警政署入山 / c_id=513 金子山(南投縣-信義鄉),04 天數上限sumdaymax,1
"第12,49列",S2c Fixedclimb 承載量與天數,警政署入山 / c_id=513 金子山(南投縣-信義鄉),05 是否抽籤IsDraw,0
"第12,49列",S2c Fixedclimb 承載量與天數,警政署入山 / c_id=513 金子山(南投縣-信義鄉),06 許可證可印天數printdays,NULL
"第12,49列",S2c Fixedclimb 承載量與天數,警政署入山 / c_id=513 金子山(南投縣-信義鄉),07 是否雪季路線issnow,0
"第12,49列",S2c Fixedclimb 承載量與天數,警政署入山 / c_id=513 金子山(南投縣-信義鄉),08 人數檢查teamscountchk,NULL
"第12,49列",S2c Fixedclimb 承載量與天數,警政署入山 / c_id=514 清水山(南投縣-信義鄉),01 假日承載量holidaynum,NULL
"第12,49列",S2c Fixedclimb 承載量與天數,警政署入山 / c_id=514 清水山(南投縣-信義鄉),02 平日承載量generalnum,NULL
"第12,49列",S2c Fixedclimb 承載量與天數,警政署入山 / c_id=514 清水山(南投縣-信義鄉),03 天數下限sumdaymin,1
"第12,49列",S2c Fixedclimb 承載量與天數,警政署入山 / c_id=514 清水山(南投縣-信義鄉),04 天數上限sumdaymax,1
"第12,49列",S2c Fixedclimb 承載量與天數,警政署入山 / c_id=514 清水山(南投縣-信義鄉),05 是否抽籤IsDraw,0
"第12,49列",S2c Fixedclimb 承載量與天數,警政署入山 / c_id=514 清水山(南投縣-信義鄉),06 許可證可印天數printdays,NULL
"第12,49列",S2c Fixedclimb 承載量與天數,警政署入山 / c_id=514 清水山(南投縣-信義鄉),07 是否雪季路線issnow,0
"第12,49列",S2c Fixedclimb 承載量與天數,警政署入山 / c_id=514 清水山(南投縣-信義鄉),08 人數檢查teamscountchk,NULL
"第12,49列",S2c Fixedclimb 承載量與天數,警政署入山 / c_id=515 雙子山(南投縣-信義鄉),01 假日承載量holidaynum,NULL
"第12,49列",S2c Fixedclimb 承載量與天數,警政署入山 / c_id=515 雙子山(南投縣-信義鄉),02 平日承載量generalnum,NULL
"第12,49列",S2c Fixedclimb 承載量與天數,警政署入山 / c_id=515 雙子山(南投縣-信義鄉),03 天數下限sumdaymin,1
"第12,49列",S2c Fixedclimb 承載量與天數,警政署入山 / c_id=515 雙子山(南投縣-信義鄉),04 天數上限sumdaymax,1
"第12,49列",S2c Fixedclimb 承載量與天數,警政署入山 / c_id=515 雙子山(南投縣-信義鄉),05 是否抽籤IsDraw,0
"第12,49列",S2c Fixedclimb 承載量與天數,警政署入山 / c_id=515 雙子山(南投縣-信義鄉),06 許可證可印天數printdays,NULL
"第12,49列",S2c Fixedclimb 承載量與天數,警政署入山 / c_id=515 雙子山(南投縣-信義鄉),07 是否雪季路線issnow,0
"第12,49列",S2c Fixedclimb 承載量與天數,警政署入山 / c_id=515 雙子山(南投縣-信義鄉),08 人數檢查teamscountchk,NULL
"第12,49列",S2c Fixedclimb 承載量與天數,警政署入山 / c_id=516 關門山北峰(南投縣-信義鄉),01 假日承載量holidaynum,NULL
"第12,49列",S2c Fixedclimb 承載量與天數,警政署入山 / c_id=516 關門山北峰(南投縣-信義鄉),02 平日承載量generalnum,NULL
"第12,49列",S2c Fixedclimb 承載量與天數,警政署入山 / c_id=516 關門山北峰(南投縣-信義鄉),03 天數下限sumdaymin,1
"第12,49列",S2c Fixedclimb 承載量與天數,警政署入山 / c_id=516 關門山北峰(南投縣-信義鄉),04 天數上限sumdaymax,1
"第12,49列",S2c Fixedclimb 承載量與天數,警政署入山 / c_id=516 關門山北峰(南投縣-信義鄉),05 是否抽籤IsDraw,0
"第12,49列",S2c Fixedclimb 承載量與天數,警政署入山 / c_id=516 關門山北峰(南投縣-信義鄉),06 許可證可印天數printdays,NULL
"第12,49列",S2c Fixedclimb 承載量與天數,警政署入山 / c_id=516 關門山北峰(南投縣-信義鄉),07 是否雪季路線issnow,0
"第12,49列",S2c Fixedclimb 承載量與天數,警政署入山 / c_id=516 關門山北峰(南投縣-信義鄉),08 人數檢查teamscountchk,NULL
"第12,49列",S2c Fixedclimb 承載量與天數,警政署入山 / c_id=517 大石公山(南投縣-信義鄉),01 假日承載量holidaynum,NULL
"第12,49列",S2c Fixedclimb 承載量與天數,警政署入山 / c_id=517 大石公山(南投縣-信義鄉),02 平日承載量generalnum,NULL
"第12,49列",S2c Fixedclimb 承載量與天數,警政署入山 / c_id=517 大石公山(南投縣-信義鄉),03 天數下限sumdaymin,1
"第12,49列",S2c Fixedclimb 承載量與天數,警政署入山 / c_id=517 大石公山(南投縣-信義鄉),04 天數上限sumdaymax,1
"第12,49列",S2c Fixedclimb 承載量與天數,警政署入山 / c_id=517 大石公山(南投縣-信義鄉),05 是否抽籤IsDraw,0
"第12,49列",S2c Fixedclimb 承載量與天數,警政署入山 / c_id=517 大石公山(南投縣-信義鄉),06 許可證可印天數printdays,NULL
"第12,49列",S2c Fixedclimb 承載量與天數,警政署入山 / c_id=517 大石公山(南投縣-信義鄉),07 是否雪季路線issnow,0
"第12,49列",S2c Fixedclimb 承載量與天數,警政署入山 / c_id=517 大石公山(南投縣-信義鄉),08 人數檢查teamscountchk,NULL
"第12,49列",S2c Fixedclimb 承載量與天數,警政署入山 / c_id=518 斷稜西山(南投縣-信義鄉),01 假日承載量holidaynum,NULL
"第12,49列",S2c Fixedclimb 承載量與天數,警政署入山 / c_id=518 斷稜西山(南投縣-信義鄉),02 平日承載量generalnum,NULL
"第12,49列",S2c Fixedclimb 承載量與天數,警政署入山 / c_id=518 斷稜西山(南投縣-信義鄉),03 天數下限sumdaymin,1
"第12,49列",S2c Fixedclimb 承載量與天數,警政署入山 / c_id=518 斷稜西山(南投縣-信義鄉),04 天數上限sumdaymax,1
"第12,49列",S2c Fixedclimb 承載量與天數,警政署入山 / c_id=518 斷稜西山(南投縣-信義鄉),05 是否抽籤IsDraw,0
"第12,49列",S2c Fixedclimb 承載量與天數,警政署入山 / c_id=518 斷稜西山(南投縣-信義鄉),06 許可證可印天數printdays,NULL
"第12,49列",S2c Fixedclimb 承載量與天數,警政署入山 / c_id=518 斷稜西山(南投縣-信義鄉),07 是否雪季路線issnow,0
"第12,49列",S2c Fixedclimb 承載量與天數,警政署入山 / c_id=518 斷稜西山(南投縣-信義鄉),08 人數檢查teamscountchk,NULL
"第12,49列",S2c Fixedclimb 承載量與天數,警政署入山 / c_id=519 斷稜東山(南投縣-信義鄉),01 假日承載量holidaynum,NULL
"第12,49列",S2c Fixedclimb 承載量與天數,警政署入山 / c_id=519 斷稜東山(南投縣-信義鄉),02 平日承載量generalnum,NULL
"第12,49列",S2c Fixedclimb 承載量與天數,警政署入山 / c_id=519 斷稜東山(南投縣-信義鄉),03 天數下限sumdaymin,1
"第12,49列",S2c Fixedclimb 承載量與天數,警政署入山 / c_id=519 斷稜東山(南投縣-信義鄉),04 天數上限sumdaymax,1
"第12,49列",S2c Fixedclimb 承載量與天數,警政署入山 / c_id=519 斷稜東山(南投縣-信義鄉),05 是否抽籤IsDraw,0
"第12,49列",S2c Fixedclimb 承載量與天數,警政署入山 / c_id=519 斷稜東山(南投縣-信義鄉),06 許可證可印天數printdays,NULL
"第12,49列",S2c Fixedclimb 承載量與天數,警政署入山 / c_id=519 斷稜東山(南投縣-信義鄉),07 是否雪季路線issnow,0
"第12,49列",S2c Fixedclimb 承載量與天數,警政署入山 / c_id=519 斷稜東山(南投縣-信義鄉),08 人數檢查teamscountchk,NULL
"第12,49列",S2c Fixedclimb 承載量與天數,警政署入山 / c_id=520 紅崖山(南投縣-信義鄉),01 假日承載量holidaynum,NULL
"第12,49列",S2c Fixedclimb 承載量與天數,警政署入山 / c_id=520 紅崖山(南投縣-信義鄉),02 平日承載量generalnum,NULL
"第12,49列",S2c Fixedclimb 承載量與天數,警政署入山 / c_id=520 紅崖山(南投縣-信義鄉),03 天數下限sumdaymin,1
"第12,49列",S2c Fixedclimb 承載量與天數,警政署入山 / c_id=520 紅崖山(南投縣-信義鄉),04 天數上限sumdaymax,1
"第12,49列",S2c Fixedclimb 承載量與天數,警政署入山 / c_id=520 紅崖山(南投縣-信義鄉),05 是否抽籤IsDraw,0
"第12,49列",S2c Fixedclimb 承載量與天數,警政署入山 / c_id=520 紅崖山(南投縣-信義鄉),06 許可證可印天數printdays,NULL
"第12,49列",S2c Fixedclimb 承載量與天數,警政署入山 / c_id=520 紅崖山(南投縣-信義鄉),07 是否雪季路線issnow,0
"第12,49列",S2c Fixedclimb 承載量與天數,警政署入山 / c_id=520 紅崖山(南投縣-信義鄉),08 人數檢查teamscountchk,NULL
"第12,49列",S2c Fixedclimb 承載量與天數,警政署入山 / c_id=521 九華山(南投縣-信義鄉),01 假日承載量holidaynum,NULL
"第12,49列",S2c Fixedclimb 承載量與天數,警政署入山 / c_id=521 九華山(南投縣-信義鄉),02 平日承載量generalnum,NULL
"第12,49列",S2c Fixedclimb 承載量與天數,警政署入山 / c_id=521 九華山(南投縣-信義鄉),03 天數下限sumdaymin,1
"第12,49列",S2c Fixedclimb 承載量與天數,警政署入山 / c_id=521 九華山(南投縣-信義鄉),04 天數上限sumdaymax,1
"第12,49列",S2c Fixedclimb 承載量與天數,警政署入山 / c_id=521 九華山(南投縣-信義鄉),05 是否抽籤IsDraw,0
"第12,49列",S2c Fixedclimb 承載量與天數,警政署入山 / c_id=521 九華山(南投縣-信義鄉),06 許可證可印天數printdays,NULL
"第12,49列",S2c Fixedclimb 承載量與天數,警政署入山 / c_id=521 九華山(南投縣-信義鄉),07 是否雪季路線issnow,0
"第12,49列",S2c Fixedclimb 承載量與天數,警政署入山 / c_id=521 九華山(南投縣-信義鄉),08 人數檢查teamscountchk,NULL
"第12,49列",S2c Fixedclimb 承載量與天數,警政署入山 / c_id=522 裡門山(南投縣-信義鄉),01 假日承載量holidaynum,NULL
"第12,49列",S2c Fixedclimb 承載量與天數,警政署入山 / c_id=522 裡門山(南投縣-信義鄉),02 平日承載量generalnum,NULL
"第12,49列",S2c Fixedclimb 承載量與天數,警政署入山 / c_id=522 裡門山(南投縣-信義鄉),03 天數下限sumdaymin,1
"第12,49列",S2c Fixedclimb 承載量與天數,警政署入山 / c_id=522 裡門山(南投縣-信義鄉),04 天數上限sumdaymax,1
"第12,49列",S2c Fixedclimb 承載量與天數,警政署入山 / c_id=522 裡門山(南投縣-信義鄉),05 是否抽籤IsDraw,0
"第12,49列",S2c Fixedclimb 承載量與天數,警政署入山 / c_id=522 裡門山(南投縣-信義鄉),06 許可證可印天數printdays,NULL
"第12,49列",S2c Fixedclimb 承載量與天數,警政署入山 / c_id=522 裡門山(南投縣-信義鄉),07 是否雪季路線issnow,0
"第12,49列",S2c Fixedclimb 承載量與天數,警政署入山 / c_id=522 裡門山(南投縣-信義鄉),08 人數檢查teamscountchk,NULL
"第12,49列",S2c Fixedclimb 承載量與天數,警政署入山 / c_id=523 望崖山(南投縣-信義鄉),01 假日承載量holidaynum,NULL
"第12,49列",S2c Fixedclimb 承載量與天數,警政署入山 / c_id=523 望崖山(南投縣-信義鄉),02 平日承載量generalnum,NULL
"第12,49列",S2c Fixedclimb 承載量與天數,警政署入山 / c_id=523 望崖山(南投縣-信義鄉),03 天數下限sumdaymin,1
"第12,49列",S2c Fixedclimb 承載量與天數,警政署入山 / c_id=523 望崖山(南投縣-信義鄉),04 天數上限sumdaymax,1
"第12,49列",S2c Fixedclimb 承載量與天數,警政署入山 / c_id=523 望崖山(南投縣-信義鄉),05 是否抽籤IsDraw,0
"第12,49列",S2c Fixedclimb 承載量與天數,警政署入山 / c_id=523 望崖山(南投縣-信義鄉),06 許可證可印天數printdays,NULL
"第12,49列",S2c Fixedclimb 承載量與天數,警政署入山 / c_id=523 望崖山(南投縣-信義鄉),07 是否雪季路線issnow,0
"第12,49列",S2c Fixedclimb 承載量與天數,警政署入山 / c_id=523 望崖山(南投縣-信義鄉),08 人數檢查teamscountchk,NULL
"第12,49列",S2c Fixedclimb 承載量與天數,警政署入山 / c_id=524 烏達佩山(南投縣-信義鄉),01 假日承載量holidaynum,NULL
"第12,49列",S2c Fixedclimb 承載量與天數,警政署入山 / c_id=524 烏達佩山(南投縣-信義鄉),02 平日承載量generalnum,NULL
"第12,49列",S2c Fixedclimb 承載量與天數,警政署入山 / c_id=524 烏達佩山(南投縣-信義鄉),03 天數下限sumdaymin,1
"第12,49列",S2c Fixedclimb 承載量與天數,警政署入山 / c_id=524 烏達佩山(南投縣-信義鄉),04 天數上限sumdaymax,1
"第12,49列",S2c Fixedclimb 承載量與天數,警政署入山 / c_id=524 烏達佩山(南投縣-信義鄉),05 是否抽籤IsDraw,0
"第12,49列",S2c Fixedclimb 承載量與天數,警政署入山 / c_id=524 烏達佩山(南投縣-信義鄉),06 許可證可印天數printdays,NULL
"第12,49列",S2c Fixedclimb 承載量與天數,警政署入山 / c_id=524 烏達佩山(南投縣-信義鄉),07 是否雪季路線issnow,0
"第12,49列",S2c Fixedclimb 承載量與天數,警政署入山 / c_id=524 烏達佩山(南投縣-信義鄉),08 人數檢查teamscountchk,NULL
"第12,49列",S2c Fixedclimb 承載量與天數,警政署入山 / c_id=525 本鄉山(南投縣-信義鄉),01 假日承載量holidaynum,NULL
"第12,49列",S2c Fixedclimb 承載量與天數,警政署入山 / c_id=525 本鄉山(南投縣-信義鄉),02 平日承載量generalnum,NULL
"第12,49列",S2c Fixedclimb 承載量與天數,警政署入山 / c_id=525 本鄉山(南投縣-信義鄉),03 天數下限sumdaymin,1
"第12,49列",S2c Fixedclimb 承載量與天數,警政署入山 / c_id=525 本鄉山(南投縣-信義鄉),04 天數上限sumdaymax,1
"第12,49列",S2c Fixedclimb 承載量與天數,警政署入山 / c_id=525 本鄉山(南投縣-信義鄉),05 是否抽籤IsDraw,0
"第12,49列",S2c Fixedclimb 承載量與天數,警政署入山 / c_id=525 本鄉山(南投縣-信義鄉),06 許可證可印天數printdays,NULL
"第12,49列",S2c Fixedclimb 承載量與天數,警政署入山 / c_id=525 本鄉山(南投縣-信義鄉),07 是否雪季路線issnow,0
"第12,49列",S2c Fixedclimb 承載量與天數,警政署入山 / c_id=525 本鄉山(南投縣-信義鄉),08 人數檢查teamscountchk,NULL
"第12,49列",S2c Fixedclimb 承載量與天數,警政署入山 / c_id=526 櫧山(南投縣-信義鄉),01 假日承載量holidaynum,NULL
"第12,49列",S2c Fixedclimb 承載量與天數,警政署入山 / c_id=526 櫧山(南投縣-信義鄉),02 平日承載量generalnum,NULL
"第12,49列",S2c Fixedclimb 承載量與天數,警政署入山 / c_id=526 櫧山(南投縣-信義鄉),03 天數下限sumdaymin,1
"第12,49列",S2c Fixedclimb 承載量與天數,警政署入山 / c_id=526 櫧山(南投縣-信義鄉),04 天數上限sumdaymax,1
"第12,49列",S2c Fixedclimb 承載量與天數,警政署入山 / c_id=526 櫧山(南投縣-信義鄉),05 是否抽籤IsDraw,0
"第12,49列",S2c Fixedclimb 承載量與天數,警政署入山 / c_id=526 櫧山(南投縣-信義鄉),06 許可證可印天數printdays,NULL
"第12,49列",S2c Fixedclimb 承載量與天數,警政署入山 / c_id=526 櫧山(南投縣-信義鄉),07 是否雪季路線issnow,0
"第12,49列",S2c Fixedclimb 承載量與天數,警政署入山 / c_id=526 櫧山(南投縣-信義鄉),08 人數檢查teamscountchk,NULL
"第12,49列",S2c Fixedclimb 承載量與天數,警政署入山 / c_id=527 黃當擴山(南投縣-信義鄉),01 假日承載量holidaynum,NULL
"第12,49列",S2c Fixedclimb 承載量與天數,警政署入山 / c_id=527 黃當擴山(南投縣-信義鄉),02 平日承載量generalnum,NULL
"第12,49列",S2c Fixedclimb 承載量與天數,警政署入山 / c_id=527 黃當擴山(南投縣-信義鄉),03 天數下限sumdaymin,1
"第12,49列",S2c Fixedclimb 承載量與天數,警政署入山 / c_id=527 黃當擴山(南投縣-信義鄉),04 天數上限sumdaymax,1
"第12,49列",S2c Fixedclimb 承載量與天數,警政署入山 / c_id=527 黃當擴山(南投縣-信義鄉),05 是否抽籤IsDraw,0
"第12,49列",S2c Fixedclimb 承載量與天數,警政署入山 / c_id=527 黃當擴山(南投縣-信義鄉),06 許可證可印天數printdays,NULL
"第12,49列",S2c Fixedclimb 承載量與天數,警政署入山 / c_id=527 黃當擴山(南投縣-信義鄉),07 是否雪季路線issnow,0
"第12,49列",S2c Fixedclimb 承載量與天數,警政署入山 / c_id=527 黃當擴山(南投縣-信義鄉),08 人數檢查teamscountchk,NULL
"第12,49列",S2c Fixedclimb 承載量與天數,警政署入山 / c_id=528 杜鵑山(南投縣-信義鄉),01 假日承載量holidaynum,NULL
"第12,49列",S2c Fixedclimb 承載量與天數,警政署入山 / c_id=528 杜鵑山(南投縣-信義鄉),02 平日承載量generalnum,NULL
"第12,49列",S2c Fixedclimb 承載量與天數,警政署入山 / c_id=528 杜鵑山(南投縣-信義鄉),03 天數下限sumdaymin,1
"第12,49列",S2c Fixedclimb 承載量與天數,警政署入山 / c_id=528 杜鵑山(南投縣-信義鄉),04 天數上限sumdaymax,1
"第12,49列",S2c Fixedclimb 承載量與天數,警政署入山 / c_id=528 杜鵑山(南投縣-信義鄉),05 是否抽籤IsDraw,0
"第12,49列",S2c Fixedclimb 承載量與天數,警政署入山 / c_id=528 杜鵑山(南投縣-信義鄉),06 許可證可印天數printdays,NULL
"第12,49列",S2c Fixedclimb 承載量與天數,警政署入山 / c_id=528 杜鵑山(南投縣-信義鄉),07 是否雪季路線issnow,0
"第12,49列",S2c Fixedclimb 承載量與天數,警政署入山 / c_id=528 杜鵑山(南投縣-信義鄉),08 人數檢查teamscountchk,NULL
"第12,49列",S2c Fixedclimb 承載量與天數,警政署入山 / c_id=529 北面山(南投縣-信義鄉),01 假日承載量holidaynum,NULL
"第12,49列",S2c Fixedclimb 承載量與天數,警政署入山 / c_id=529 北面山(南投縣-信義鄉),02 平日承載量generalnum,NULL
"第12,49列",S2c Fixedclimb 承載量與天數,警政署入山 / c_id=529 北面山(南投縣-信義鄉),03 天數下限sumdaymin,1
"第12,49列",S2c Fixedclimb 承載量與天數,警政署入山 / c_id=529 北面山(南投縣-信義鄉),04 天數上限sumdaymax,1
"第12,49列",S2c Fixedclimb 承載量與天數,警政署入山 / c_id=529 北面山(南投縣-信義鄉),05 是否抽籤IsDraw,0
"第12,49列",S2c Fixedclimb 承載量與天數,警政署入山 / c_id=529 北面山(南投縣-信義鄉),06 許可證可印天數printdays,NULL
"第12,49列",S2c Fixedclimb 承載量與天數,警政署入山 / c_id=529 北面山(南投縣-信義鄉),07 是否雪季路線issnow,0
"第12,49列",S2c Fixedclimb 承載量與天數,警政署入山 / c_id=529 北面山(南投縣-信義鄉),08 人數檢查teamscountchk,NULL
"第12,49列",S2c Fixedclimb 承載量與天數,警政署入山 / c_id=530 小石公山(南投縣-信義鄉),01 假日承載量holidaynum,NULL
"第12,49列",S2c Fixedclimb 承載量與天數,警政署入山 / c_id=530 小石公山(南投縣-信義鄉),02 平日承載量generalnum,NULL
"第12,49列",S2c Fixedclimb 承載量與天數,警政署入山 / c_id=530 小石公山(南投縣-信義鄉),03 天數下限sumdaymin,1
"第12,49列",S2c Fixedclimb 承載量與天數,警政署入山 / c_id=530 小石公山(南投縣-信義鄉),04 天數上限sumdaymax,1
"第12,49列",S2c Fixedclimb 承載量與天數,警政署入山 / c_id=530 小石公山(南投縣-信義鄉),05 是否抽籤IsDraw,0
"第12,49列",S2c Fixedclimb 承載量與天數,警政署入山 / c_id=530 小石公山(南投縣-信義鄉),06 許可證可印天數printdays,NULL
"第12,49列",S2c Fixedclimb 承載量與天數,警政署入山 / c_id=530 小石公山(南投縣-信義鄉),07 是否雪季路線issnow,0
"第12,49列",S2c Fixedclimb 承載量與天數,警政署入山 / c_id=530 小石公山(南投縣-信義鄉),08 人數檢查teamscountchk,NULL
"第12,49列",S2c Fixedclimb 承載量與天數,警政署入山 / c_id=531 伊巴厚山(南投縣-信義鄉),01 假日承載量holidaynum,NULL
"第12,49列",S2c Fixedclimb 承載量與天數,警政署入山 / c_id=531 伊巴厚山(南投縣-信義鄉),02 平日承載量generalnum,NULL
"第12,49列",S2c Fixedclimb 承載量與天數,警政署入山 / c_id=531 伊巴厚山(南投縣-信義鄉),03 天數下限sumdaymin,1
"第12,49列",S2c Fixedclimb 承載量與天數,警政署入山 / c_id=531 伊巴厚山(南投縣-信義鄉),04 天數上限sumdaymax,1
"第12,49列",S2c Fixedclimb 承載量與天數,警政署入山 / c_id=531 伊巴厚山(南投縣-信義鄉),05 是否抽籤IsDraw,0
"第12,49列",S2c Fixedclimb 承載量與天數,警政署入山 / c_id=531 伊巴厚山(南投縣-信義鄉),06 許可證可印天數printdays,NULL
"第12,49列",S2c Fixedclimb 承載量與天數,警政署入山 / c_id=531 伊巴厚山(南投縣-信義鄉),07 是否雪季路線issnow,0
"第12,49列",S2c Fixedclimb 承載量與天數,警政署入山 / c_id=531 伊巴厚山(南投縣-信義鄉),08 人數檢查teamscountchk,NULL
"第12,49列",S2c Fixedclimb 承載量與天數,警政署入山 / c_id=532 對關山(南投縣-信義鄉),01 假日承載量holidaynum,NULL
"第12,49列",S2c Fixedclimb 承載量與天數,警政署入山 / c_id=532 對關山(南投縣-信義鄉),02 平日承載量generalnum,NULL
"第12,49列",S2c Fixedclimb 承載量與天數,警政署入山 / c_id=532 對關山(南投縣-信義鄉),03 天數下限sumdaymin,1
"第12,49列",S2c Fixedclimb 承載量與天數,警政署入山 / c_id=532 對關山(南投縣-信義鄉),04 天數上限sumdaymax,1
"第12,49列",S2c Fixedclimb 承載量與天數,警政署入山 / c_id=532 對關山(南投縣-信義鄉),05 是否抽籤IsDraw,0
"第12,49列",S2c Fixedclimb 承載量與天數,警政署入山 / c_id=532 對關山(南投縣-信義鄉),06 許可證可印天數printdays,NULL
"第12,49列",S2c Fixedclimb 承載量與天數,警政署入山 / c_id=532 對關山(南投縣-信義鄉),07 是否雪季路線issnow,0
"第12,49列",S2c Fixedclimb 承載量與天數,警政署入山 / c_id=532 對關山(南投縣-信義鄉),08 人數檢查teamscountchk,NULL
"第12,49列",S2c Fixedclimb 承載量與天數,警政署入山 / c_id=533 郡坑山(南投縣-信義鄉),01 假日承載量holidaynum,NULL
"第12,49列",S2c Fixedclimb 承載量與天數,警政署入山 / c_id=533 郡坑山(南投縣-信義鄉),02 平日承載量generalnum,NULL
"第12,49列",S2c Fixedclimb 承載量與天數,警政署入山 / c_id=533 郡坑山(南投縣-信義鄉),03 天數下限sumdaymin,1
"第12,49列",S2c Fixedclimb 承載量與天數,警政署入山 / c_id=533 郡坑山(南投縣-信義鄉),04 天數上限sumdaymax,1
"第12,49列",S2c Fixedclimb 承載量與天數,警政署入山 / c_id=533 郡坑山(南投縣-信義鄉),05 是否抽籤IsDraw,0
"第12,49列",S2c Fixedclimb 承載量與天數,警政署入山 / c_id=533 郡坑山(南投縣-信義鄉),06 許可證可印天數printdays,NULL
"第12,49列",S2c Fixedclimb 承載量與天數,警政署入山 / c_id=533 郡坑山(南投縣-信義鄉),07 是否雪季路線issnow,0
"第12,49列",S2c Fixedclimb 承載量與天數,警政署入山 / c_id=533 郡坑山(南投縣-信義鄉),08 人數檢查teamscountchk,NULL
"第12,49列",S2c Fixedclimb 承載量與天數,警政署入山 / c_id=534 玉山主西峰(嘉義縣-阿里山鄉),01 假日承載量holidaynum,NULL
"第12,49列",S2c Fixedclimb 承載量與天數,警政署入山 / c_id=534 玉山主西峰(嘉義縣-阿里山鄉),02 平日承載量generalnum,NULL
"第12,49列",S2c Fixedclimb 承載量與天數,警政署入山 / c_id=534 玉山主西峰(嘉義縣-阿里山鄉),03 天數下限sumdaymin,1
"第12,49列",S2c Fixedclimb 承載量與天數,警政署入山 / c_id=534 玉山主西峰(嘉義縣-阿里山鄉),04 天數上限sumdaymax,1
"第12,49列",S2c Fixedclimb 承載量與天數,警政署入山 / c_id=534 玉山主西峰(嘉義縣-阿里山鄉),05 是否抽籤IsDraw,0
"第12,49列",S2c Fixedclimb 承載量與天數,警政署入山 / c_id=534 玉山主西峰(嘉義縣-阿里山鄉),06 許可證可印天數printdays,NULL
"第12,49列",S2c Fixedclimb 承載量與天數,警政署入山 / c_id=534 玉山主西峰(嘉義縣-阿里山鄉),07 是否雪季路線issnow,0
"第12,49列",S2c Fixedclimb 承載量與天數,警政署入山 / c_id=534 玉山主西峰(嘉義縣-阿里山鄉),08 人數檢查teamscountchk,NULL
"第12,49列",S2c Fixedclimb 承載量與天數,警政署入山 / c_id=535 海諾南山(高雄市-桃源區),01 假日承載量holidaynum,NULL
"第12,49列",S2c Fixedclimb 承載量與天數,警政署入山 / c_id=535 海諾南山(高雄市-桃源區),02 平日承載量generalnum,NULL
"第12,49列",S2c Fixedclimb 承載量與天數,警政署入山 / c_id=535 海諾南山(高雄市-桃源區),03 天數下限sumdaymin,1
"第12,49列",S2c Fixedclimb 承載量與天數,警政署入山 / c_id=535 海諾南山(高雄市-桃源區),04 天數上限sumdaymax,1
"第12,49列",S2c Fixedclimb 承載量與天數,警政署入山 / c_id=535 海諾南山(高雄市-桃源區),05 是否抽籤IsDraw,0
"第12,49列",S2c Fixedclimb 承載量與天數,警政署入山 / c_id=535 海諾南山(高雄市-桃源區),06 許可證可印天數printdays,NULL
"第12,49列",S2c Fixedclimb 承載量與天數,警政署入山 / c_id=535 海諾南山(高雄市-桃源區),07 是否雪季路線issnow,0
"第12,49列",S2c Fixedclimb 承載量與天數,警政署入山 / c_id=535 海諾南山(高雄市-桃源區),08 人數檢查teamscountchk,NULL
"第12,49列",S2c Fixedclimb 承載量與天數,警政署入山 / c_id=536 玉山小南山(高雄市-桃源區),01 假日承載量holidaynum,NULL
"第12,49列",S2c Fixedclimb 承載量與天數,警政署入山 / c_id=536 玉山小南山(高雄市-桃源區),02 平日承載量generalnum,NULL
"第12,49列",S2c Fixedclimb 承載量與天數,警政署入山 / c_id=536 玉山小南山(高雄市-桃源區),03 天數下限sumdaymin,1
"第12,49列",S2c Fixedclimb 承載量與天數,警政署入山 / c_id=536 玉山小南山(高雄市-桃源區),04 天數上限sumdaymax,1
"第12,49列",S2c Fixedclimb 承載量與天數,警政署入山 / c_id=536 玉山小南山(高雄市-桃源區),05 是否抽籤IsDraw,0
"第12,49列",S2c Fixedclimb 承載量與天數,警政署入山 / c_id=536 玉山小南山(高雄市-桃源區),06 許可證可印天數printdays,NULL
"第12,49列",S2c Fixedclimb 承載量與天數,警政署入山 / c_id=536 玉山小南山(高雄市-桃源區),07 是否雪季路線issnow,0
"第12,49列",S2c Fixedclimb 承載量與天數,警政署入山 / c_id=536 玉山小南山(高雄市-桃源區),08 人數檢查teamscountchk,NULL
"第12,49列",S2c Fixedclimb 承載量與天數,警政署入山 / c_id=537 南玉山(高雄市-桃源區),01 假日承載量holidaynum,NULL
"第12,49列",S2c Fixedclimb 承載量與天數,警政署入山 / c_id=537 南玉山(高雄市-桃源區),02 平日承載量generalnum,NULL
"第12,49列",S2c Fixedclimb 承載量與天數,警政署入山 / c_id=537 南玉山(高雄市-桃源區),03 天數下限sumdaymin,1
"第12,49列",S2c Fixedclimb 承載量與天數,警政署入山 / c_id=537 南玉山(高雄市-桃源區),04 天數上限sumdaymax,1
"第12,49列",S2c Fixedclimb 承載量與天數,警政署入山 / c_id=537 南玉山(高雄市-桃源區),05 是否抽籤IsDraw,0
"第12,49列",S2c Fixedclimb 承載量與天數,警政署入山 / c_id=537 南玉山(高雄市-桃源區),06 許可證可印天數printdays,NULL
"第12,49列",S2c Fixedclimb 承載量與天數,警政署入山 / c_id=537 南玉山(高雄市-桃源區),07 是否雪季路線issnow,0
"第12,49列",S2c Fixedclimb 承載量與天數,警政署入山 / c_id=537 南玉山(高雄市-桃源區),08 人數檢查teamscountchk,NULL
"第12,49列",S2c Fixedclimb 承載量與天數,警政署入山 / c_id=538 南雙頭山(高雄市-桃源區),01 假日承載量holidaynum,NULL
"第12,49列",S2c Fixedclimb 承載量與天數,警政署入山 / c_id=538 南雙頭山(高雄市-桃源區),02 平日承載量generalnum,NULL
"第12,49列",S2c Fixedclimb 承載量與天數,警政署入山 / c_id=538 南雙頭山(高雄市-桃源區),03 天數下限sumdaymin,1
"第12,49列",S2c Fixedclimb 承載量與天數,警政署入山 / c_id=538 南雙頭山(高雄市-桃源區),04 天數上限sumdaymax,1
"第12,49列",S2c Fixedclimb 承載量與天數,警政署入山 / c_id=538 南雙頭山(高雄市-桃源區),05 是否抽籤IsDraw,0
"第12,49列",S2c Fixedclimb 承載量與天數,警政署入山 / c_id=538 南雙頭山(高雄市-桃源區),06 許可證可印天數printdays,NULL
"第12,49列",S2c Fixedclimb 承載量與天數,警政署入山 / c_id=538 南雙頭山(高雄市-桃源區),07 是否雪季路線issnow,0
"第12,49列",S2c Fixedclimb 承載量與天數,警政署入山 / c_id=538 南雙頭山(高雄市-桃源區),08 人數檢查teamscountchk,NULL
"第12,49列",S2c Fixedclimb 承載量與天數,警政署入山 / c_id=539 玉穗山(高雄市-桃源區),01 假日承載量holidaynum,NULL
"第12,49列",S2c Fixedclimb 承載量與天數,警政署入山 / c_id=539 玉穗山(高雄市-桃源區),02 平日承載量generalnum,NULL
"第12,49列",S2c Fixedclimb 承載量與天數,警政署入山 / c_id=539 玉穗山(高雄市-桃源區),03 天數下限sumdaymin,1
"第12,49列",S2c Fixedclimb 承載量與天數,警政署入山 / c_id=539 玉穗山(高雄市-桃源區),04 天數上限sumdaymax,1
"第12,49列",S2c Fixedclimb 承載量與天數,警政署入山 / c_id=539 玉穗山(高雄市-桃源區),05 是否抽籤IsDraw,0
"第12,49列",S2c Fixedclimb 承載量與天數,警政署入山 / c_id=539 玉穗山(高雄市-桃源區),06 許可證可印天數printdays,NULL
"第12,49列",S2c Fixedclimb 承載量與天數,警政署入山 / c_id=539 玉穗山(高雄市-桃源區),07 是否雪季路線issnow,0
"第12,49列",S2c Fixedclimb 承載量與天數,警政署入山 / c_id=539 玉穗山(高雄市-桃源區),08 人數檢查teamscountchk,NULL
"第12,49列",S2c Fixedclimb 承載量與天數,警政署入山 / c_id=540 魔保來山(高雄市-桃源區),01 假日承載量holidaynum,NULL
"第12,49列",S2c Fixedclimb 承載量與天數,警政署入山 / c_id=540 魔保來山(高雄市-桃源區),02 平日承載量generalnum,NULL
"第12,49列",S2c Fixedclimb 承載量與天數,警政署入山 / c_id=540 魔保來山(高雄市-桃源區),03 天數下限sumdaymin,1
"第12,49列",S2c Fixedclimb 承載量與天數,警政署入山 / c_id=540 魔保來山(高雄市-桃源區),04 天數上限sumdaymax,1
"第12,49列",S2c Fixedclimb 承載量與天數,警政署入山 / c_id=540 魔保來山(高雄市-桃源區),05 是否抽籤IsDraw,0
"第12,49列",S2c Fixedclimb 承載量與天數,警政署入山 / c_id=540 魔保來山(高雄市-桃源區),06 許可證可印天數printdays,NULL
"第12,49列",S2c Fixedclimb 承載量與天數,警政署入山 / c_id=540 魔保來山(高雄市-桃源區),07 是否雪季路線issnow,0
"第12,49列",S2c Fixedclimb 承載量與天數,警政署入山 / c_id=540 魔保來山(高雄市-桃源區),08 人數檢查teamscountchk,NULL
"第12,49列",S2c Fixedclimb 承載量與天數,警政署入山 / c_id=541 雲水山(高雄市-桃源區),01 假日承載量holidaynum,NULL
"第12,49列",S2c Fixedclimb 承載量與天數,警政署入山 / c_id=541 雲水山(高雄市-桃源區),02 平日承載量generalnum,NULL
"第12,49列",S2c Fixedclimb 承載量與天數,警政署入山 / c_id=541 雲水山(高雄市-桃源區),03 天數下限sumdaymin,1
"第12,49列",S2c Fixedclimb 承載量與天數,警政署入山 / c_id=541 雲水山(高雄市-桃源區),04 天數上限sumdaymax,1
"第12,49列",S2c Fixedclimb 承載量與天數,警政署入山 / c_id=541 雲水山(高雄市-桃源區),05 是否抽籤IsDraw,0
"第12,49列",S2c Fixedclimb 承載量與天數,警政署入山 / c_id=541 雲水山(高雄市-桃源區),06 許可證可印天數printdays,NULL
"第12,49列",S2c Fixedclimb 承載量與天數,警政署入山 / c_id=541 雲水山(高雄市-桃源區),07 是否雪季路線issnow,0
"第12,49列",S2c Fixedclimb 承載量與天數,警政署入山 / c_id=541 雲水山(高雄市-桃源區),08 人數檢查teamscountchk,NULL
"第12,49列",S2c Fixedclimb 承載量與天數,警政署入山 / c_id=542 安東昆山(高雄市-桃源區),01 假日承載量holidaynum,NULL
"第12,49列",S2c Fixedclimb 承載量與天數,警政署入山 / c_id=542 安東昆山(高雄市-桃源區),02 平日承載量generalnum,NULL
"第12,49列",S2c Fixedclimb 承載量與天數,警政署入山 / c_id=542 安東昆山(高雄市-桃源區),03 天數下限sumdaymin,1
"第12,49列",S2c Fixedclimb 承載量與天數,警政署入山 / c_id=542 安東昆山(高雄市-桃源區),04 天數上限sumdaymax,1
"第12,49列",S2c Fixedclimb 承載量與天數,警政署入山 / c_id=542 安東昆山(高雄市-桃源區),05 是否抽籤IsDraw,0
"第12,49列",S2c Fixedclimb 承載量與天數,警政署入山 / c_id=542 安東昆山(高雄市-桃源區),06 許可證可印天數printdays,NULL
"第12,49列",S2c Fixedclimb 承載量與天數,警政署入山 / c_id=542 安東昆山(高雄市-桃源區),07 是否雪季路線issnow,0
"第12,49列",S2c Fixedclimb 承載量與天數,警政署入山 / c_id=542 安東昆山(高雄市-桃源區),08 人數檢查teamscountchk,NULL
"第12,49列",S2c Fixedclimb 承載量與天數,警政署入山 / c_id=543 巴都服山(宜蘭縣-大同鄉),01 假日承載量holidaynum,NULL
"第12,49列",S2c Fixedclimb 承載量與天數,警政署入山 / c_id=543 巴都服山(宜蘭縣-大同鄉),02 平日承載量generalnum,NULL
"第12,49列",S2c Fixedclimb 承載量與天數,警政署入山 / c_id=543 巴都服山(宜蘭縣-大同鄉),03 天數下限sumdaymin,1
"第12,49列",S2c Fixedclimb 承載量與天數,警政署入山 / c_id=543 巴都服山(宜蘭縣-大同鄉),04 天數上限sumdaymax,1
"第12,49列",S2c Fixedclimb 承載量與天數,警政署入山 / c_id=543 巴都服山(宜蘭縣-大同鄉),05 是否抽籤IsDraw,0
"第12,49列",S2c Fixedclimb 承載量與天數,警政署入山 / c_id=543 巴都服山(宜蘭縣-大同鄉),06 許可證可印天數printdays,NULL
"第12,49列",S2c Fixedclimb 承載量與天數,警政署入山 / c_id=543 巴都服山(宜蘭縣-大同鄉),07 是否雪季路線issnow,0
"第12,49列",S2c Fixedclimb 承載量與天數,警政署入山 / c_id=543 巴都服山(宜蘭縣-大同鄉),08 人數檢查teamscountchk,NULL
"第12,49列",S2c Fixedclimb 承載量與天數,警政署入山 / c_id=544 拔托諾府山(宜蘭縣-大同鄉),01 假日承載量holidaynum,NULL
"第12,49列",S2c Fixedclimb 承載量與天數,警政署入山 / c_id=544 拔托諾府山(宜蘭縣-大同鄉),02 平日承載量generalnum,NULL
"第12,49列",S2c Fixedclimb 承載量與天數,警政署入山 / c_id=544 拔托諾府山(宜蘭縣-大同鄉),03 天數下限sumdaymin,1
"第12,49列",S2c Fixedclimb 承載量與天數,警政署入山 / c_id=544 拔托諾府山(宜蘭縣-大同鄉),04 天數上限sumdaymax,1
"第12,49列",S2c Fixedclimb 承載量與天數,警政署入山 / c_id=544 拔托諾府山(宜蘭縣-大同鄉),05 是否抽籤IsDraw,0
"第12,49列",S2c Fixedclimb 承載量與天數,警政署入山 / c_id=544 拔托諾府山(宜蘭縣-大同鄉),06 許可證可印天數printdays,NULL
"第12,49列",S2c Fixedclimb 承載量與天數,警政署入山 / c_id=544 拔托諾府山(宜蘭縣-大同鄉),07 是否雪季路線issnow,0
"第12,49列",S2c Fixedclimb 承載量與天數,警政署入山 / c_id=544 拔托諾府山(宜蘭縣-大同鄉),08 人數檢查teamscountchk,NULL
"第12,49列",S2c Fixedclimb 承載量與天數,警政署入山 / c_id=545 審馬陣山(宜蘭縣-大同鄉),01 假日承載量holidaynum,NULL
"第12,49列",S2c Fixedclimb 承載量與天數,警政署入山 / c_id=545 審馬陣山(宜蘭縣-大同鄉),02 平日承載量generalnum,NULL
"第12,49列",S2c Fixedclimb 承載量與天數,警政署入山 / c_id=545 審馬陣山(宜蘭縣-大同鄉),03 天數下限sumdaymin,1
"第12,49列",S2c Fixedclimb 承載量與天數,警政署入山 / c_id=545 審馬陣山(宜蘭縣-大同鄉),04 天數上限sumdaymax,1
"第12,49列",S2c Fixedclimb 承載量與天數,警政署入山 / c_id=545 審馬陣山(宜蘭縣-大同鄉),05 是否抽籤IsDraw,0
"第12,49列",S2c Fixedclimb 承載量與天數,警政署入山 / c_id=545 審馬陣山(宜蘭縣-大同鄉),06 許可證可印天數printdays,NULL
"第12,49列",S2c Fixedclimb 承載量與天數,警政署入山 / c_id=545 審馬陣山(宜蘭縣-大同鄉),07 是否雪季路線issnow,0
"第12,49列",S2c Fixedclimb 承載量與天數,警政署入山 / c_id=545 審馬陣山(宜蘭縣-大同鄉),08 人數檢查teamscountchk,NULL
"第12,49列",S2c Fixedclimb 承載量與天數,警政署入山 / c_id=546 魔葉名病山(宜蘭縣-南澳鄉),01 假日承載量holidaynum,NULL
"第12,49列",S2c Fixedclimb 承載量與天數,警政署入山 / c_id=546 魔葉名病山(宜蘭縣-南澳鄉),02 平日承載量generalnum,NULL
"第12,49列",S2c Fixedclimb 承載量與天數,警政署入山 / c_id=546 魔葉名病山(宜蘭縣-南澳鄉),03 天數下限sumdaymin,1
"第12,49列",S2c Fixedclimb 承載量與天數,警政署入山 / c_id=546 魔葉名病山(宜蘭縣-南澳鄉),04 天數上限sumdaymax,1
"第12,49列",S2c Fixedclimb 承載量與天數,警政署入山 / c_id=546 魔葉名病山(宜蘭縣-南澳鄉),05 是否抽籤IsDraw,0
"第12,49列",S2c Fixedclimb 承載量與天數,警政署入山 / c_id=546 魔葉名病山(宜蘭縣-南澳鄉),06 許可證可印天數printdays,NULL
"第12,49列",S2c Fixedclimb 承載量與天數,警政署入山 / c_id=546 魔葉名病山(宜蘭縣-南澳鄉),07 是否雪季路線issnow,0
"第12,49列",S2c Fixedclimb 承載量與天數,警政署入山 / c_id=546 魔葉名病山(宜蘭縣-南澳鄉),08 人數檢查teamscountchk,NULL
"第12,49列",S2c Fixedclimb 承載量與天數,警政署入山 / c_id=547 阿巴拉山(花蓮縣-萬榮鄉),01 假日承載量holidaynum,NULL
"第12,49列",S2c Fixedclimb 承載量與天數,警政署入山 / c_id=547 阿巴拉山(花蓮縣-萬榮鄉),02 平日承載量generalnum,NULL
"第12,49列",S2c Fixedclimb 承載量與天數,警政署入山 / c_id=547 阿巴拉山(花蓮縣-萬榮鄉),03 天數下限sumdaymin,1
"第12,49列",S2c Fixedclimb 承載量與天數,警政署入山 / c_id=547 阿巴拉山(花蓮縣-萬榮鄉),04 天數上限sumdaymax,1
"第12,49列",S2c Fixedclimb 承載量與天數,警政署入山 / c_id=547 阿巴拉山(花蓮縣-萬榮鄉),05 是否抽籤IsDraw,0
"第12,49列",S2c Fixedclimb 承載量與天數,警政署入山 / c_id=547 阿巴拉山(花蓮縣-萬榮鄉),06 許可證可印天數printdays,NULL
"第12,49列",S2c Fixedclimb 承載量與天數,警政署入山 / c_id=547 阿巴拉山(花蓮縣-萬榮鄉),07 是否雪季路線issnow,0
"第12,49列",S2c Fixedclimb 承載量與天數,警政署入山 / c_id=547 阿巴拉山(花蓮縣-萬榮鄉),08 人數檢查teamscountchk,NULL
"第12,49列",S2c Fixedclimb 承載量與天數,警政署入山 / c_id=548 關門山(花蓮縣-萬榮鄉),01 假日承載量holidaynum,NULL
"第12,49列",S2c Fixedclimb 承載量與天數,警政署入山 / c_id=548 關門山(花蓮縣-萬榮鄉),02 平日承載量generalnum,NULL
"第12,49列",S2c Fixedclimb 承載量與天數,警政署入山 / c_id=548 關門山(花蓮縣-萬榮鄉),03 天數下限sumdaymin,1
"第12,49列",S2c Fixedclimb 承載量與天數,警政署入山 / c_id=548 關門山(花蓮縣-萬榮鄉),04 天數上限sumdaymax,1
"第12,49列",S2c Fixedclimb 承載量與天數,警政署入山 / c_id=548 關門山(花蓮縣-萬榮鄉),05 是否抽籤IsDraw,0
"第12,49列",S2c Fixedclimb 承載量與天數,警政署入山 / c_id=548 關門山(花蓮縣-萬榮鄉),06 許可證可印天數printdays,NULL
"第12,49列",S2c Fixedclimb 承載量與天數,警政署入山 / c_id=548 關門山(花蓮縣-萬榮鄉),07 是否雪季路線issnow,0
"第12,49列",S2c Fixedclimb 承載量與天數,警政署入山 / c_id=548 關門山(花蓮縣-萬榮鄉),08 人數檢查teamscountchk,NULL
"第12,49列",S2c Fixedclimb 承載量與天數,警政署入山 / c_id=549 卡社大山(花蓮縣-萬榮鄉),01 假日承載量holidaynum,NULL
"第12,49列",S2c Fixedclimb 承載量與天數,警政署入山 / c_id=549 卡社大山(花蓮縣-萬榮鄉),02 平日承載量generalnum,NULL
"第12,49列",S2c Fixedclimb 承載量與天數,警政署入山 / c_id=549 卡社大山(花蓮縣-萬榮鄉),03 天數下限sumdaymin,1
"第12,49列",S2c Fixedclimb 承載量與天數,警政署入山 / c_id=549 卡社大山(花蓮縣-萬榮鄉),04 天數上限sumdaymax,1
"第12,49列",S2c Fixedclimb 承載量與天數,警政署入山 / c_id=549 卡社大山(花蓮縣-萬榮鄉),05 是否抽籤IsDraw,0
"第12,49列",S2c Fixedclimb 承載量與天數,警政署入山 / c_id=549 卡社大山(花蓮縣-萬榮鄉),06 許可證可印天數printdays,NULL
"第12,49列",S2c Fixedclimb 承載量與天數,警政署入山 / c_id=549 卡社大山(花蓮縣-萬榮鄉),07 是否雪季路線issnow,0
"第12,49列",S2c Fixedclimb 承載量與天數,警政署入山 / c_id=549 卡社大山(花蓮縣-萬榮鄉),08 人數檢查teamscountchk,NULL
"第12,49列",S2c Fixedclimb 承載量與天數,警政署入山 / c_id=550 倫太文山(花蓮縣-萬榮鄉),01 假日承載量holidaynum,NULL
"第12,49列",S2c Fixedclimb 承載量與天數,警政署入山 / c_id=550 倫太文山(花蓮縣-萬榮鄉),02 平日承載量generalnum,NULL
"第12,49列",S2c Fixedclimb 承載量與天數,警政署入山 / c_id=550 倫太文山(花蓮縣-萬榮鄉),03 天數下限sumdaymin,1
"第12,49列",S2c Fixedclimb 承載量與天數,警政署入山 / c_id=550 倫太文山(花蓮縣-萬榮鄉),04 天數上限sumdaymax,1
"第12,49列",S2c Fixedclimb 承載量與天數,警政署入山 / c_id=550 倫太文山(花蓮縣-萬榮鄉),05 是否抽籤IsDraw,0
"第12,49列",S2c Fixedclimb 承載量與天數,警政署入山 / c_id=550 倫太文山(花蓮縣-萬榮鄉),06 許可證可印天數printdays,NULL
"第12,49列",S2c Fixedclimb 承載量與天數,警政署入山 / c_id=550 倫太文山(花蓮縣-萬榮鄉),07 是否雪季路線issnow,0
"第12,49列",S2c Fixedclimb 承載量與天數,警政署入山 / c_id=550 倫太文山(花蓮縣-萬榮鄉),08 人數檢查teamscountchk,NULL
"第12,49列",S2c Fixedclimb 承載量與天數,警政署入山 / c_id=551 喀西帕南山(花蓮縣-卓溪鄉),01 假日承載量holidaynum,NULL
"第12,49列",S2c Fixedclimb 承載量與天數,警政署入山 / c_id=551 喀西帕南山(花蓮縣-卓溪鄉),02 平日承載量generalnum,NULL
"第12,49列",S2c Fixedclimb 承載量與天數,警政署入山 / c_id=551 喀西帕南山(花蓮縣-卓溪鄉),03 天數下限sumdaymin,1
"第12,49列",S2c Fixedclimb 承載量與天數,警政署入山 / c_id=551 喀西帕南山(花蓮縣-卓溪鄉),04 天數上限sumdaymax,1
"第12,49列",S2c Fixedclimb 承載量與天數,警政署入山 / c_id=551 喀西帕南山(花蓮縣-卓溪鄉),05 是否抽籤IsDraw,0
"第12,49列",S2c Fixedclimb 承載量與天數,警政署入山 / c_id=551 喀西帕南山(花蓮縣-卓溪鄉),06 許可證可印天數printdays,NULL
"第12,49列",S2c Fixedclimb 承載量與天數,警政署入山 / c_id=551 喀西帕南山(花蓮縣-卓溪鄉),07 是否雪季路線issnow,0
"第12,49列",S2c Fixedclimb 承載量與天數,警政署入山 / c_id=551 喀西帕南山(花蓮縣-卓溪鄉),08 人數檢查teamscountchk,NULL
"第12,49列",S2c Fixedclimb 承載量與天數,警政署入山 / c_id=552 內嶺爾山(花蓮縣-卓溪鄉),01 假日承載量holidaynum,NULL
"第12,49列",S2c Fixedclimb 承載量與天數,警政署入山 / c_id=552 內嶺爾山(花蓮縣-卓溪鄉),02 平日承載量generalnum,NULL
"第12,49列",S2c Fixedclimb 承載量與天數,警政署入山 / c_id=552 內嶺爾山(花蓮縣-卓溪鄉),03 天數下限sumdaymin,1
"第12,49列",S2c Fixedclimb 承載量與天數,警政署入山 / c_id=552 內嶺爾山(花蓮縣-卓溪鄉),04 天數上限sumdaymax,1
"第12,49列",S2c Fixedclimb 承載量與天數,警政署入山 / c_id=552 內嶺爾山(花蓮縣-卓溪鄉),05 是否抽籤IsDraw,0
"第12,49列",S2c Fixedclimb 承載量與天數,警政署入山 / c_id=552 內嶺爾山(花蓮縣-卓溪鄉),06 許可證可印天數printdays,NULL
"第12,49列",S2c Fixedclimb 承載量與天數,警政署入山 / c_id=552 內嶺爾山(花蓮縣-卓溪鄉),07 是否雪季路線issnow,0
"第12,49列",S2c Fixedclimb 承載量與天數,警政署入山 / c_id=552 內嶺爾山(花蓮縣-卓溪鄉),08 人數檢查teamscountchk,NULL
"第12,49列",S2c Fixedclimb 承載量與天數,警政署入山 / c_id=553 馬西山(花蓮縣-卓溪鄉),01 假日承載量holidaynum,NULL
"第12,49列",S2c Fixedclimb 承載量與天數,警政署入山 / c_id=553 馬西山(花蓮縣-卓溪鄉),02 平日承載量generalnum,NULL
"第12,49列",S2c Fixedclimb 承載量與天數,警政署入山 / c_id=553 馬西山(花蓮縣-卓溪鄉),03 天數下限sumdaymin,1
"第12,49列",S2c Fixedclimb 承載量與天數,警政署入山 / c_id=553 馬西山(花蓮縣-卓溪鄉),04 天數上限sumdaymax,1
"第12,49列",S2c Fixedclimb 承載量與天數,警政署入山 / c_id=553 馬西山(花蓮縣-卓溪鄉),05 是否抽籤IsDraw,0
"第12,49列",S2c Fixedclimb 承載量與天數,警政署入山 / c_id=553 馬西山(花蓮縣-卓溪鄉),06 許可證可印天數printdays,NULL
"第12,49列",S2c Fixedclimb 承載量與天數,警政署入山 / c_id=553 馬西山(花蓮縣-卓溪鄉),07 是否雪季路線issnow,0
"第12,49列",S2c Fixedclimb 承載量與天數,警政署入山 / c_id=553 馬西山(花蓮縣-卓溪鄉),08 人數檢查teamscountchk,NULL
"第12,49列",S2c Fixedclimb 承載量與天數,警政署入山 / c_id=554 大理石峰(花蓮縣-卓溪鄉),01 假日承載量holidaynum,NULL
"第12,49列",S2c Fixedclimb 承載量與天數,警政署入山 / c_id=554 大理石峰(花蓮縣-卓溪鄉),02 平日承載量generalnum,NULL
"第12,49列",S2c Fixedclimb 承載量與天數,警政署入山 / c_id=554 大理石峰(花蓮縣-卓溪鄉),03 天數下限sumdaymin,1
"第12,49列",S2c Fixedclimb 承載量與天數,警政署入山 / c_id=554 大理石峰(花蓮縣-卓溪鄉),04 天數上限sumdaymax,1
"第12,49列",S2c Fixedclimb 承載量與天數,警政署入山 / c_id=554 大理石峰(花蓮縣-卓溪鄉),05 是否抽籤IsDraw,0
"第12,49列",S2c Fixedclimb 承載量與天數,警政署入山 / c_id=554 大理石峰(花蓮縣-卓溪鄉),06 許可證可印天數printdays,NULL
"第12,49列",S2c Fixedclimb 承載量與天數,警政署入山 / c_id=554 大理石峰(花蓮縣-卓溪鄉),07 是否雪季路線issnow,0
"第12,49列",S2c Fixedclimb 承載量與天數,警政署入山 / c_id=554 大理石峰(花蓮縣-卓溪鄉),08 人數檢查teamscountchk,NULL
"第12,49列",S2c Fixedclimb 承載量與天數,警政署入山 / c_id=555 布干山(花蓮縣-卓溪鄉),01 假日承載量holidaynum,NULL
"第12,49列",S2c Fixedclimb 承載量與天數,警政署入山 / c_id=555 布干山(花蓮縣-卓溪鄉),02 平日承載量generalnum,NULL
"第12,49列",S2c Fixedclimb 承載量與天數,警政署入山 / c_id=555 布干山(花蓮縣-卓溪鄉),03 天數下限sumdaymin,1
"第12,49列",S2c Fixedclimb 承載量與天數,警政署入山 / c_id=555 布干山(花蓮縣-卓溪鄉),04 天數上限sumdaymax,1
"第12,49列",S2c Fixedclimb 承載量與天數,警政署入山 / c_id=555 布干山(花蓮縣-卓溪鄉),05 是否抽籤IsDraw,0
"第12,49列",S2c Fixedclimb 承載量與天數,警政署入山 / c_id=555 布干山(花蓮縣-卓溪鄉),06 許可證可印天數printdays,NULL
"第12,49列",S2c Fixedclimb 承載量與天數,警政署入山 / c_id=555 布干山(花蓮縣-卓溪鄉),07 是否雪季路線issnow,0
"第12,49列",S2c Fixedclimb 承載量與天數,警政署入山 / c_id=555 布干山(花蓮縣-卓溪鄉),08 人數檢查teamscountchk,NULL
"第12,49列",S2c Fixedclimb 承載量與天數,警政署入山 / c_id=556 馬利亞文路山(花蓮縣-卓溪鄉),01 假日承載量holidaynum,NULL
"第12,49列",S2c Fixedclimb 承載量與天數,警政署入山 / c_id=556 馬利亞文路山(花蓮縣-卓溪鄉),02 平日承載量generalnum,NULL
"第12,49列",S2c Fixedclimb 承載量與天數,警政署入山 / c_id=556 馬利亞文路山(花蓮縣-卓溪鄉),03 天數下限sumdaymin,1
"第12,49列",S2c Fixedclimb 承載量與天數,警政署入山 / c_id=556 馬利亞文路山(花蓮縣-卓溪鄉),04 天數上限sumdaymax,1
"第12,49列",S2c Fixedclimb 承載量與天數,警政署入山 / c_id=556 馬利亞文路山(花蓮縣-卓溪鄉),05 是否抽籤IsDraw,0
"第12,49列",S2c Fixedclimb 承載量與天數,警政署入山 / c_id=556 馬利亞文路山(花蓮縣-卓溪鄉),06 許可證可印天數printdays,NULL
"第12,49列",S2c Fixedclimb 承載量與天數,警政署入山 / c_id=556 馬利亞文路山(花蓮縣-卓溪鄉),07 是否雪季路線issnow,0
"第12,49列",S2c Fixedclimb 承載量與天數,警政署入山 / c_id=556 馬利亞文路山(花蓮縣-卓溪鄉),08 人數檢查teamscountchk,NULL
"第12,49列",S2c Fixedclimb 承載量與天數,警政署入山 / c_id=557 太魯那斯山(花蓮縣-卓溪鄉),01 假日承載量holidaynum,NULL
"第12,49列",S2c Fixedclimb 承載量與天數,警政署入山 / c_id=557 太魯那斯山(花蓮縣-卓溪鄉),02 平日承載量generalnum,NULL
"第12,49列",S2c Fixedclimb 承載量與天數,警政署入山 / c_id=557 太魯那斯山(花蓮縣-卓溪鄉),03 天數下限sumdaymin,1
"第12,49列",S2c Fixedclimb 承載量與天數,警政署入山 / c_id=557 太魯那斯山(花蓮縣-卓溪鄉),04 天數上限sumdaymax,1
"第12,49列",S2c Fixedclimb 承載量與天數,警政署入山 / c_id=557 太魯那斯山(花蓮縣-卓溪鄉),05 是否抽籤IsDraw,0
"第12,49列",S2c Fixedclimb 承載量與天數,警政署入山 / c_id=557 太魯那斯山(花蓮縣-卓溪鄉),06 許可證可印天數printdays,NULL
"第12,49列",S2c Fixedclimb 承載量與天數,警政署入山 / c_id=557 太魯那斯山(花蓮縣-卓溪鄉),07 是否雪季路線issnow,0
"第12,49列",S2c Fixedclimb 承載量與天數,警政署入山 / c_id=557 太魯那斯山(花蓮縣-卓溪鄉),08 人數檢查teamscountchk,NULL
"第12,49列",S2c Fixedclimb 承載量與天數,警政署入山 / c_id=558 連理山(花蓮縣-卓溪鄉),01 假日承載量holidaynum,NULL
"第12,49列",S2c Fixedclimb 承載量與天數,警政署入山 / c_id=558 連理山(花蓮縣-卓溪鄉),02 平日承載量generalnum,NULL
"第12,49列",S2c Fixedclimb 承載量與天數,警政署入山 / c_id=558 連理山(花蓮縣-卓溪鄉),03 天數下限sumdaymin,1
"第12,49列",S2c Fixedclimb 承載量與天數,警政署入山 / c_id=558 連理山(花蓮縣-卓溪鄉),04 天數上限sumdaymax,1
"第12,49列",S2c Fixedclimb 承載量與天數,警政署入山 / c_id=558 連理山(花蓮縣-卓溪鄉),05 是否抽籤IsDraw,0
"第12,49列",S2c Fixedclimb 承載量與天數,警政署入山 / c_id=558 連理山(花蓮縣-卓溪鄉),06 許可證可印天數printdays,NULL
"第12,49列",S2c Fixedclimb 承載量與天數,警政署入山 / c_id=558 連理山(花蓮縣-卓溪鄉),07 是否雪季路線issnow,0
"第12,49列",S2c Fixedclimb 承載量與天數,警政署入山 / c_id=558 連理山(花蓮縣-卓溪鄉),08 人數檢查teamscountchk,NULL
"第12,49列",S2c Fixedclimb 承載量與天數,警政署入山 / c_id=559 新仙山(花蓮縣-卓溪鄉),01 假日承載量holidaynum,NULL
"第12,49列",S2c Fixedclimb 承載量與天數,警政署入山 / c_id=559 新仙山(花蓮縣-卓溪鄉),02 平日承載量generalnum,NULL
"第12,49列",S2c Fixedclimb 承載量與天數,警政署入山 / c_id=559 新仙山(花蓮縣-卓溪鄉),03 天數下限sumdaymin,1
"第12,49列",S2c Fixedclimb 承載量與天數,警政署入山 / c_id=559 新仙山(花蓮縣-卓溪鄉),04 天數上限sumdaymax,1
"第12,49列",S2c Fixedclimb 承載量與天數,警政署入山 / c_id=559 新仙山(花蓮縣-卓溪鄉),05 是否抽籤IsDraw,0
"第12,49列",S2c Fixedclimb 承載量與天數,警政署入山 / c_id=559 新仙山(花蓮縣-卓溪鄉),06 許可證可印天數printdays,NULL
"第12,49列",S2c Fixedclimb 承載量與天數,警政署入山 / c_id=559 新仙山(花蓮縣-卓溪鄉),07 是否雪季路線issnow,0
"第12,49列",S2c Fixedclimb 承載量與天數,警政署入山 / c_id=559 新仙山(花蓮縣-卓溪鄉),08 人數檢查teamscountchk,NULL
"第12,49列",S2c Fixedclimb 承載量與天數,警政署入山 / c_id=560 天宮堡壘(花蓮縣-卓溪鄉),01 假日承載量holidaynum,NULL
"第12,49列",S2c Fixedclimb 承載量與天數,警政署入山 / c_id=560 天宮堡壘(花蓮縣-卓溪鄉),02 平日承載量generalnum,NULL
"第12,49列",S2c Fixedclimb 承載量與天數,警政署入山 / c_id=560 天宮堡壘(花蓮縣-卓溪鄉),03 天數下限sumdaymin,1
"第12,49列",S2c Fixedclimb 承載量與天數,警政署入山 / c_id=560 天宮堡壘(花蓮縣-卓溪鄉),04 天數上限sumdaymax,1
"第12,49列",S2c Fixedclimb 承載量與天數,警政署入山 / c_id=560 天宮堡壘(花蓮縣-卓溪鄉),05 是否抽籤IsDraw,0
"第12,49列",S2c Fixedclimb 承載量與天數,警政署入山 / c_id=560 天宮堡壘(花蓮縣-卓溪鄉),06 許可證可印天數printdays,NULL
"第12,49列",S2c Fixedclimb 承載量與天數,警政署入山 / c_id=560 天宮堡壘(花蓮縣-卓溪鄉),07 是否雪季路線issnow,0
"第12,49列",S2c Fixedclimb 承載量與天數,警政署入山 / c_id=560 天宮堡壘(花蓮縣-卓溪鄉),08 人數檢查teamscountchk,NULL
"第12,49列",S2c Fixedclimb 承載量與天數,警政署入山 / c_id=561 塞珂山(花蓮縣-卓溪鄉),01 假日承載量holidaynum,NULL
"第12,49列",S2c Fixedclimb 承載量與天數,警政署入山 / c_id=561 塞珂山(花蓮縣-卓溪鄉),02 平日承載量generalnum,NULL
"第12,49列",S2c Fixedclimb 承載量與天數,警政署入山 / c_id=561 塞珂山(花蓮縣-卓溪鄉),03 天數下限sumdaymin,1
"第12,49列",S2c Fixedclimb 承載量與天數,警政署入山 / c_id=561 塞珂山(花蓮縣-卓溪鄉),04 天數上限sumdaymax,1
"第12,49列",S2c Fixedclimb 承載量與天數,警政署入山 / c_id=561 塞珂山(花蓮縣-卓溪鄉),05 是否抽籤IsDraw,0
"第12,49列",S2c Fixedclimb 承載量與天數,警政署入山 / c_id=561 塞珂山(花蓮縣-卓溪鄉),06 許可證可印天數printdays,NULL
"第12,49列",S2c Fixedclimb 承載量與天數,警政署入山 / c_id=561 塞珂山(花蓮縣-卓溪鄉),07 是否雪季路線issnow,0
"第12,49列",S2c Fixedclimb 承載量與天數,警政署入山 / c_id=561 塞珂山(花蓮縣-卓溪鄉),08 人數檢查teamscountchk,NULL
"第12,49列",S2c Fixedclimb 承載量與天數,警政署入山 / c_id=562 烏妹浪胖山(花蓮縣-卓溪鄉),01 假日承載量holidaynum,NULL
"第12,49列",S2c Fixedclimb 承載量與天數,警政署入山 / c_id=562 烏妹浪胖山(花蓮縣-卓溪鄉),02 平日承載量generalnum,NULL
"第12,49列",S2c Fixedclimb 承載量與天數,警政署入山 / c_id=562 烏妹浪胖山(花蓮縣-卓溪鄉),03 天數下限sumdaymin,1
"第12,49列",S2c Fixedclimb 承載量與天數,警政署入山 / c_id=562 烏妹浪胖山(花蓮縣-卓溪鄉),04 天數上限sumdaymax,1
"第12,49列",S2c Fixedclimb 承載量與天數,警政署入山 / c_id=562 烏妹浪胖山(花蓮縣-卓溪鄉),05 是否抽籤IsDraw,0
"第12,49列",S2c Fixedclimb 承載量與天數,警政署入山 / c_id=562 烏妹浪胖山(花蓮縣-卓溪鄉),06 許可證可印天數printdays,NULL
"第12,49列",S2c Fixedclimb 承載量與天數,警政署入山 / c_id=562 烏妹浪胖山(花蓮縣-卓溪鄉),07 是否雪季路線issnow,0
"第12,49列",S2c Fixedclimb 承載量與天數,警政署入山 / c_id=562 烏妹浪胖山(花蓮縣-卓溪鄉),08 人數檢查teamscountchk,NULL
"第12,49列",S2c Fixedclimb 承載量與天數,警政署入山 / c_id=563 可可爾博山(花蓮縣-卓溪鄉),01 假日承載量holidaynum,NULL
"第12,49列",S2c Fixedclimb 承載量與天數,警政署入山 / c_id=563 可可爾博山(花蓮縣-卓溪鄉),02 平日承載量generalnum,NULL
"第12,49列",S2c Fixedclimb 承載量與天數,警政署入山 / c_id=563 可可爾博山(花蓮縣-卓溪鄉),03 天數下限sumdaymin,1
"第12,49列",S2c Fixedclimb 承載量與天數,警政署入山 / c_id=563 可可爾博山(花蓮縣-卓溪鄉),04 天數上限sumdaymax,1
"第12,49列",S2c Fixedclimb 承載量與天數,警政署入山 / c_id=563 可可爾博山(花蓮縣-卓溪鄉),05 是否抽籤IsDraw,0
"第12,49列",S2c Fixedclimb 承載量與天數,警政署入山 / c_id=563 可可爾博山(花蓮縣-卓溪鄉),06 許可證可印天數printdays,NULL
"第12,49列",S2c Fixedclimb 承載量與天數,警政署入山 / c_id=563 可可爾博山(花蓮縣-卓溪鄉),07 是否雪季路線issnow,0
"第12,49列",S2c Fixedclimb 承載量與天數,警政署入山 / c_id=563 可可爾博山(花蓮縣-卓溪鄉),08 人數檢查teamscountchk,NULL
"第12,49列",S2c Fixedclimb 承載量與天數,警政署入山 / c_id=564 阿波蘭山(花蓮縣-卓溪鄉),01 假日承載量holidaynum,NULL
"第12,49列",S2c Fixedclimb 承載量與天數,警政署入山 / c_id=564 阿波蘭山(花蓮縣-卓溪鄉),02 平日承載量generalnum,NULL
"第12,49列",S2c Fixedclimb 承載量與天數,警政署入山 / c_id=564 阿波蘭山(花蓮縣-卓溪鄉),03 天數下限sumdaymin,1
"第12,49列",S2c Fixedclimb 承載量與天數,警政署入山 / c_id=564 阿波蘭山(花蓮縣-卓溪鄉),04 天數上限sumdaymax,1
"第12,49列",S2c Fixedclimb 承載量與天數,警政署入山 / c_id=564 阿波蘭山(花蓮縣-卓溪鄉),05 是否抽籤IsDraw,0
"第12,49列",S2c Fixedclimb 承載量與天數,警政署入山 / c_id=564 阿波蘭山(花蓮縣-卓溪鄉),06 許可證可印天數printdays,NULL
"第12,49列",S2c Fixedclimb 承載量與天數,警政署入山 / c_id=564 阿波蘭山(花蓮縣-卓溪鄉),07 是否雪季路線issnow,0
"第12,49列",S2c Fixedclimb 承載量與天數,警政署入山 / c_id=564 阿波蘭山(花蓮縣-卓溪鄉),08 人數檢查teamscountchk,NULL
"第12,49列",S2c Fixedclimb 承載量與天數,警政署入山 / c_id=565 向陽山(臺東縣-海端鄉),01 假日承載量holidaynum,NULL
"第12,49列",S2c Fixedclimb 承載量與天數,警政署入山 / c_id=565 向陽山(臺東縣-海端鄉),02 平日承載量generalnum,NULL
"第12,49列",S2c Fixedclimb 承載量與天數,警政署入山 / c_id=565 向陽山(臺東縣-海端鄉),03 天數下限sumdaymin,1
"第12,49列",S2c Fixedclimb 承載量與天數,警政署入山 / c_id=565 向陽山(臺東縣-海端鄉),04 天數上限sumdaymax,1
"第12,49列",S2c Fixedclimb 承載量與天數,警政署入山 / c_id=565 向陽山(臺東縣-海端鄉),05 是否抽籤IsDraw,0
"第12,49列",S2c Fixedclimb 承載量與天數,警政署入山 / c_id=565 向陽山(臺東縣-海端鄉),06 許可證可印天數printdays,NULL
"第12,49列",S2c Fixedclimb 承載量與天數,警政署入山 / c_id=565 向陽山(臺東縣-海端鄉),07 是否雪季路線issnow,0
"第12,49列",S2c Fixedclimb 承載量與天數,警政署入山 / c_id=565 向陽山(臺東縣-海端鄉),08 人數檢查teamscountchk,NULL
"第12,49列",S2c Fixedclimb 承載量與天數,警政署入山 / c_id=566 鷹子嘴山(臺東縣-海端鄉),01 假日承載量holidaynum,NULL
"第12,49列",S2c Fixedclimb 承載量與天數,警政署入山 / c_id=566 鷹子嘴山(臺東縣-海端鄉),02 平日承載量generalnum,NULL
"第12,49列",S2c Fixedclimb 承載量與天數,警政署入山 / c_id=566 鷹子嘴山(臺東縣-海端鄉),03 天數下限sumdaymin,1
"第12,49列",S2c Fixedclimb 承載量與天數,警政署入山 / c_id=566 鷹子嘴山(臺東縣-海端鄉),04 天數上限sumdaymax,1
"第12,49列",S2c Fixedclimb 承載量與天數,警政署入山 / c_id=566 鷹子嘴山(臺東縣-海端鄉),05 是否抽籤IsDraw,0
"第12,49列",S2c Fixedclimb 承載量與天數,警政署入山 / c_id=566 鷹子嘴山(臺東縣-海端鄉),06 許可證可印天數printdays,NULL
"第12,49列",S2c Fixedclimb 承載量與天數,警政署入山 / c_id=566 鷹子嘴山(臺東縣-海端鄉),07 是否雪季路線issnow,0
"第12,49列",S2c Fixedclimb 承載量與天數,警政署入山 / c_id=566 鷹子嘴山(臺東縣-海端鄉),08 人數檢查teamscountchk,NULL
"第12,49列",S2c Fixedclimb 承載量與天數,警政署入山 / c_id=567 馬西巴秀山(臺東縣-海端鄉),01 假日承載量holidaynum,NULL
"第12,49列",S2c Fixedclimb 承載量與天數,警政署入山 / c_id=567 馬西巴秀山(臺東縣-海端鄉),02 平日承載量generalnum,NULL
"第12,49列",S2c Fixedclimb 承載量與天數,警政署入山 / c_id=567 馬西巴秀山(臺東縣-海端鄉),03 天數下限sumdaymin,1
"第12,49列",S2c Fixedclimb 承載量與天數,警政署入山 / c_id=567 馬西巴秀山(臺東縣-海端鄉),04 天數上限sumdaymax,1
"第12,49列",S2c Fixedclimb 承載量與天數,警政署入山 / c_id=567 馬西巴秀山(臺東縣-海端鄉),05 是否抽籤IsDraw,0
"第12,49列",S2c Fixedclimb 承載量與天數,警政署入山 / c_id=567 馬西巴秀山(臺東縣-海端鄉),06 許可證可印天數printdays,NULL
"第12,49列",S2c Fixedclimb 承載量與天數,警政署入山 / c_id=567 馬西巴秀山(臺東縣-海端鄉),07 是否雪季路線issnow,0
"第12,49列",S2c Fixedclimb 承載量與天數,警政署入山 / c_id=567 馬西巴秀山(臺東縣-海端鄉),08 人數檢查teamscountchk,NULL
"第12,49列",S2c Fixedclimb 承載量與天數,警政署入山 / c_id=568 南大武山(臺東縣-金峰鄉),01 假日承載量holidaynum,NULL
"第12,49列",S2c Fixedclimb 承載量與天數,警政署入山 / c_id=568 南大武山(臺東縣-金峰鄉),02 平日承載量generalnum,NULL
"第12,49列",S2c Fixedclimb 承載量與天數,警政署入山 / c_id=568 南大武山(臺東縣-金峰鄉),03 天數下限sumdaymin,1
"第12,49列",S2c Fixedclimb 承載量與天數,警政署入山 / c_id=568 南大武山(臺東縣-金峰鄉),04 天數上限sumdaymax,1
"第12,49列",S2c Fixedclimb 承載量與天數,警政署入山 / c_id=568 南大武山(臺東縣-金峰鄉),05 是否抽籤IsDraw,0
"第12,49列",S2c Fixedclimb 承載量與天數,警政署入山 / c_id=568 南大武山(臺東縣-金峰鄉),06 許可證可印天數printdays,NULL
"第12,49列",S2c Fixedclimb 承載量與天數,警政署入山 / c_id=568 南大武山(臺東縣-金峰鄉),07 是否雪季路線issnow,0
"第12,49列",S2c Fixedclimb 承載量與天數,警政署入山 / c_id=568 南大武山(臺東縣-金峰鄉),08 人數檢查teamscountchk,NULL
"第12,49列",S2c Fixedclimb 承載量與天數,警政署入山 / c_id=569 棲蘭神木(宜蘭縣-大同鄉),01 假日承載量holidaynum,NULL
"第12,49列",S2c Fixedclimb 承載量與天數,警政署入山 / c_id=569 棲蘭神木(宜蘭縣-大同鄉),02 平日承載量generalnum,NULL
"第12,49列",S2c Fixedclimb 承載量與天數,警政署入山 / c_id=569 棲蘭神木(宜蘭縣-大同鄉),03 天數下限sumdaymin,1
"第12,49列",S2c Fixedclimb 承載量與天數,警政署入山 / c_id=569 棲蘭神木(宜蘭縣-大同鄉),04 天數上限sumdaymax,1
"第12,49列",S2c Fixedclimb 承載量與天數,警政署入山 / c_id=569 棲蘭神木(宜蘭縣-大同鄉),05 是否抽籤IsDraw,0
"第12,49列",S2c Fixedclimb 承載量與天數,警政署入山 / c_id=569 棲蘭神木(宜蘭縣-大同鄉),06 許可證可印天數printdays,NULL
"第12,49列",S2c Fixedclimb 承載量與天數,警政署入山 / c_id=569 棲蘭神木(宜蘭縣-大同鄉),07 是否雪季路線issnow,0
"第12,49列",S2c Fixedclimb 承載量與天數,警政署入山 / c_id=569 棲蘭神木(宜蘭縣-大同鄉),08 人數檢查teamscountchk,NULL
"第12,49列",S2c Fixedclimb 承載量與天數,警政署入山 / c_id=570 慕谷慕魚(花蓮縣-秀林鄉):禁止入山,01 假日承載量holidaynum,NULL
"第12,49列",S2c Fixedclimb 承載量與天數,警政署入山 / c_id=570 慕谷慕魚(花蓮縣-秀林鄉):禁止入山,02 平日承載量generalnum,NULL
"第12,49列",S2c Fixedclimb 承載量與天數,警政署入山 / c_id=570 慕谷慕魚(花蓮縣-秀林鄉):禁止入山,03 天數下限sumdaymin,1
"第12,49列",S2c Fixedclimb 承載量與天數,警政署入山 / c_id=570 慕谷慕魚(花蓮縣-秀林鄉):禁止入山,04 天數上限sumdaymax,1
"第12,49列",S2c Fixedclimb 承載量與天數,警政署入山 / c_id=570 慕谷慕魚(花蓮縣-秀林鄉):禁止入山,05 是否抽籤IsDraw,0
"第12,49列",S2c Fixedclimb 承載量與天數,警政署入山 / c_id=570 慕谷慕魚(花蓮縣-秀林鄉):禁止入山,06 許可證可印天數printdays,NULL
"第12,49列",S2c Fixedclimb 承載量與天數,警政署入山 / c_id=570 慕谷慕魚(花蓮縣-秀林鄉):禁止入山,07 是否雪季路線issnow,0
"第12,49列",S2c Fixedclimb 承載量與天數,警政署入山 / c_id=570 慕谷慕魚(花蓮縣-秀林鄉):禁止入山,08 人數檢查teamscountchk,NULL
"第12,49列",S2c Fixedclimb 承載量與天數,警政署入山 / c_id=571 新康橫斷(高雄市-桃源區),01 假日承載量holidaynum,NULL
"第12,49列",S2c Fixedclimb 承載量與天數,警政署入山 / c_id=571 新康橫斷(高雄市-桃源區),02 平日承載量generalnum,NULL
"第12,49列",S2c Fixedclimb 承載量與天數,警政署入山 / c_id=571 新康橫斷(高雄市-桃源區),03 天數下限sumdaymin,1
"第12,49列",S2c Fixedclimb 承載量與天數,警政署入山 / c_id=571 新康橫斷(高雄市-桃源區),04 天數上限sumdaymax,1
"第12,49列",S2c Fixedclimb 承載量與天數,警政署入山 / c_id=571 新康橫斷(高雄市-桃源區),05 是否抽籤IsDraw,0
"第12,49列",S2c Fixedclimb 承載量與天數,警政署入山 / c_id=571 新康橫斷(高雄市-桃源區),06 許可證可印天數printdays,NULL
"第12,49列",S2c Fixedclimb 承載量與天數,警政署入山 / c_id=571 新康橫斷(高雄市-桃源區),07 是否雪季路線issnow,0
"第12,49列",S2c Fixedclimb 承載量與天數,警政署入山 / c_id=571 新康橫斷(高雄市-桃源區),08 人數檢查teamscountchk,NULL
"第12,49列",S2c Fixedclimb 承載量與天數,警政署入山 / c_id=572 新康橫斷(花蓮縣-卓溪鄉),01 假日承載量holidaynum,NULL
"第12,49列",S2c Fixedclimb 承載量與天數,警政署入山 / c_id=572 新康橫斷(花蓮縣-卓溪鄉),02 平日承載量generalnum,NULL
"第12,49列",S2c Fixedclimb 承載量與天數,警政署入山 / c_id=572 新康橫斷(花蓮縣-卓溪鄉),03 天數下限sumdaymin,1
"第12,49列",S2c Fixedclimb 承載量與天數,警政署入山 / c_id=572 新康橫斷(花蓮縣-卓溪鄉),04 天數上限sumdaymax,1
"第12,49列",S2c Fixedclimb 承載量與天數,警政署入山 / c_id=572 新康橫斷(花蓮縣-卓溪鄉),05 是否抽籤IsDraw,0
"第12,49列",S2c Fixedclimb 承載量與天數,警政署入山 / c_id=572 新康橫斷(花蓮縣-卓溪鄉),06 許可證可印天數printdays,NULL
"第12,49列",S2c Fixedclimb 承載量與天數,警政署入山 / c_id=572 新康橫斷(花蓮縣-卓溪鄉),07 是否雪季路線issnow,0
"第12,49列",S2c Fixedclimb 承載量與天數,警政署入山 / c_id=572 新康橫斷(花蓮縣-卓溪鄉),08 人數檢查teamscountchk,NULL
"第12,49列",S2c Fixedclimb 承載量與天數,警政署入山 / c_id=573 新康橫斷(臺東縣-海端鄉),01 假日承載量holidaynum,NULL
"第12,49列",S2c Fixedclimb 承載量與天數,警政署入山 / c_id=573 新康橫斷(臺東縣-海端鄉),02 平日承載量generalnum,NULL
"第12,49列",S2c Fixedclimb 承載量與天數,警政署入山 / c_id=573 新康橫斷(臺東縣-海端鄉),03 天數下限sumdaymin,1
"第12,49列",S2c Fixedclimb 承載量與天數,警政署入山 / c_id=573 新康橫斷(臺東縣-海端鄉),04 天數上限sumdaymax,1
"第12,49列",S2c Fixedclimb 承載量與天數,警政署入山 / c_id=573 新康橫斷(臺東縣-海端鄉),05 是否抽籤IsDraw,0
"第12,49列",S2c Fixedclimb 承載量與天數,警政署入山 / c_id=573 新康橫斷(臺東縣-海端鄉),06 許可證可印天數printdays,NULL
"第12,49列",S2c Fixedclimb 承載量與天數,警政署入山 / c_id=573 新康橫斷(臺東縣-海端鄉),07 是否雪季路線issnow,0
"第12,49列",S2c Fixedclimb 承載量與天數,警政署入山 / c_id=573 新康橫斷(臺東縣-海端鄉),08 人數檢查teamscountchk,NULL
"第12,49列",S2c Fixedclimb 承載量與天數,警政署入山 / c_id=574 玉山主前西峰(嘉義縣-阿里山鄉),01 假日承載量holidaynum,NULL
"第12,49列",S2c Fixedclimb 承載量與天數,警政署入山 / c_id=574 玉山主前西峰(嘉義縣-阿里山鄉),02 平日承載量generalnum,NULL
"第12,49列",S2c Fixedclimb 承載量與天數,警政署入山 / c_id=574 玉山主前西峰(嘉義縣-阿里山鄉),03 天數下限sumdaymin,1
"第12,49列",S2c Fixedclimb 承載量與天數,警政署入山 / c_id=574 玉山主前西峰(嘉義縣-阿里山鄉),04 天數上限sumdaymax,1
"第12,49列",S2c Fixedclimb 承載量與天數,警政署入山 / c_id=574 玉山主前西峰(嘉義縣-阿里山鄉),05 是否抽籤IsDraw,0
"第12,49列",S2c Fixedclimb 承載量與天數,警政署入山 / c_id=574 玉山主前西峰(嘉義縣-阿里山鄉),06 許可證可印天數printdays,NULL
"第12,49列",S2c Fixedclimb 承載量與天數,警政署入山 / c_id=574 玉山主前西峰(嘉義縣-阿里山鄉),07 是否雪季路線issnow,0
"第12,49列",S2c Fixedclimb 承載量與天數,警政署入山 / c_id=574 玉山主前西峰(嘉義縣-阿里山鄉),08 人數檢查teamscountchk,NULL
"第12,49列",S2c Fixedclimb 承載量與天數,警政署入山 / c_id=575 阿塱壹古道(屏東縣-牡丹鄉),01 假日承載量holidaynum,NULL
"第12,49列",S2c Fixedclimb 承載量與天數,警政署入山 / c_id=575 阿塱壹古道(屏東縣-牡丹鄉),02 平日承載量generalnum,NULL
"第12,49列",S2c Fixedclimb 承載量與天數,警政署入山 / c_id=575 阿塱壹古道(屏東縣-牡丹鄉),03 天數下限sumdaymin,1
"第12,49列",S2c Fixedclimb 承載量與天數,警政署入山 / c_id=575 阿塱壹古道(屏東縣-牡丹鄉),04 天數上限sumdaymax,1
"第12,49列",S2c Fixedclimb 承載量與天數,警政署入山 / c_id=575 阿塱壹古道(屏東縣-牡丹鄉),05 是否抽籤IsDraw,0
"第12,49列",S2c Fixedclimb 承載量與天數,警政署入山 / c_id=575 阿塱壹古道(屏東縣-牡丹鄉),06 許可證可印天數printdays,NULL
"第12,49列",S2c Fixedclimb 承載量與天數,警政署入山 / c_id=575 阿塱壹古道(屏東縣-牡丹鄉),07 是否雪季路線issnow,0
"第12,49列",S2c Fixedclimb 承載量與天數,警政署入山 / c_id=575 阿塱壹古道(屏東縣-牡丹鄉),08 人數檢查teamscountchk,NULL
"第12,49列",S2c Fixedclimb 承載量與天數,警政署入山 / c_id=576 阿塱壹古道(臺東縣-達仁鄉),01 假日承載量holidaynum,NULL
"第12,49列",S2c Fixedclimb 承載量與天數,警政署入山 / c_id=576 阿塱壹古道(臺東縣-達仁鄉),02 平日承載量generalnum,NULL
"第12,49列",S2c Fixedclimb 承載量與天數,警政署入山 / c_id=576 阿塱壹古道(臺東縣-達仁鄉),03 天數下限sumdaymin,1
"第12,49列",S2c Fixedclimb 承載量與天數,警政署入山 / c_id=576 阿塱壹古道(臺東縣-達仁鄉),04 天數上限sumdaymax,1
"第12,49列",S2c Fixedclimb 承載量與天數,警政署入山 / c_id=576 阿塱壹古道(臺東縣-達仁鄉),05 是否抽籤IsDraw,0
"第12,49列",S2c Fixedclimb 承載量與天數,警政署入山 / c_id=576 阿塱壹古道(臺東縣-達仁鄉),06 許可證可印天數printdays,NULL
"第12,49列",S2c Fixedclimb 承載量與天數,警政署入山 / c_id=576 阿塱壹古道(臺東縣-達仁鄉),07 是否雪季路線issnow,0
"第12,49列",S2c Fixedclimb 承載量與天數,警政署入山 / c_id=576 阿塱壹古道(臺東縣-達仁鄉),08 人數檢查teamscountchk,NULL
"第12,49列",S2c Fixedclimb 承載量與天數,警政署入山 / c_id=577 南投縣信義鄉各村(南投縣-信義鄉),01 假日承載量holidaynum,NULL
"第12,49列",S2c Fixedclimb 承載量與天數,警政署入山 / c_id=577 南投縣信義鄉各村(南投縣-信義鄉),02 平日承載量generalnum,NULL
"第12,49列",S2c Fixedclimb 承載量與天數,警政署入山 / c_id=577 南投縣信義鄉各村(南投縣-信義鄉),03 天數下限sumdaymin,1
"第12,49列",S2c Fixedclimb 承載量與天數,警政署入山 / c_id=577 南投縣信義鄉各村(南投縣-信義鄉),04 天數上限sumdaymax,1
"第12,49列",S2c Fixedclimb 承載量與天數,警政署入山 / c_id=577 南投縣信義鄉各村(南投縣-信義鄉),05 是否抽籤IsDraw,0
"第12,49列",S2c Fixedclimb 承載量與天數,警政署入山 / c_id=577 南投縣信義鄉各村(南投縣-信義鄉),06 許可證可印天數printdays,NULL
"第12,49列",S2c Fixedclimb 承載量與天數,警政署入山 / c_id=577 南投縣信義鄉各村(南投縣-信義鄉),07 是否雪季路線issnow,0
"第12,49列",S2c Fixedclimb 承載量與天數,警政署入山 / c_id=577 南投縣信義鄉各村(南投縣-信義鄉),08 人數檢查teamscountchk,NULL
"第12,49列",S2c Fixedclimb 承載量與天數,警政署入山 / c_id=578 高雄市茂林區各里(高雄市-茂林區),01 假日承載量holidaynum,NULL
"第12,49列",S2c Fixedclimb 承載量與天數,警政署入山 / c_id=578 高雄市茂林區各里(高雄市-茂林區),02 平日承載量generalnum,NULL
"第12,49列",S2c Fixedclimb 承載量與天數,警政署入山 / c_id=578 高雄市茂林區各里(高雄市-茂林區),03 天數下限sumdaymin,1
"第12,49列",S2c Fixedclimb 承載量與天數,警政署入山 / c_id=578 高雄市茂林區各里(高雄市-茂林區),04 天數上限sumdaymax,1
"第12,49列",S2c Fixedclimb 承載量與天數,警政署入山 / c_id=578 高雄市茂林區各里(高雄市-茂林區),05 是否抽籤IsDraw,0
"第12,49列",S2c Fixedclimb 承載量與天數,警政署入山 / c_id=578 高雄市茂林區各里(高雄市-茂林區),06 許可證可印天數printdays,NULL
"第12,49列",S2c Fixedclimb 承載量與天數,警政署入山 / c_id=578 高雄市茂林區各里(高雄市-茂林區),07 是否雪季路線issnow,0
"第12,49列",S2c Fixedclimb 承載量與天數,警政署入山 / c_id=578 高雄市茂林區各里(高雄市-茂林區),08 人數檢查teamscountchk,NULL
"第12,49列",S2c Fixedclimb 承載量與天數,警政署入山 / c_id=579 高雄市桃源區各里(高雄市-桃源區),01 假日承載量holidaynum,NULL
"第12,49列",S2c Fixedclimb 承載量與天數,警政署入山 / c_id=579 高雄市桃源區各里(高雄市-桃源區),02 平日承載量generalnum,NULL
"第12,49列",S2c Fixedclimb 承載量與天數,警政署入山 / c_id=579 高雄市桃源區各里(高雄市-桃源區),03 天數下限sumdaymin,1
"第12,49列",S2c Fixedclimb 承載量與天數,警政署入山 / c_id=579 高雄市桃源區各里(高雄市-桃源區),04 天數上限sumdaymax,1
"第12,49列",S2c Fixedclimb 承載量與天數,警政署入山 / c_id=579 高雄市桃源區各里(高雄市-桃源區),05 是否抽籤IsDraw,0
"第12,49列",S2c Fixedclimb 承載量與天數,警政署入山 / c_id=579 高雄市桃源區各里(高雄市-桃源區),06 許可證可印天數printdays,NULL
"第12,49列",S2c Fixedclimb 承載量與天數,警政署入山 / c_id=579 高雄市桃源區各里(高雄市-桃源區),07 是否雪季路線issnow,0
"第12,49列",S2c Fixedclimb 承載量與天數,警政署入山 / c_id=579 高雄市桃源區各里(高雄市-桃源區),08 人數檢查teamscountchk,NULL
"第12,49列",S2c Fixedclimb 承載量與天數,警政署入山 / c_id=580 高雄市那瑪夏區各里(高雄市-那瑪夏區),01 假日承載量holidaynum,NULL
"第12,49列",S2c Fixedclimb 承載量與天數,警政署入山 / c_id=580 高雄市那瑪夏區各里(高雄市-那瑪夏區),02 平日承載量generalnum,NULL
"第12,49列",S2c Fixedclimb 承載量與天數,警政署入山 / c_id=580 高雄市那瑪夏區各里(高雄市-那瑪夏區),03 天數下限sumdaymin,1
"第12,49列",S2c Fixedclimb 承載量與天數,警政署入山 / c_id=580 高雄市那瑪夏區各里(高雄市-那瑪夏區),04 天數上限sumdaymax,1
"第12,49列",S2c Fixedclimb 承載量與天數,警政署入山 / c_id=580 高雄市那瑪夏區各里(高雄市-那瑪夏區),05 是否抽籤IsDraw,0
"第12,49列",S2c Fixedclimb 承載量與天數,警政署入山 / c_id=580 高雄市那瑪夏區各里(高雄市-那瑪夏區),06 許可證可印天數printdays,NULL
"第12,49列",S2c Fixedclimb 承載量與天數,警政署入山 / c_id=580 高雄市那瑪夏區各里(高雄市-那瑪夏區),07 是否雪季路線issnow,0
"第12,49列",S2c Fixedclimb 承載量與天數,警政署入山 / c_id=580 高雄市那瑪夏區各里(高雄市-那瑪夏區),08 人數檢查teamscountchk,NULL
"第12,49列",S2c Fixedclimb 承載量與天數,警政署入山 / c_id=581 屏東縣三地門鄉各村(屏東縣-三地門鄉),01 假日承載量holidaynum,NULL
"第12,49列",S2c Fixedclimb 承載量與天數,警政署入山 / c_id=581 屏東縣三地門鄉各村(屏東縣-三地門鄉),02 平日承載量generalnum,NULL
"第12,49列",S2c Fixedclimb 承載量與天數,警政署入山 / c_id=581 屏東縣三地門鄉各村(屏東縣-三地門鄉),03 天數下限sumdaymin,1
"第12,49列",S2c Fixedclimb 承載量與天數,警政署入山 / c_id=581 屏東縣三地門鄉各村(屏東縣-三地門鄉),04 天數上限sumdaymax,1
"第12,49列",S2c Fixedclimb 承載量與天數,警政署入山 / c_id=581 屏東縣三地門鄉各村(屏東縣-三地門鄉),05 是否抽籤IsDraw,0
"第12,49列",S2c Fixedclimb 承載量與天數,警政署入山 / c_id=581 屏東縣三地門鄉各村(屏東縣-三地門鄉),06 許可證可印天數printdays,NULL
"第12,49列",S2c Fixedclimb 承載量與天數,警政署入山 / c_id=581 屏東縣三地門鄉各村(屏東縣-三地門鄉),07 是否雪季路線issnow,0
"第12,49列",S2c Fixedclimb 承載量與天數,警政署入山 / c_id=581 屏東縣三地門鄉各村(屏東縣-三地門鄉),08 人數檢查teamscountchk,NULL
"第12,49列",S2c Fixedclimb 承載量與天數,警政署入山 / c_id=582 屏東縣霧台鄉各村(屏東縣-霧臺鄉),01 假日承載量holidaynum,NULL
"第12,49列",S2c Fixedclimb 承載量與天數,警政署入山 / c_id=582 屏東縣霧台鄉各村(屏東縣-霧臺鄉),02 平日承載量generalnum,NULL
"第12,49列",S2c Fixedclimb 承載量與天數,警政署入山 / c_id=582 屏東縣霧台鄉各村(屏東縣-霧臺鄉),03 天數下限sumdaymin,1
"第12,49列",S2c Fixedclimb 承載量與天數,警政署入山 / c_id=582 屏東縣霧台鄉各村(屏東縣-霧臺鄉),04 天數上限sumdaymax,1
"第12,49列",S2c Fixedclimb 承載量與天數,警政署入山 / c_id=582 屏東縣霧台鄉各村(屏東縣-霧臺鄉),05 是否抽籤IsDraw,0
"第12,49列",S2c Fixedclimb 承載量與天數,警政署入山 / c_id=582 屏東縣霧台鄉各村(屏東縣-霧臺鄉),06 許可證可印天數printdays,NULL
"第12,49列",S2c Fixedclimb 承載量與天數,警政署入山 / c_id=582 屏東縣霧台鄉各村(屏東縣-霧臺鄉),07 是否雪季路線issnow,0
"第12,49列",S2c Fixedclimb 承載量與天數,警政署入山 / c_id=582 屏東縣霧台鄉各村(屏東縣-霧臺鄉),08 人數檢查teamscountchk,NULL
"第12,49列",S2c Fixedclimb 承載量與天數,警政署入山 / c_id=583 屏東縣瑪家鄉各村(屏東縣-瑪家鄉),01 假日承載量holidaynum,NULL
"第12,49列",S2c Fixedclimb 承載量與天數,警政署入山 / c_id=583 屏東縣瑪家鄉各村(屏東縣-瑪家鄉),02 平日承載量generalnum,NULL
"第12,49列",S2c Fixedclimb 承載量與天數,警政署入山 / c_id=583 屏東縣瑪家鄉各村(屏東縣-瑪家鄉),03 天數下限sumdaymin,1
"第12,49列",S2c Fixedclimb 承載量與天數,警政署入山 / c_id=583 屏東縣瑪家鄉各村(屏東縣-瑪家鄉),04 天數上限sumdaymax,1
"第12,49列",S2c Fixedclimb 承載量與天數,警政署入山 / c_id=583 屏東縣瑪家鄉各村(屏東縣-瑪家鄉),05 是否抽籤IsDraw,0
"第12,49列",S2c Fixedclimb 承載量與天數,警政署入山 / c_id=583 屏東縣瑪家鄉各村(屏東縣-瑪家鄉),06 許可證可印天數printdays,NULL
"第12,49列",S2c Fixedclimb 承載量與天數,警政署入山 / c_id=583 屏東縣瑪家鄉各村(屏東縣-瑪家鄉),07 是否雪季路線issnow,0
"第12,49列",S2c Fixedclimb 承載量與天數,警政署入山 / c_id=583 屏東縣瑪家鄉各村(屏東縣-瑪家鄉),08 人數檢查teamscountchk,NULL
"第12,49列",S2c Fixedclimb 承載量與天數,警政署入山 / c_id=584 屏東縣泰武鄉各村(屏東縣-泰武鄉),01 假日承載量holidaynum,NULL
"第12,49列",S2c Fixedclimb 承載量與天數,警政署入山 / c_id=584 屏東縣泰武鄉各村(屏東縣-泰武鄉),02 平日承載量generalnum,NULL
"第12,49列",S2c Fixedclimb 承載量與天數,警政署入山 / c_id=584 屏東縣泰武鄉各村(屏東縣-泰武鄉),03 天數下限sumdaymin,1
"第12,49列",S2c Fixedclimb 承載量與天數,警政署入山 / c_id=584 屏東縣泰武鄉各村(屏東縣-泰武鄉),04 天數上限sumdaymax,1
"第12,49列",S2c Fixedclimb 承載量與天數,警政署入山 / c_id=584 屏東縣泰武鄉各村(屏東縣-泰武鄉),05 是否抽籤IsDraw,0
"第12,49列",S2c Fixedclimb 承載量與天數,警政署入山 / c_id=584 屏東縣泰武鄉各村(屏東縣-泰武鄉),06 許可證可印天數printdays,NULL
"第12,49列",S2c Fixedclimb 承載量與天數,警政署入山 / c_id=584 屏東縣泰武鄉各村(屏東縣-泰武鄉),07 是否雪季路線issnow,0
"第12,49列",S2c Fixedclimb 承載量與天數,警政署入山 / c_id=584 屏東縣泰武鄉各村(屏東縣-泰武鄉),08 人數檢查teamscountchk,NULL
"第12,49列",S2c Fixedclimb 承載量與天數,警政署入山 / c_id=585 屏東縣來義鄉各村(屏東縣-來義鄉),01 假日承載量holidaynum,NULL
"第12,49列",S2c Fixedclimb 承載量與天數,警政署入山 / c_id=585 屏東縣來義鄉各村(屏東縣-來義鄉),02 平日承載量generalnum,NULL
"第12,49列",S2c Fixedclimb 承載量與天數,警政署入山 / c_id=585 屏東縣來義鄉各村(屏東縣-來義鄉),03 天數下限sumdaymin,1
"第12,49列",S2c Fixedclimb 承載量與天數,警政署入山 / c_id=585 屏東縣來義鄉各村(屏東縣-來義鄉),04 天數上限sumdaymax,1
"第12,49列",S2c Fixedclimb 承載量與天數,警政署入山 / c_id=585 屏東縣來義鄉各村(屏東縣-來義鄉),05 是否抽籤IsDraw,0
"第12,49列",S2c Fixedclimb 承載量與天數,警政署入山 / c_id=585 屏東縣來義鄉各村(屏東縣-來義鄉),06 許可證可印天數printdays,NULL
"第12,49列",S2c Fixedclimb 承載量與天數,警政署入山 / c_id=585 屏東縣來義鄉各村(屏東縣-來義鄉),07 是否雪季路線issnow,0
"第12,49列",S2c Fixedclimb 承載量與天數,警政署入山 / c_id=585 屏東縣來義鄉各村(屏東縣-來義鄉),08 人數檢查teamscountchk,NULL
"第12,49列",S2c Fixedclimb 承載量與天數,警政署入山 / c_id=586 屏東縣春日鄉各村(屏東縣-春日鄉),01 假日承載量holidaynum,NULL
"第12,49列",S2c Fixedclimb 承載量與天數,警政署入山 / c_id=586 屏東縣春日鄉各村(屏東縣-春日鄉),02 平日承載量generalnum,NULL
"第12,49列",S2c Fixedclimb 承載量與天數,警政署入山 / c_id=586 屏東縣春日鄉各村(屏東縣-春日鄉),03 天數下限sumdaymin,1
"第12,49列",S2c Fixedclimb 承載量與天數,警政署入山 / c_id=586 屏東縣春日鄉各村(屏東縣-春日鄉),04 天數上限sumdaymax,1
"第12,49列",S2c Fixedclimb 承載量與天數,警政署入山 / c_id=586 屏東縣春日鄉各村(屏東縣-春日鄉),05 是否抽籤IsDraw,0
"第12,49列",S2c Fixedclimb 承載量與天數,警政署入山 / c_id=586 屏東縣春日鄉各村(屏東縣-春日鄉),06 許可證可印天數printdays,NULL
"第12,49列",S2c Fixedclimb 承載量與天數,警政署入山 / c_id=586 屏東縣春日鄉各村(屏東縣-春日鄉),07 是否雪季路線issnow,0
"第12,49列",S2c Fixedclimb 承載量與天數,警政署入山 / c_id=586 屏東縣春日鄉各村(屏東縣-春日鄉),08 人數檢查teamscountchk,NULL
"第12,49列",S2c Fixedclimb 承載量與天數,警政署入山 / c_id=587 屏東縣獅子鄉各村(屏東縣-獅子鄉),01 假日承載量holidaynum,NULL
"第12,49列",S2c Fixedclimb 承載量與天數,警政署入山 / c_id=587 屏東縣獅子鄉各村(屏東縣-獅子鄉),02 平日承載量generalnum,NULL
"第12,49列",S2c Fixedclimb 承載量與天數,警政署入山 / c_id=587 屏東縣獅子鄉各村(屏東縣-獅子鄉),03 天數下限sumdaymin,1
"第12,49列",S2c Fixedclimb 承載量與天數,警政署入山 / c_id=587 屏東縣獅子鄉各村(屏東縣-獅子鄉),04 天數上限sumdaymax,1
"第12,49列",S2c Fixedclimb 承載量與天數,警政署入山 / c_id=587 屏東縣獅子鄉各村(屏東縣-獅子鄉),05 是否抽籤IsDraw,0
"第12,49列",S2c Fixedclimb 承載量與天數,警政署入山 / c_id=587 屏東縣獅子鄉各村(屏東縣-獅子鄉),06 許可證可印天數printdays,NULL
"第12,49列",S2c Fixedclimb 承載量與天數,警政署入山 / c_id=587 屏東縣獅子鄉各村(屏東縣-獅子鄉),07 是否雪季路線issnow,0
"第12,49列",S2c Fixedclimb 承載量與天數,警政署入山 / c_id=587 屏東縣獅子鄉各村(屏東縣-獅子鄉),08 人數檢查teamscountchk,NULL
"第12,49列",S2c Fixedclimb 承載量與天數,警政署入山 / c_id=588 屏東縣牡丹鄉各村(屏東縣-牡丹鄉),01 假日承載量holidaynum,NULL
"第12,49列",S2c Fixedclimb 承載量與天數,警政署入山 / c_id=588 屏東縣牡丹鄉各村(屏東縣-牡丹鄉),02 平日承載量generalnum,NULL
"第12,49列",S2c Fixedclimb 承載量與天數,警政署入山 / c_id=588 屏東縣牡丹鄉各村(屏東縣-牡丹鄉),03 天數下限sumdaymin,1
"第12,49列",S2c Fixedclimb 承載量與天數,警政署入山 / c_id=588 屏東縣牡丹鄉各村(屏東縣-牡丹鄉),04 天數上限sumdaymax,1
"第12,49列",S2c Fixedclimb 承載量與天數,警政署入山 / c_id=588 屏東縣牡丹鄉各村(屏東縣-牡丹鄉),05 是否抽籤IsDraw,0
"第12,49列",S2c Fixedclimb 承載量與天數,警政署入山 / c_id=588 屏東縣牡丹鄉各村(屏東縣-牡丹鄉),06 許可證可印天數printdays,NULL
"第12,49列",S2c Fixedclimb 承載量與天數,警政署入山 / c_id=588 屏東縣牡丹鄉各村(屏東縣-牡丹鄉),07 是否雪季路線issnow,0
"第12,49列",S2c Fixedclimb 承載量與天數,警政署入山 / c_id=588 屏東縣牡丹鄉各村(屏東縣-牡丹鄉),08 人數檢查teamscountchk,NULL
"第12,49列",S2c Fixedclimb 承載量與天數,警政署入山 / c_id=589 宜蘭縣大同鄉各村(宜蘭縣-大同鄉),01 假日承載量holidaynum,NULL
"第12,49列",S2c Fixedclimb 承載量與天數,警政署入山 / c_id=589 宜蘭縣大同鄉各村(宜蘭縣-大同鄉),02 平日承載量generalnum,NULL
"第12,49列",S2c Fixedclimb 承載量與天數,警政署入山 / c_id=589 宜蘭縣大同鄉各村(宜蘭縣-大同鄉),03 天數下限sumdaymin,1
"第12,49列",S2c Fixedclimb 承載量與天數,警政署入山 / c_id=589 宜蘭縣大同鄉各村(宜蘭縣-大同鄉),04 天數上限sumdaymax,1
"第12,49列",S2c Fixedclimb 承載量與天數,警政署入山 / c_id=589 宜蘭縣大同鄉各村(宜蘭縣-大同鄉),05 是否抽籤IsDraw,0
"第12,49列",S2c Fixedclimb 承載量與天數,警政署入山 / c_id=589 宜蘭縣大同鄉各村(宜蘭縣-大同鄉),06 許可證可印天數printdays,NULL
"第12,49列",S2c Fixedclimb 承載量與天數,警政署入山 / c_id=589 宜蘭縣大同鄉各村(宜蘭縣-大同鄉),07 是否雪季路線issnow,0
"第12,49列",S2c Fixedclimb 承載量與天數,警政署入山 / c_id=589 宜蘭縣大同鄉各村(宜蘭縣-大同鄉),08 人數檢查teamscountchk,NULL
"第12,49列",S2c Fixedclimb 承載量與天數,警政署入山 / c_id=590 宜蘭縣南澳鄉各村(宜蘭縣-南澳鄉),01 假日承載量holidaynum,NULL
"第12,49列",S2c Fixedclimb 承載量與天數,警政署入山 / c_id=590 宜蘭縣南澳鄉各村(宜蘭縣-南澳鄉),02 平日承載量generalnum,NULL
"第12,49列",S2c Fixedclimb 承載量與天數,警政署入山 / c_id=590 宜蘭縣南澳鄉各村(宜蘭縣-南澳鄉),03 天數下限sumdaymin,1
"第12,49列",S2c Fixedclimb 承載量與天數,警政署入山 / c_id=590 宜蘭縣南澳鄉各村(宜蘭縣-南澳鄉),04 天數上限sumdaymax,1
"第12,49列",S2c Fixedclimb 承載量與天數,警政署入山 / c_id=590 宜蘭縣南澳鄉各村(宜蘭縣-南澳鄉),05 是否抽籤IsDraw,0
"第12,49列",S2c Fixedclimb 承載量與天數,警政署入山 / c_id=590 宜蘭縣南澳鄉各村(宜蘭縣-南澳鄉),06 許可證可印天數printdays,NULL
"第12,49列",S2c Fixedclimb 承載量與天數,警政署入山 / c_id=590 宜蘭縣南澳鄉各村(宜蘭縣-南澳鄉),07 是否雪季路線issnow,0
"第12,49列",S2c Fixedclimb 承載量與天數,警政署入山 / c_id=590 宜蘭縣南澳鄉各村(宜蘭縣-南澳鄉),08 人數檢查teamscountchk,NULL
"第12,49列",S2c Fixedclimb 承載量與天數,警政署入山 / c_id=591 花蓮縣萬榮鄉各村(花蓮縣-萬榮鄉),01 假日承載量holidaynum,NULL
"第12,49列",S2c Fixedclimb 承載量與天數,警政署入山 / c_id=591 花蓮縣萬榮鄉各村(花蓮縣-萬榮鄉),02 平日承載量generalnum,NULL
"第12,49列",S2c Fixedclimb 承載量與天數,警政署入山 / c_id=591 花蓮縣萬榮鄉各村(花蓮縣-萬榮鄉),03 天數下限sumdaymin,1
"第12,49列",S2c Fixedclimb 承載量與天數,警政署入山 / c_id=591 花蓮縣萬榮鄉各村(花蓮縣-萬榮鄉),04 天數上限sumdaymax,1
"第12,49列",S2c Fixedclimb 承載量與天數,警政署入山 / c_id=591 花蓮縣萬榮鄉各村(花蓮縣-萬榮鄉),05 是否抽籤IsDraw,0
"第12,49列",S2c Fixedclimb 承載量與天數,警政署入山 / c_id=591 花蓮縣萬榮鄉各村(花蓮縣-萬榮鄉),06 許可證可印天數printdays,NULL
"第12,49列",S2c Fixedclimb 承載量與天數,警政署入山 / c_id=591 花蓮縣萬榮鄉各村(花蓮縣-萬榮鄉),07 是否雪季路線issnow,0
"第12,49列",S2c Fixedclimb 承載量與天數,警政署入山 / c_id=591 花蓮縣萬榮鄉各村(花蓮縣-萬榮鄉),08 人數檢查teamscountchk,NULL
"第12,49列",S2c Fixedclimb 承載量與天數,警政署入山 / c_id=592 花蓮縣卓溪鄉各村(花蓮縣-卓溪鄉),01 假日承載量holidaynum,NULL
"第12,49列",S2c Fixedclimb 承載量與天數,警政署入山 / c_id=592 花蓮縣卓溪鄉各村(花蓮縣-卓溪鄉),02 平日承載量generalnum,NULL
"第12,49列",S2c Fixedclimb 承載量與天數,警政署入山 / c_id=592 花蓮縣卓溪鄉各村(花蓮縣-卓溪鄉),03 天數下限sumdaymin,1
"第12,49列",S2c Fixedclimb 承載量與天數,警政署入山 / c_id=592 花蓮縣卓溪鄉各村(花蓮縣-卓溪鄉),04 天數上限sumdaymax,1
"第12,49列",S2c Fixedclimb 承載量與天數,警政署入山 / c_id=592 花蓮縣卓溪鄉各村(花蓮縣-卓溪鄉),05 是否抽籤IsDraw,0
"第12,49列",S2c Fixedclimb 承載量與天數,警政署入山 / c_id=592 花蓮縣卓溪鄉各村(花蓮縣-卓溪鄉),06 許可證可印天數printdays,NULL
"第12,49列",S2c Fixedclimb 承載量與天數,警政署入山 / c_id=592 花蓮縣卓溪鄉各村(花蓮縣-卓溪鄉),07 是否雪季路線issnow,0
"第12,49列",S2c Fixedclimb 承載量與天數,警政署入山 / c_id=592 花蓮縣卓溪鄉各村(花蓮縣-卓溪鄉),08 人數檢查teamscountchk,NULL
"第12,49列",S2c Fixedclimb 承載量與天數,警政署入山 / c_id=593 花蓮縣瑞穗鄉各村(花蓮縣-瑞穗鄉),01 假日承載量holidaynum,NULL
"第12,49列",S2c Fixedclimb 承載量與天數,警政署入山 / c_id=593 花蓮縣瑞穗鄉各村(花蓮縣-瑞穗鄉),02 平日承載量generalnum,NULL
"第12,49列",S2c Fixedclimb 承載量與天數,警政署入山 / c_id=593 花蓮縣瑞穗鄉各村(花蓮縣-瑞穗鄉),03 天數下限sumdaymin,1
"第12,49列",S2c Fixedclimb 承載量與天數,警政署入山 / c_id=593 花蓮縣瑞穗鄉各村(花蓮縣-瑞穗鄉),04 天數上限sumdaymax,1
"第12,49列",S2c Fixedclimb 承載量與天數,警政署入山 / c_id=593 花蓮縣瑞穗鄉各村(花蓮縣-瑞穗鄉),05 是否抽籤IsDraw,0
"第12,49列",S2c Fixedclimb 承載量與天數,警政署入山 / c_id=593 花蓮縣瑞穗鄉各村(花蓮縣-瑞穗鄉),06 許可證可印天數printdays,NULL
"第12,49列",S2c Fixedclimb 承載量與天數,警政署入山 / c_id=593 花蓮縣瑞穗鄉各村(花蓮縣-瑞穗鄉),07 是否雪季路線issnow,0
"第12,49列",S2c Fixedclimb 承載量與天數,警政署入山 / c_id=593 花蓮縣瑞穗鄉各村(花蓮縣-瑞穗鄉),08 人數檢查teamscountchk,NULL
"第12,49列",S2c Fixedclimb 承載量與天數,警政署入山 / c_id=594 花蓮縣玉里鎮各村(花蓮縣-玉里鎮),01 假日承載量holidaynum,NULL
"第12,49列",S2c Fixedclimb 承載量與天數,警政署入山 / c_id=594 花蓮縣玉里鎮各村(花蓮縣-玉里鎮),02 平日承載量generalnum,NULL
"第12,49列",S2c Fixedclimb 承載量與天數,警政署入山 / c_id=594 花蓮縣玉里鎮各村(花蓮縣-玉里鎮),03 天數下限sumdaymin,1
"第12,49列",S2c Fixedclimb 承載量與天數,警政署入山 / c_id=594 花蓮縣玉里鎮各村(花蓮縣-玉里鎮),04 天數上限sumdaymax,1
"第12,49列",S2c Fixedclimb 承載量與天數,警政署入山 / c_id=594 花蓮縣玉里鎮各村(花蓮縣-玉里鎮),05 是否抽籤IsDraw,0
"第12,49列",S2c Fixedclimb 承載量與天數,警政署入山 / c_id=594 花蓮縣玉里鎮各村(花蓮縣-玉里鎮),06 許可證可印天數printdays,NULL
"第12,49列",S2c Fixedclimb 承載量與天數,警政署入山 / c_id=594 花蓮縣玉里鎮各村(花蓮縣-玉里鎮),07 是否雪季路線issnow,0
"第12,49列",S2c Fixedclimb 承載量與天數,警政署入山 / c_id=594 花蓮縣玉里鎮各村(花蓮縣-玉里鎮),08 人數檢查teamscountchk,NULL
"第12,49列",S2c Fixedclimb 承載量與天數,警政署入山 / c_id=595 臺東縣金峰鄉各村(臺東縣-金峰鄉),01 假日承載量holidaynum,NULL
"第12,49列",S2c Fixedclimb 承載量與天數,警政署入山 / c_id=595 臺東縣金峰鄉各村(臺東縣-金峰鄉),02 平日承載量generalnum,NULL
"第12,49列",S2c Fixedclimb 承載量與天數,警政署入山 / c_id=595 臺東縣金峰鄉各村(臺東縣-金峰鄉),03 天數下限sumdaymin,1
"第12,49列",S2c Fixedclimb 承載量與天數,警政署入山 / c_id=595 臺東縣金峰鄉各村(臺東縣-金峰鄉),04 天數上限sumdaymax,1
"第12,49列",S2c Fixedclimb 承載量與天數,警政署入山 / c_id=595 臺東縣金峰鄉各村(臺東縣-金峰鄉),05 是否抽籤IsDraw,0
"第12,49列",S2c Fixedclimb 承載量與天數,警政署入山 / c_id=595 臺東縣金峰鄉各村(臺東縣-金峰鄉),06 許可證可印天數printdays,NULL
"第12,49列",S2c Fixedclimb 承載量與天數,警政署入山 / c_id=595 臺東縣金峰鄉各村(臺東縣-金峰鄉),07 是否雪季路線issnow,0
"第12,49列",S2c Fixedclimb 承載量與天數,警政署入山 / c_id=595 臺東縣金峰鄉各村(臺東縣-金峰鄉),08 人數檢查teamscountchk,NULL
"第12,49列",S2c Fixedclimb 承載量與天數,警政署入山 / c_id=596 臺東縣達仁鄉各村(臺東縣-達仁鄉),01 假日承載量holidaynum,NULL
"第12,49列",S2c Fixedclimb 承載量與天數,警政署入山 / c_id=596 臺東縣達仁鄉各村(臺東縣-達仁鄉),02 平日承載量generalnum,NULL
"第12,49列",S2c Fixedclimb 承載量與天數,警政署入山 / c_id=596 臺東縣達仁鄉各村(臺東縣-達仁鄉),03 天數下限sumdaymin,1
"第12,49列",S2c Fixedclimb 承載量與天數,警政署入山 / c_id=596 臺東縣達仁鄉各村(臺東縣-達仁鄉),04 天數上限sumdaymax,1
"第12,49列",S2c Fixedclimb 承載量與天數,警政署入山 / c_id=596 臺東縣達仁鄉各村(臺東縣-達仁鄉),05 是否抽籤IsDraw,0
"第12,49列",S2c Fixedclimb 承載量與天數,警政署入山 / c_id=596 臺東縣達仁鄉各村(臺東縣-達仁鄉),06 許可證可印天數printdays,NULL
"第12,49列",S2c Fixedclimb 承載量與天數,警政署入山 / c_id=596 臺東縣達仁鄉各村(臺東縣-達仁鄉),07 是否雪季路線issnow,0
"第12,49列",S2c Fixedclimb 承載量與天數,警政署入山 / c_id=596 臺東縣達仁鄉各村(臺東縣-達仁鄉),08 人數檢查teamscountchk,NULL
"第12,49列",S2c Fixedclimb 承載量與天數,警政署入山 / c_id=597 臺東縣延平鄉各村(臺東縣-延平鄉),01 假日承載量holidaynum,NULL
"第12,49列",S2c Fixedclimb 承載量與天數,警政署入山 / c_id=597 臺東縣延平鄉各村(臺東縣-延平鄉),02 平日承載量generalnum,NULL
"第12,49列",S2c Fixedclimb 承載量與天數,警政署入山 / c_id=597 臺東縣延平鄉各村(臺東縣-延平鄉),03 天數下限sumdaymin,1
"第12,49列",S2c Fixedclimb 承載量與天數,警政署入山 / c_id=597 臺東縣延平鄉各村(臺東縣-延平鄉),04 天數上限sumdaymax,1
"第12,49列",S2c Fixedclimb 承載量與天數,警政署入山 / c_id=597 臺東縣延平鄉各村(臺東縣-延平鄉),05 是否抽籤IsDraw,0
"第12,49列",S2c Fixedclimb 承載量與天數,警政署入山 / c_id=597 臺東縣延平鄉各村(臺東縣-延平鄉),06 許可證可印天數printdays,NULL
"第12,49列",S2c Fixedclimb 承載量與天數,警政署入山 / c_id=597 臺東縣延平鄉各村(臺東縣-延平鄉),07 是否雪季路線issnow,0
"第12,49列",S2c Fixedclimb 承載量與天數,警政署入山 / c_id=597 臺東縣延平鄉各村(臺東縣-延平鄉),08 人數檢查teamscountchk,NULL
"第12,49列",S2c Fixedclimb 承載量與天數,警政署入山 / c_id=598 臺東縣海端鄉各村(臺東縣-海端鄉),01 假日承載量holidaynum,NULL
"第12,49列",S2c Fixedclimb 承載量與天數,警政署入山 / c_id=598 臺東縣海端鄉各村(臺東縣-海端鄉),02 平日承載量generalnum,NULL
"第12,49列",S2c Fixedclimb 承載量與天數,警政署入山 / c_id=598 臺東縣海端鄉各村(臺東縣-海端鄉),03 天數下限sumdaymin,1
"第12,49列",S2c Fixedclimb 承載量與天數,警政署入山 / c_id=598 臺東縣海端鄉各村(臺東縣-海端鄉),04 天數上限sumdaymax,1
"第12,49列",S2c Fixedclimb 承載量與天數,警政署入山 / c_id=598 臺東縣海端鄉各村(臺東縣-海端鄉),05 是否抽籤IsDraw,0
"第12,49列",S2c Fixedclimb 承載量與天數,警政署入山 / c_id=598 臺東縣海端鄉各村(臺東縣-海端鄉),06 許可證可印天數printdays,NULL
"第12,49列",S2c Fixedclimb 承載量與天數,警政署入山 / c_id=598 臺東縣海端鄉各村(臺東縣-海端鄉),07 是否雪季路線issnow,0
"第12,49列",S2c Fixedclimb 承載量與天數,警政署入山 / c_id=598 臺東縣海端鄉各村(臺東縣-海端鄉),08 人數檢查teamscountchk,NULL
"第12,49列",S2c Fixedclimb 承載量與天數,警政署入山 / c_id=599 臺東縣大武鄉各村(臺東縣-大武鄉),01 假日承載量holidaynum,NULL
"第12,49列",S2c Fixedclimb 承載量與天數,警政署入山 / c_id=599 臺東縣大武鄉各村(臺東縣-大武鄉),02 平日承載量generalnum,NULL
"第12,49列",S2c Fixedclimb 承載量與天數,警政署入山 / c_id=599 臺東縣大武鄉各村(臺東縣-大武鄉),03 天數下限sumdaymin,1
"第12,49列",S2c Fixedclimb 承載量與天數,警政署入山 / c_id=599 臺東縣大武鄉各村(臺東縣-大武鄉),04 天數上限sumdaymax,1
"第12,49列",S2c Fixedclimb 承載量與天數,警政署入山 / c_id=599 臺東縣大武鄉各村(臺東縣-大武鄉),05 是否抽籤IsDraw,0
"第12,49列",S2c Fixedclimb 承載量與天數,警政署入山 / c_id=599 臺東縣大武鄉各村(臺東縣-大武鄉),06 許可證可印天數printdays,NULL
"第12,49列",S2c Fixedclimb 承載量與天數,警政署入山 / c_id=599 臺東縣大武鄉各村(臺東縣-大武鄉),07 是否雪季路線issnow,0
"第12,49列",S2c Fixedclimb 承載量與天數,警政署入山 / c_id=599 臺東縣大武鄉各村(臺東縣-大武鄉),08 人數檢查teamscountchk,NULL
"第12,49列",S2c Fixedclimb 承載量與天數,警政署入山 / c_id=600 北一段(宜蘭縣-大同鄉),01 假日承載量holidaynum,NULL
"第12,49列",S2c Fixedclimb 承載量與天數,警政署入山 / c_id=600 北一段(宜蘭縣-大同鄉),02 平日承載量generalnum,NULL
"第12,49列",S2c Fixedclimb 承載量與天數,警政署入山 / c_id=600 北一段(宜蘭縣-大同鄉),03 天數下限sumdaymin,1
"第12,49列",S2c Fixedclimb 承載量與天數,警政署入山 / c_id=600 北一段(宜蘭縣-大同鄉),04 天數上限sumdaymax,1
"第12,49列",S2c Fixedclimb 承載量與天數,警政署入山 / c_id=600 北一段(宜蘭縣-大同鄉),05 是否抽籤IsDraw,0
"第12,49列",S2c Fixedclimb 承載量與天數,警政署入山 / c_id=600 北一段(宜蘭縣-大同鄉),06 許可證可印天數printdays,NULL
"第12,49列",S2c Fixedclimb 承載量與天數,警政署入山 / c_id=600 北一段(宜蘭縣-大同鄉),07 是否雪季路線issnow,0
"第12,49列",S2c Fixedclimb 承載量與天數,警政署入山 / c_id=600 北一段(宜蘭縣-大同鄉),08 人數檢查teamscountchk,NULL
"第12,49列",S2c Fixedclimb 承載量與天數,警政署入山 / c_id=601 南湖中央尖山(宜蘭縣-大同鄉),01 假日承載量holidaynum,NULL
"第12,49列",S2c Fixedclimb 承載量與天數,警政署入山 / c_id=601 南湖中央尖山(宜蘭縣-大同鄉),02 平日承載量generalnum,NULL
"第12,49列",S2c Fixedclimb 承載量與天數,警政署入山 / c_id=601 南湖中央尖山(宜蘭縣-大同鄉),03 天數下限sumdaymin,1
"第12,49列",S2c Fixedclimb 承載量與天數,警政署入山 / c_id=601 南湖中央尖山(宜蘭縣-大同鄉),04 天數上限sumdaymax,1
"第12,49列",S2c Fixedclimb 承載量與天數,警政署入山 / c_id=601 南湖中央尖山(宜蘭縣-大同鄉),05 是否抽籤IsDraw,0
"第12,49列",S2c Fixedclimb 承載量與天數,警政署入山 / c_id=601 南湖中央尖山(宜蘭縣-大同鄉),06 許可證可印天數printdays,NULL
"第12,49列",S2c Fixedclimb 承載量與天數,警政署入山 / c_id=601 南湖中央尖山(宜蘭縣-大同鄉),07 是否雪季路線issnow,0
"第12,49列",S2c Fixedclimb 承載量與天數,警政署入山 / c_id=601 南湖中央尖山(宜蘭縣-大同鄉),08 人數檢查teamscountchk,NULL
"第12,49列",S2c Fixedclimb 承載量與天數,警政署入山 / c_id=602 庫哈諾辛山(除進涇橋外之其他路線)(高雄市-桃源,01 假日承載量holidaynum,NULL
"第12,49列",S2c Fixedclimb 承載量與天數,警政署入山 / c_id=602 庫哈諾辛山(除進涇橋外之其他路線)(高雄市-桃源,02 平日承載量generalnum,NULL
"第12,49列",S2c Fixedclimb 承載量與天數,警政署入山 / c_id=602 庫哈諾辛山(除進涇橋外之其他路線)(高雄市-桃源,03 天數下限sumdaymin,1
"第12,49列",S2c Fixedclimb 承載量與天數,警政署入山 / c_id=602 庫哈諾辛山(除進涇橋外之其他路線)(高雄市-桃源,04 天數上限sumdaymax,1
"第12,49列",S2c Fixedclimb 承載量與天數,警政署入山 / c_id=602 庫哈諾辛山(除進涇橋外之其他路線)(高雄市-桃源,05 是否抽籤IsDraw,0
"第12,49列",S2c Fixedclimb 承載量與天數,警政署入山 / c_id=602 庫哈諾辛山(除進涇橋外之其他路線)(高雄市-桃源,06 許可證可印天數printdays,NULL
"第12,49列",S2c Fixedclimb 承載量與天數,警政署入山 / c_id=602 庫哈諾辛山(除進涇橋外之其他路線)(高雄市-桃源,07 是否雪季路線issnow,0
"第12,49列",S2c Fixedclimb 承載量與天數,警政署入山 / c_id=602 庫哈諾辛山(除進涇橋外之其他路線)(高雄市-桃源,08 人數檢查teamscountchk,NULL
"第12,49列",S2c Fixedclimb 承載量與天數,警政署入山 / c_id=603 關山(除進涇橋外之其他路線)(高雄市-桃源區),01 假日承載量holidaynum,NULL
"第12,49列",S2c Fixedclimb 承載量與天數,警政署入山 / c_id=603 關山(除進涇橋外之其他路線)(高雄市-桃源區),02 平日承載量generalnum,NULL
"第12,49列",S2c Fixedclimb 承載量與天數,警政署入山 / c_id=603 關山(除進涇橋外之其他路線)(高雄市-桃源區),03 天數下限sumdaymin,1
"第12,49列",S2c Fixedclimb 承載量與天數,警政署入山 / c_id=603 關山(除進涇橋外之其他路線)(高雄市-桃源區),04 天數上限sumdaymax,1
"第12,49列",S2c Fixedclimb 承載量與天數,警政署入山 / c_id=603 關山(除進涇橋外之其他路線)(高雄市-桃源區),05 是否抽籤IsDraw,0
"第12,49列",S2c Fixedclimb 承載量與天數,警政署入山 / c_id=603 關山(除進涇橋外之其他路線)(高雄市-桃源區),06 許可證可印天數printdays,NULL
"第12,49列",S2c Fixedclimb 承載量與天數,警政署入山 / c_id=603 關山(除進涇橋外之其他路線)(高雄市-桃源區),07 是否雪季路線issnow,0
"第12,49列",S2c Fixedclimb 承載量與天數,警政署入山 / c_id=603 關山(除進涇橋外之其他路線)(高雄市-桃源區),08 人數檢查teamscountchk,NULL
"第12,49列",S2c Fixedclimb 承載量與天數,警政署入山 / c_id=604 羅馬縱走(羅葉尾山與馬武佐野郡山)(宜蘭縣-大同,01 假日承載量holidaynum,NULL
"第12,49列",S2c Fixedclimb 承載量與天數,警政署入山 / c_id=604 羅馬縱走(羅葉尾山與馬武佐野郡山)(宜蘭縣-大同,02 平日承載量generalnum,NULL
"第12,49列",S2c Fixedclimb 承載量與天數,警政署入山 / c_id=604 羅馬縱走(羅葉尾山與馬武佐野郡山)(宜蘭縣-大同,03 天數下限sumdaymin,1
"第12,49列",S2c Fixedclimb 承載量與天數,警政署入山 / c_id=604 羅馬縱走(羅葉尾山與馬武佐野郡山)(宜蘭縣-大同,04 天數上限sumdaymax,1
"第12,49列",S2c Fixedclimb 承載量與天數,警政署入山 / c_id=604 羅馬縱走(羅葉尾山與馬武佐野郡山)(宜蘭縣-大同,05 是否抽籤IsDraw,0
"第12,49列",S2c Fixedclimb 承載量與天數,警政署入山 / c_id=604 羅馬縱走(羅葉尾山與馬武佐野郡山)(宜蘭縣-大同,06 許可證可印天數printdays,NULL
"第12,49列",S2c Fixedclimb 承載量與天數,警政署入山 / c_id=604 羅馬縱走(羅葉尾山與馬武佐野郡山)(宜蘭縣-大同,07 是否雪季路線issnow,0
"第12,49列",S2c Fixedclimb 承載量與天數,警政署入山 / c_id=604 羅馬縱走(羅葉尾山與馬武佐野郡山)(宜蘭縣-大同,08 人數檢查teamscountchk,NULL
"第12,49列",S2c Fixedclimb 承載量與天數,警政署入山 / c_id=605 三叉向陽嘉明湖(高雄市-桃源區):禁止入山,01 假日承載量holidaynum,NULL
"第12,49列",S2c Fixedclimb 承載量與天數,警政署入山 / c_id=605 三叉向陽嘉明湖(高雄市-桃源區):禁止入山,02 平日承載量generalnum,NULL
"第12,49列",S2c Fixedclimb 承載量與天數,警政署入山 / c_id=605 三叉向陽嘉明湖(高雄市-桃源區):禁止入山,03 天數下限sumdaymin,1
"第12,49列",S2c Fixedclimb 承載量與天數,警政署入山 / c_id=605 三叉向陽嘉明湖(高雄市-桃源區):禁止入山,04 天數上限sumdaymax,1
"第12,49列",S2c Fixedclimb 承載量與天數,警政署入山 / c_id=605 三叉向陽嘉明湖(高雄市-桃源區):禁止入山,05 是否抽籤IsDraw,0
"第12,49列",S2c Fixedclimb 承載量與天數,警政署入山 / c_id=605 三叉向陽嘉明湖(高雄市-桃源區):禁止入山,06 許可證可印天數printdays,NULL
"第12,49列",S2c Fixedclimb 承載量與天數,警政署入山 / c_id=605 三叉向陽嘉明湖(高雄市-桃源區):禁止入山,07 是否雪季路線issnow,0
"第12,49列",S2c Fixedclimb 承載量與天數,警政署入山 / c_id=605 三叉向陽嘉明湖(高雄市-桃源區):禁止入山,08 人數檢查teamscountchk,NULL
"第12,49列",S2c Fixedclimb 承載量與天數,警政署入山 / c_id=606 小關山林道(高雄市-桃源區),01 假日承載量holidaynum,NULL
"第12,49列",S2c Fixedclimb 承載量與天數,警政署入山 / c_id=606 小關山林道(高雄市-桃源區),02 平日承載量generalnum,NULL
"第12,49列",S2c Fixedclimb 承載量與天數,警政署入山 / c_id=606 小關山林道(高雄市-桃源區),03 天數下限sumdaymin,1
"第12,49列",S2c Fixedclimb 承載量與天數,警政署入山 / c_id=606 小關山林道(高雄市-桃源區),04 天數上限sumdaymax,1
"第12,49列",S2c Fixedclimb 承載量與天數,警政署入山 / c_id=606 小關山林道(高雄市-桃源區),05 是否抽籤IsDraw,0
"第12,49列",S2c Fixedclimb 承載量與天數,警政署入山 / c_id=606 小關山林道(高雄市-桃源區),06 許可證可印天數printdays,NULL
"第12,49列",S2c Fixedclimb 承載量與天數,警政署入山 / c_id=606 小關山林道(高雄市-桃源區),07 是否雪季路線issnow,0
"第12,49列",S2c Fixedclimb 承載量與天數,警政署入山 / c_id=606 小關山林道(高雄市-桃源區),08 人數檢查teamscountchk,NULL
"第12,49列",S2c Fixedclimb 承載量與天數,警政署入山 / c_id=607 小關山(高雄市-桃源區),01 假日承載量holidaynum,NULL
"第12,49列",S2c Fixedclimb 承載量與天數,警政署入山 / c_id=607 小關山(高雄市-桃源區),02 平日承載量generalnum,NULL
"第12,49列",S2c Fixedclimb 承載量與天數,警政署入山 / c_id=607 小關山(高雄市-桃源區),03 天數下限sumdaymin,1
"第12,49列",S2c Fixedclimb 承載量與天數,警政署入山 / c_id=607 小關山(高雄市-桃源區),04 天數上限sumdaymax,1
"第12,49列",S2c Fixedclimb 承載量與天數,警政署入山 / c_id=607 小關山(高雄市-桃源區),05 是否抽籤IsDraw,0
"第12,49列",S2c Fixedclimb 承載量與天數,警政署入山 / c_id=607 小關山(高雄市-桃源區),06 許可證可印天數printdays,NULL
"第12,49列",S2c Fixedclimb 承載量與天數,警政署入山 / c_id=607 小關山(高雄市-桃源區),07 是否雪季路線issnow,0
"第12,49列",S2c Fixedclimb 承載量與天數,警政署入山 / c_id=607 小關山(高雄市-桃源區),08 人數檢查teamscountchk,NULL
"第12,49列",S2c Fixedclimb 承載量與天數,警政署入山 / c_id=633 郡大林道(南投縣-信義鄉),01 假日承載量holidaynum,NULL
"第12,49列",S2c Fixedclimb 承載量與天數,警政署入山 / c_id=633 郡大林道(南投縣-信義鄉),02 平日承載量generalnum,NULL
"第12,49列",S2c Fixedclimb 承載量與天數,警政署入山 / c_id=633 郡大林道(南投縣-信義鄉),03 天數下限sumdaymin,1
"第12,49列",S2c Fixedclimb 承載量與天數,警政署入山 / c_id=633 郡大林道(南投縣-信義鄉),04 天數上限sumdaymax,1
"第12,49列",S2c Fixedclimb 承載量與天數,警政署入山 / c_id=633 郡大林道(南投縣-信義鄉),05 是否抽籤IsDraw,0
"第12,49列",S2c Fixedclimb 承載量與天數,警政署入山 / c_id=633 郡大林道(南投縣-信義鄉),06 許可證可印天數printdays,NULL
"第12,49列",S2c Fixedclimb 承載量與天數,警政署入山 / c_id=633 郡大林道(南投縣-信義鄉),07 是否雪季路線issnow,0
"第12,49列",S2c Fixedclimb 承載量與天數,警政署入山 / c_id=633 郡大林道(南投縣-信義鄉),08 人數檢查teamscountchk,NULL
"第12,49列",S2c Fixedclimb 承載量與天數,警政署入山 / c_id=634 郡大山(南投縣-信義鄉),01 假日承載量holidaynum,NULL
"第12,49列",S2c Fixedclimb 承載量與天數,警政署入山 / c_id=634 郡大山(南投縣-信義鄉),02 平日承載量generalnum,NULL
"第12,49列",S2c Fixedclimb 承載量與天數,警政署入山 / c_id=634 郡大山(南投縣-信義鄉),03 天數下限sumdaymin,1
"第12,49列",S2c Fixedclimb 承載量與天數,警政署入山 / c_id=634 郡大山(南投縣-信義鄉),04 天數上限sumdaymax,1
"第12,49列",S2c Fixedclimb 承載量與天數,警政署入山 / c_id=634 郡大山(南投縣-信義鄉),05 是否抽籤IsDraw,0
"第12,49列",S2c Fixedclimb 承載量與天數,警政署入山 / c_id=634 郡大山(南投縣-信義鄉),06 許可證可印天數printdays,NULL
"第12,49列",S2c Fixedclimb 承載量與天數,警政署入山 / c_id=634 郡大山(南投縣-信義鄉),07 是否雪季路線issnow,0
"第12,49列",S2c Fixedclimb 承載量與天數,警政署入山 / c_id=634 郡大山(南投縣-信義鄉),08 人數檢查teamscountchk,NULL
"第12,49列",S2c Fixedclimb 承載量與天數,警政署入山 / c_id=635 小關山林道(高雄市-桃源區),01 假日承載量holidaynum,NULL
"第12,49列",S2c Fixedclimb 承載量與天數,警政署入山 / c_id=635 小關山林道(高雄市-桃源區),02 平日承載量generalnum,NULL
"第12,49列",S2c Fixedclimb 承載量與天數,警政署入山 / c_id=635 小關山林道(高雄市-桃源區),03 天數下限sumdaymin,1
"第12,49列",S2c Fixedclimb 承載量與天數,警政署入山 / c_id=635 小關山林道(高雄市-桃源區),04 天數上限sumdaymax,1
"第12,49列",S2c Fixedclimb 承載量與天數,警政署入山 / c_id=635 小關山林道(高雄市-桃源區),05 是否抽籤IsDraw,0
"第12,49列",S2c Fixedclimb 承載量與天數,警政署入山 / c_id=635 小關山林道(高雄市-桃源區),06 許可證可印天數printdays,NULL
"第12,49列",S2c Fixedclimb 承載量與天數,警政署入山 / c_id=635 小關山林道(高雄市-桃源區),07 是否雪季路線issnow,0
"第12,49列",S2c Fixedclimb 承載量與天數,警政署入山 / c_id=635 小關山林道(高雄市-桃源區),08 人數檢查teamscountchk,NULL
"第12,49列",S2c Fixedclimb 承載量與天數,警政署入山 / c_id=636 庫哈諾辛山(進涇橋登山口)(高雄市-桃源區),01 假日承載量holidaynum,NULL
"第12,49列",S2c Fixedclimb 承載量與天數,警政署入山 / c_id=636 庫哈諾辛山(進涇橋登山口)(高雄市-桃源區),02 平日承載量generalnum,NULL
"第12,49列",S2c Fixedclimb 承載量與天數,警政署入山 / c_id=636 庫哈諾辛山(進涇橋登山口)(高雄市-桃源區),03 天數下限sumdaymin,1
"第12,49列",S2c Fixedclimb 承載量與天數,警政署入山 / c_id=636 庫哈諾辛山(進涇橋登山口)(高雄市-桃源區),04 天數上限sumdaymax,1
"第12,49列",S2c Fixedclimb 承載量與天數,警政署入山 / c_id=636 庫哈諾辛山(進涇橋登山口)(高雄市-桃源區),05 是否抽籤IsDraw,0
"第12,49列",S2c Fixedclimb 承載量與天數,警政署入山 / c_id=636 庫哈諾辛山(進涇橋登山口)(高雄市-桃源區),06 許可證可印天數printdays,NULL
"第12,49列",S2c Fixedclimb 承載量與天數,警政署入山 / c_id=636 庫哈諾辛山(進涇橋登山口)(高雄市-桃源區),07 是否雪季路線issnow,0
"第12,49列",S2c Fixedclimb 承載量與天數,警政署入山 / c_id=636 庫哈諾辛山(進涇橋登山口)(高雄市-桃源區),08 人數檢查teamscountchk,NULL
"第12,49列",S2c Fixedclimb 承載量與天數,警政署入山 / c_id=637 三叉向陽嘉明湖(高雄市-桃源區),01 假日承載量holidaynum,NULL
"第12,49列",S2c Fixedclimb 承載量與天數,警政署入山 / c_id=637 三叉向陽嘉明湖(高雄市-桃源區),02 平日承載量generalnum,NULL
"第12,49列",S2c Fixedclimb 承載量與天數,警政署入山 / c_id=637 三叉向陽嘉明湖(高雄市-桃源區),03 天數下限sumdaymin,1
"第12,49列",S2c Fixedclimb 承載量與天數,警政署入山 / c_id=637 三叉向陽嘉明湖(高雄市-桃源區),04 天數上限sumdaymax,1
"第12,49列",S2c Fixedclimb 承載量與天數,警政署入山 / c_id=637 三叉向陽嘉明湖(高雄市-桃源區),05 是否抽籤IsDraw,0
"第12,49列",S2c Fixedclimb 承載量與天數,警政署入山 / c_id=637 三叉向陽嘉明湖(高雄市-桃源區),06 許可證可印天數printdays,NULL
"第12,49列",S2c Fixedclimb 承載量與天數,警政署入山 / c_id=637 三叉向陽嘉明湖(高雄市-桃源區),07 是否雪季路線issnow,0
"第12,49列",S2c Fixedclimb 承載量與天數,警政署入山 / c_id=637 三叉向陽嘉明湖(高雄市-桃源區),08 人數檢查teamscountchk,NULL
"第12,49列",S2c Fixedclimb 承載量與天數,警政署入山 / c_id=638 關山(進涇橋登山口)(高雄市-桃源區),01 假日承載量holidaynum,NULL
"第12,49列",S2c Fixedclimb 承載量與天數,警政署入山 / c_id=638 關山(進涇橋登山口)(高雄市-桃源區),02 平日承載量generalnum,NULL
"第12,49列",S2c Fixedclimb 承載量與天數,警政署入山 / c_id=638 關山(進涇橋登山口)(高雄市-桃源區),03 天數下限sumdaymin,1
"第12,49列",S2c Fixedclimb 承載量與天數,警政署入山 / c_id=638 關山(進涇橋登山口)(高雄市-桃源區),04 天數上限sumdaymax,1
"第12,49列",S2c Fixedclimb 承載量與天數,警政署入山 / c_id=638 關山(進涇橋登山口)(高雄市-桃源區),05 是否抽籤IsDraw,0
"第12,49列",S2c Fixedclimb 承載量與天數,警政署入山 / c_id=638 關山(進涇橋登山口)(高雄市-桃源區),06 許可證可印天數printdays,NULL
"第12,49列",S2c Fixedclimb 承載量與天數,警政署入山 / c_id=638 關山(進涇橋登山口)(高雄市-桃源區),07 是否雪季路線issnow,0
"第12,49列",S2c Fixedclimb 承載量與天數,警政署入山 / c_id=638 關山(進涇橋登山口)(高雄市-桃源區),08 人數檢查teamscountchk,NULL
"第12,49列",S2c Fixedclimb 承載量與天數,警政署入山 / c_id=639 舊茷灣(屏東縣-瑪家鄉),01 假日承載量holidaynum,NULL
"第12,49列",S2c Fixedclimb 承載量與天數,警政署入山 / c_id=639 舊茷灣(屏東縣-瑪家鄉),02 平日承載量generalnum,NULL
"第12,49列",S2c Fixedclimb 承載量與天數,警政署入山 / c_id=639 舊茷灣(屏東縣-瑪家鄉),03 天數下限sumdaymin,1
"第12,49列",S2c Fixedclimb 承載量與天數,警政署入山 / c_id=639 舊茷灣(屏東縣-瑪家鄉),04 天數上限sumdaymax,1
"第12,49列",S2c Fixedclimb 承載量與天數,警政署入山 / c_id=639 舊茷灣(屏東縣-瑪家鄉),05 是否抽籤IsDraw,0
"第12,49列",S2c Fixedclimb 承載量與天數,警政署入山 / c_id=639 舊茷灣(屏東縣-瑪家鄉),06 許可證可印天數printdays,NULL
"第12,49列",S2c Fixedclimb 承載量與天數,警政署入山 / c_id=639 舊茷灣(屏東縣-瑪家鄉),07 是否雪季路線issnow,0
"第12,49列",S2c Fixedclimb 承載量與天數,警政署入山 / c_id=639 舊茷灣(屏東縣-瑪家鄉),08 人數檢查teamscountchk,NULL
"第12,49列",S2c Fixedclimb 承載量與天數,警政署入山 / c_id=640 撒拉灣瀑布(屏東縣-瑪家鄉),01 假日承載量holidaynum,NULL
"第12,49列",S2c Fixedclimb 承載量與天數,警政署入山 / c_id=640 撒拉灣瀑布(屏東縣-瑪家鄉),02 平日承載量generalnum,NULL
"第12,49列",S2c Fixedclimb 承載量與天數,警政署入山 / c_id=640 撒拉灣瀑布(屏東縣-瑪家鄉),03 天數下限sumdaymin,1
"第12,49列",S2c Fixedclimb 承載量與天數,警政署入山 / c_id=640 撒拉灣瀑布(屏東縣-瑪家鄉),04 天數上限sumdaymax,1
"第12,49列",S2c Fixedclimb 承載量與天數,警政署入山 / c_id=640 撒拉灣瀑布(屏東縣-瑪家鄉),05 是否抽籤IsDraw,0
"第12,49列",S2c Fixedclimb 承載量與天數,警政署入山 / c_id=640 撒拉灣瀑布(屏東縣-瑪家鄉),06 許可證可印天數printdays,NULL
"第12,49列",S2c Fixedclimb 承載量與天數,警政署入山 / c_id=640 撒拉灣瀑布(屏東縣-瑪家鄉),07 是否雪季路線issnow,0
"第12,49列",S2c Fixedclimb 承載量與天數,警政署入山 / c_id=640 撒拉灣瀑布(屏東縣-瑪家鄉),08 人數檢查teamscountchk,NULL
"第12,49列",S2c Fixedclimb 承載量與天數,警政署入山 / c_id=641 舊筏灣村石板屋(屏東縣-瑪家鄉),01 假日承載量holidaynum,NULL
"第12,49列",S2c Fixedclimb 承載量與天數,警政署入山 / c_id=641 舊筏灣村石板屋(屏東縣-瑪家鄉),02 平日承載量generalnum,NULL
"第12,49列",S2c Fixedclimb 承載量與天數,警政署入山 / c_id=641 舊筏灣村石板屋(屏東縣-瑪家鄉),03 天數下限sumdaymin,1
"第12,49列",S2c Fixedclimb 承載量與天數,警政署入山 / c_id=641 舊筏灣村石板屋(屏東縣-瑪家鄉),04 天數上限sumdaymax,1
"第12,49列",S2c Fixedclimb 承載量與天數,警政署入山 / c_id=641 舊筏灣村石板屋(屏東縣-瑪家鄉),05 是否抽籤IsDraw,0
"第12,49列",S2c Fixedclimb 承載量與天數,警政署入山 / c_id=641 舊筏灣村石板屋(屏東縣-瑪家鄉),06 許可證可印天數printdays,NULL
"第12,49列",S2c Fixedclimb 承載量與天數,警政署入山 / c_id=641 舊筏灣村石板屋(屏東縣-瑪家鄉),07 是否雪季路線issnow,0
"第12,49列",S2c Fixedclimb 承載量與天數,警政署入山 / c_id=641 舊筏灣村石板屋(屏東縣-瑪家鄉),08 人數檢查teamscountchk,NULL
"第12,49列",S2c Fixedclimb 承載量與天數,警政署入山 / c_id=642 小關山(高雄市-桃源區),01 假日承載量holidaynum,NULL
"第12,49列",S2c Fixedclimb 承載量與天數,警政署入山 / c_id=642 小關山(高雄市-桃源區),02 平日承載量generalnum,NULL
"第12,49列",S2c Fixedclimb 承載量與天數,警政署入山 / c_id=642 小關山(高雄市-桃源區),03 天數下限sumdaymin,1
"第12,49列",S2c Fixedclimb 承載量與天數,警政署入山 / c_id=642 小關山(高雄市-桃源區),04 天數上限sumdaymax,1
"第12,49列",S2c Fixedclimb 承載量與天數,警政署入山 / c_id=642 小關山(高雄市-桃源區),05 是否抽籤IsDraw,0
"第12,49列",S2c Fixedclimb 承載量與天數,警政署入山 / c_id=642 小關山(高雄市-桃源區),06 許可證可印天數printdays,NULL
"第12,49列",S2c Fixedclimb 承載量與天數,警政署入山 / c_id=642 小關山(高雄市-桃源區),07 是否雪季路線issnow,0
"第12,49列",S2c Fixedclimb 承載量與天數,警政署入山 / c_id=642 小關山(高雄市-桃源區),08 人數檢查teamscountchk,NULL
"第12,49列",S2c Fixedclimb 承載量與天數,警政署入山 / c_id=643 流興溪溯(宜蘭縣-南澳鄉),01 假日承載量holidaynum,NULL
"第12,49列",S2c Fixedclimb 承載量與天數,警政署入山 / c_id=643 流興溪溯(宜蘭縣-南澳鄉),02 平日承載量generalnum,NULL
"第12,49列",S2c Fixedclimb 承載量與天數,警政署入山 / c_id=643 流興溪溯(宜蘭縣-南澳鄉),03 天數下限sumdaymin,1
"第12,49列",S2c Fixedclimb 承載量與天數,警政署入山 / c_id=643 流興溪溯(宜蘭縣-南澳鄉),04 天數上限sumdaymax,1
"第12,49列",S2c Fixedclimb 承載量與天數,警政署入山 / c_id=643 流興溪溯(宜蘭縣-南澳鄉),05 是否抽籤IsDraw,0
"第12,49列",S2c Fixedclimb 承載量與天數,警政署入山 / c_id=643 流興溪溯(宜蘭縣-南澳鄉),06 許可證可印天數printdays,NULL
"第12,49列",S2c Fixedclimb 承載量與天數,警政署入山 / c_id=643 流興溪溯(宜蘭縣-南澳鄉),07 是否雪季路線issnow,0
"第12,49列",S2c Fixedclimb 承載量與天數,警政署入山 / c_id=643 流興溪溯(宜蘭縣-南澳鄉),08 人數檢查teamscountchk,NULL
"第12,49列",S2c Fixedclimb 承載量與天數,警政署入山 / c_id=644 清花山(宜蘭縣-南澳鄉),01 假日承載量holidaynum,NULL
"第12,49列",S2c Fixedclimb 承載量與天數,警政署入山 / c_id=644 清花山(宜蘭縣-南澳鄉),02 平日承載量generalnum,NULL
"第12,49列",S2c Fixedclimb 承載量與天數,警政署入山 / c_id=644 清花山(宜蘭縣-南澳鄉),03 天數下限sumdaymin,1
"第12,49列",S2c Fixedclimb 承載量與天數,警政署入山 / c_id=644 清花山(宜蘭縣-南澳鄉),04 天數上限sumdaymax,1
"第12,49列",S2c Fixedclimb 承載量與天數,警政署入山 / c_id=644 清花山(宜蘭縣-南澳鄉),05 是否抽籤IsDraw,0
"第12,49列",S2c Fixedclimb 承載量與天數,警政署入山 / c_id=644 清花山(宜蘭縣-南澳鄉),06 許可證可印天數printdays,NULL
"第12,49列",S2c Fixedclimb 承載量與天數,警政署入山 / c_id=644 清花山(宜蘭縣-南澳鄉),07 是否雪季路線issnow,0
"第12,49列",S2c Fixedclimb 承載量與天數,警政署入山 / c_id=644 清花山(宜蘭縣-南澳鄉),08 人數檢查teamscountchk,NULL
"第12,49列",S2c Fixedclimb 承載量與天數,警政署入山 / c_id=645 石楠花山(宜蘭縣-南澳鄉),01 假日承載量holidaynum,NULL
"第12,49列",S2c Fixedclimb 承載量與天數,警政署入山 / c_id=645 石楠花山(宜蘭縣-南澳鄉),02 平日承載量generalnum,NULL
"第12,49列",S2c Fixedclimb 承載量與天數,警政署入山 / c_id=645 石楠花山(宜蘭縣-南澳鄉),03 天數下限sumdaymin,1
"第12,49列",S2c Fixedclimb 承載量與天數,警政署入山 / c_id=645 石楠花山(宜蘭縣-南澳鄉),04 天數上限sumdaymax,1
"第12,49列",S2c Fixedclimb 承載量與天數,警政署入山 / c_id=645 石楠花山(宜蘭縣-南澳鄉),05 是否抽籤IsDraw,0
"第12,49列",S2c Fixedclimb 承載量與天數,警政署入山 / c_id=645 石楠花山(宜蘭縣-南澳鄉),06 許可證可印天數printdays,NULL
"第12,49列",S2c Fixedclimb 承載量與天數,警政署入山 / c_id=645 石楠花山(宜蘭縣-南澳鄉),07 是否雪季路線issnow,0
"第12,49列",S2c Fixedclimb 承載量與天數,警政署入山 / c_id=645 石楠花山(宜蘭縣-南澳鄉),08 人數檢查teamscountchk,NULL
"第12,49列",S2c Fixedclimb 承載量與天數,警政署入山 / c_id=646 舊金洋橫斷(宜蘭縣-南澳鄉),01 假日承載量holidaynum,NULL
"第12,49列",S2c Fixedclimb 承載量與天數,警政署入山 / c_id=646 舊金洋橫斷(宜蘭縣-南澳鄉),02 平日承載量generalnum,NULL
"第12,49列",S2c Fixedclimb 承載量與天數,警政署入山 / c_id=646 舊金洋橫斷(宜蘭縣-南澳鄉),03 天數下限sumdaymin,1
"第12,49列",S2c Fixedclimb 承載量與天數,警政署入山 / c_id=646 舊金洋橫斷(宜蘭縣-南澳鄉),04 天數上限sumdaymax,1
"第12,49列",S2c Fixedclimb 承載量與天數,警政署入山 / c_id=646 舊金洋橫斷(宜蘭縣-南澳鄉),05 是否抽籤IsDraw,0
"第12,49列",S2c Fixedclimb 承載量與天數,警政署入山 / c_id=646 舊金洋橫斷(宜蘭縣-南澳鄉),06 許可證可印天數printdays,NULL
"第12,49列",S2c Fixedclimb 承載量與天數,警政署入山 / c_id=646 舊金洋橫斷(宜蘭縣-南澳鄉),07 是否雪季路線issnow,0
"第12,49列",S2c Fixedclimb 承載量與天數,警政署入山 / c_id=646 舊金洋橫斷(宜蘭縣-南澳鄉),08 人數檢查teamscountchk,NULL
"第12,49列",S2c Fixedclimb 承載量與天數,警政署入山 / c_id=647 太平山(宜蘭縣-大同鄉),01 假日承載量holidaynum,NULL
"第12,49列",S2c Fixedclimb 承載量與天數,警政署入山 / c_id=647 太平山(宜蘭縣-大同鄉),02 平日承載量generalnum,NULL
"第12,49列",S2c Fixedclimb 承載量與天數,警政署入山 / c_id=647 太平山(宜蘭縣-大同鄉),03 天數下限sumdaymin,1
"第12,49列",S2c Fixedclimb 承載量與天數,警政署入山 / c_id=647 太平山(宜蘭縣-大同鄉),04 天數上限sumdaymax,1
"第12,49列",S2c Fixedclimb 承載量與天數,警政署入山 / c_id=647 太平山(宜蘭縣-大同鄉),05 是否抽籤IsDraw,0
"第12,49列",S2c Fixedclimb 承載量與天數,警政署入山 / c_id=647 太平山(宜蘭縣-大同鄉),06 許可證可印天數printdays,NULL
"第12,49列",S2c Fixedclimb 承載量與天數,警政署入山 / c_id=647 太平山(宜蘭縣-大同鄉),07 是否雪季路線issnow,0
"第12,49列",S2c Fixedclimb 承載量與天數,警政署入山 / c_id=647 太平山(宜蘭縣-大同鄉),08 人數檢查teamscountchk,NULL
"第12,49列",S2c Fixedclimb 承載量與天數,警政署入山 / c_id=648 魔葉名病山(宜蘭縣-大同鄉),01 假日承載量holidaynum,NULL
"第12,49列",S2c Fixedclimb 承載量與天數,警政署入山 / c_id=648 魔葉名病山(宜蘭縣-大同鄉),02 平日承載量generalnum,NULL
"第12,49列",S2c Fixedclimb 承載量與天數,警政署入山 / c_id=648 魔葉名病山(宜蘭縣-大同鄉),03 天數下限sumdaymin,1
"第12,49列",S2c Fixedclimb 承載量與天數,警政署入山 / c_id=648 魔葉名病山(宜蘭縣-大同鄉),04 天數上限sumdaymax,1
"第12,49列",S2c Fixedclimb 承載量與天數,警政署入山 / c_id=648 魔葉名病山(宜蘭縣-大同鄉),05 是否抽籤IsDraw,0
"第12,49列",S2c Fixedclimb 承載量與天數,警政署入山 / c_id=648 魔葉名病山(宜蘭縣-大同鄉),06 許可證可印天數printdays,NULL
"第12,49列",S2c Fixedclimb 承載量與天數,警政署入山 / c_id=648 魔葉名病山(宜蘭縣-大同鄉),07 是否雪季路線issnow,0
"第12,49列",S2c Fixedclimb 承載量與天數,警政署入山 / c_id=648 魔葉名病山(宜蘭縣-大同鄉),08 人數檢查teamscountchk,NULL
"第12,49列",S2c Fixedclimb 承載量與天數,警政署入山 / c_id=649 中平林道(花蓮縣-卓溪鄉),01 假日承載量holidaynum,NULL
"第12,49列",S2c Fixedclimb 承載量與天數,警政署入山 / c_id=649 中平林道(花蓮縣-卓溪鄉),02 平日承載量generalnum,NULL
"第12,49列",S2c Fixedclimb 承載量與天數,警政署入山 / c_id=649 中平林道(花蓮縣-卓溪鄉),03 天數下限sumdaymin,1
"第12,49列",S2c Fixedclimb 承載量與天數,警政署入山 / c_id=649 中平林道(花蓮縣-卓溪鄉),04 天數上限sumdaymax,1
"第12,49列",S2c Fixedclimb 承載量與天數,警政署入山 / c_id=649 中平林道(花蓮縣-卓溪鄉),05 是否抽籤IsDraw,0
"第12,49列",S2c Fixedclimb 承載量與天數,警政署入山 / c_id=649 中平林道(花蓮縣-卓溪鄉),06 許可證可印天數printdays,NULL
"第12,49列",S2c Fixedclimb 承載量與天數,警政署入山 / c_id=649 中平林道(花蓮縣-卓溪鄉),07 是否雪季路線issnow,0
"第12,49列",S2c Fixedclimb 承載量與天數,警政署入山 / c_id=649 中平林道(花蓮縣-卓溪鄉),08 人數檢查teamscountchk,NULL
"第12,49列",S2c Fixedclimb 承載量與天數,警政署入山 / c_id=650 楠梓仙溪林道(嘉義縣-阿里山鄉),01 假日承載量holidaynum,NULL
"第12,49列",S2c Fixedclimb 承載量與天數,警政署入山 / c_id=650 楠梓仙溪林道(嘉義縣-阿里山鄉),02 平日承載量generalnum,NULL
"第12,49列",S2c Fixedclimb 承載量與天數,警政署入山 / c_id=650 楠梓仙溪林道(嘉義縣-阿里山鄉),03 天數下限sumdaymin,1
"第12,49列",S2c Fixedclimb 承載量與天數,警政署入山 / c_id=650 楠梓仙溪林道(嘉義縣-阿里山鄉),04 天數上限sumdaymax,1
"第12,49列",S2c Fixedclimb 承載量與天數,警政署入山 / c_id=650 楠梓仙溪林道(嘉義縣-阿里山鄉),05 是否抽籤IsDraw,0
"第12,49列",S2c Fixedclimb 承載量與天數,警政署入山 / c_id=650 楠梓仙溪林道(嘉義縣-阿里山鄉),06 許可證可印天數printdays,NULL
"第12,49列",S2c Fixedclimb 承載量與天數,警政署入山 / c_id=650 楠梓仙溪林道(嘉義縣-阿里山鄉),07 是否雪季路線issnow,0
"第12,49列",S2c Fixedclimb 承載量與天數,警政署入山 / c_id=650 楠梓仙溪林道(嘉義縣-阿里山鄉),08 人數檢查teamscountchk,NULL
"第12,49列",S2c Fixedclimb 承載量與天數,警政署入山 / c_id=651 玉山主北峰(嘉義縣-阿里山鄉),01 假日承載量holidaynum,NULL
"第12,49列",S2c Fixedclimb 承載量與天數,警政署入山 / c_id=651 玉山主北峰(嘉義縣-阿里山鄉),02 平日承載量generalnum,NULL
"第12,49列",S2c Fixedclimb 承載量與天數,警政署入山 / c_id=651 玉山主北峰(嘉義縣-阿里山鄉),03 天數下限sumdaymin,1
"第12,49列",S2c Fixedclimb 承載量與天數,警政署入山 / c_id=651 玉山主北峰(嘉義縣-阿里山鄉),04 天數上限sumdaymax,1
"第12,49列",S2c Fixedclimb 承載量與天數,警政署入山 / c_id=651 玉山主北峰(嘉義縣-阿里山鄉),05 是否抽籤IsDraw,0
"第12,49列",S2c Fixedclimb 承載量與天數,警政署入山 / c_id=651 玉山主北峰(嘉義縣-阿里山鄉),06 許可證可印天數printdays,NULL
"第12,49列",S2c Fixedclimb 承載量與天數,警政署入山 / c_id=651 玉山主北峰(嘉義縣-阿里山鄉),07 是否雪季路線issnow,0
"第12,49列",S2c Fixedclimb 承載量與天數,警政署入山 / c_id=651 玉山主北峰(嘉義縣-阿里山鄉),08 人數檢查teamscountchk,NULL
"第12,49列",S2c Fixedclimb 承載量與天數,警政署入山 / c_id=652 玉山主北峰(南投縣-信義鄉),01 假日承載量holidaynum,NULL
"第12,49列",S2c Fixedclimb 承載量與天數,警政署入山 / c_id=652 玉山主北峰(南投縣-信義鄉),02 平日承載量generalnum,NULL
"第12,49列",S2c Fixedclimb 承載量與天數,警政署入山 / c_id=652 玉山主北峰(南投縣-信義鄉),03 天數下限sumdaymin,1
"第12,49列",S2c Fixedclimb 承載量與天數,警政署入山 / c_id=652 玉山主北峰(南投縣-信義鄉),04 天數上限sumdaymax,1
"第12,49列",S2c Fixedclimb 承載量與天數,警政署入山 / c_id=652 玉山主北峰(南投縣-信義鄉),05 是否抽籤IsDraw,0
"第12,49列",S2c Fixedclimb 承載量與天數,警政署入山 / c_id=652 玉山主北峰(南投縣-信義鄉),06 許可證可印天數printdays,NULL
"第12,49列",S2c Fixedclimb 承載量與天數,警政署入山 / c_id=652 玉山主北峰(南投縣-信義鄉),07 是否雪季路線issnow,0
"第12,49列",S2c Fixedclimb 承載量與天數,警政署入山 / c_id=652 玉山主北峰(南投縣-信義鄉),08 人數檢查teamscountchk,NULL
"第12,49列",S2c Fixedclimb 承載量與天數,警政署入山 / c_id=653 玉山主東北峰(嘉義縣-阿里山鄉),01 假日承載量holidaynum,NULL
"第12,49列",S2c Fixedclimb 承載量與天數,警政署入山 / c_id=653 玉山主東北峰(嘉義縣-阿里山鄉),02 平日承載量generalnum,NULL
"第12,49列",S2c Fixedclimb 承載量與天數,警政署入山 / c_id=653 玉山主東北峰(嘉義縣-阿里山鄉),03 天數下限sumdaymin,1
"第12,49列",S2c Fixedclimb 承載量與天數,警政署入山 / c_id=653 玉山主東北峰(嘉義縣-阿里山鄉),04 天數上限sumdaymax,1
"第12,49列",S2c Fixedclimb 承載量與天數,警政署入山 / c_id=653 玉山主東北峰(嘉義縣-阿里山鄉),05 是否抽籤IsDraw,0
"第12,49列",S2c Fixedclimb 承載量與天數,警政署入山 / c_id=653 玉山主東北峰(嘉義縣-阿里山鄉),06 許可證可印天數printdays,NULL
"第12,49列",S2c Fixedclimb 承載量與天數,警政署入山 / c_id=653 玉山主東北峰(嘉義縣-阿里山鄉),07 是否雪季路線issnow,0
"第12,49列",S2c Fixedclimb 承載量與天數,警政署入山 / c_id=653 玉山主東北峰(嘉義縣-阿里山鄉),08 人數檢查teamscountchk,NULL
"第12,49列",S2c Fixedclimb 承載量與天數,警政署入山 / c_id=654 玉山主東北峰(南投縣-信義鄉),01 假日承載量holidaynum,NULL
"第12,49列",S2c Fixedclimb 承載量與天數,警政署入山 / c_id=654 玉山主東北峰(南投縣-信義鄉),02 平日承載量generalnum,NULL
"第12,49列",S2c Fixedclimb 承載量與天數,警政署入山 / c_id=654 玉山主東北峰(南投縣-信義鄉),03 天數下限sumdaymin,1
"第12,49列",S2c Fixedclimb 承載量與天數,警政署入山 / c_id=654 玉山主東北峰(南投縣-信義鄉),04 天數上限sumdaymax,1
"第12,49列",S2c Fixedclimb 承載量與天數,警政署入山 / c_id=654 玉山主東北峰(南投縣-信義鄉),05 是否抽籤IsDraw,0
"第12,49列",S2c Fixedclimb 承載量與天數,警政署入山 / c_id=654 玉山主東北峰(南投縣-信義鄉),06 許可證可印天數printdays,NULL
"第12,49列",S2c Fixedclimb 承載量與天數,警政署入山 / c_id=654 玉山主東北峰(南投縣-信義鄉),07 是否雪季路線issnow,0
"第12,49列",S2c Fixedclimb 承載量與天數,警政署入山 / c_id=654 玉山主東北峰(南投縣-信義鄉),08 人數檢查teamscountchk,NULL
"第12,49列",S2c Fixedclimb 承載量與天數,警政署入山 / c_id=655 玉山後四峰(高雄市-桃源區),01 假日承載量holidaynum,NULL
"第12,49列",S2c Fixedclimb 承載量與天數,警政署入山 / c_id=655 玉山後四峰(高雄市-桃源區),02 平日承載量generalnum,NULL
"第12,49列",S2c Fixedclimb 承載量與天數,警政署入山 / c_id=655 玉山後四峰(高雄市-桃源區),03 天數下限sumdaymin,1
"第12,49列",S2c Fixedclimb 承載量與天數,警政署入山 / c_id=655 玉山後四峰(高雄市-桃源區),04 天數上限sumdaymax,1
"第12,49列",S2c Fixedclimb 承載量與天數,警政署入山 / c_id=655 玉山後四峰(高雄市-桃源區),05 是否抽籤IsDraw,0
"第12,49列",S2c Fixedclimb 承載量與天數,警政署入山 / c_id=655 玉山後四峰(高雄市-桃源區),06 許可證可印天數printdays,NULL
"第12,49列",S2c Fixedclimb 承載量與天數,警政署入山 / c_id=655 玉山後四峰(高雄市-桃源區),07 是否雪季路線issnow,0
"第12,49列",S2c Fixedclimb 承載量與天數,警政署入山 / c_id=655 玉山後四峰(高雄市-桃源區),08 人數檢查teamscountchk,NULL
"第12,49列",S2c Fixedclimb 承載量與天數,警政署入山 / c_id=656 浸水營古道(臺東縣-達仁鄉),01 假日承載量holidaynum,NULL
"第12,49列",S2c Fixedclimb 承載量與天數,警政署入山 / c_id=656 浸水營古道(臺東縣-達仁鄉),02 平日承載量generalnum,NULL
"第12,49列",S2c Fixedclimb 承載量與天數,警政署入山 / c_id=656 浸水營古道(臺東縣-達仁鄉),03 天數下限sumdaymin,1
"第12,49列",S2c Fixedclimb 承載量與天數,警政署入山 / c_id=656 浸水營古道(臺東縣-達仁鄉),04 天數上限sumdaymax,1
"第12,49列",S2c Fixedclimb 承載量與天數,警政署入山 / c_id=656 浸水營古道(臺東縣-達仁鄉),05 是否抽籤IsDraw,0
"第12,49列",S2c Fixedclimb 承載量與天數,警政署入山 / c_id=656 浸水營古道(臺東縣-達仁鄉),06 許可證可印天數printdays,NULL
"第12,49列",S2c Fixedclimb 承載量與天數,警政署入山 / c_id=656 浸水營古道(臺東縣-達仁鄉),07 是否雪季路線issnow,0
"第12,49列",S2c Fixedclimb 承載量與天數,警政署入山 / c_id=656 浸水營古道(臺東縣-達仁鄉),08 人數檢查teamscountchk,NULL
"第12,49列",S2c Fixedclimb 承載量與天數,警政署入山 / c_id=657 戒茂斯山(臺東縣-海端鄉),01 假日承載量holidaynum,NULL
"第12,49列",S2c Fixedclimb 承載量與天數,警政署入山 / c_id=657 戒茂斯山(臺東縣-海端鄉),02 平日承載量generalnum,NULL
"第12,49列",S2c Fixedclimb 承載量與天數,警政署入山 / c_id=657 戒茂斯山(臺東縣-海端鄉),03 天數下限sumdaymin,1
"第12,49列",S2c Fixedclimb 承載量與天數,警政署入山 / c_id=657 戒茂斯山(臺東縣-海端鄉),04 天數上限sumdaymax,1
"第12,49列",S2c Fixedclimb 承載量與天數,警政署入山 / c_id=657 戒茂斯山(臺東縣-海端鄉),05 是否抽籤IsDraw,0
"第12,49列",S2c Fixedclimb 承載量與天數,警政署入山 / c_id=657 戒茂斯山(臺東縣-海端鄉),06 許可證可印天數printdays,NULL
"第12,49列",S2c Fixedclimb 承載量與天數,警政署入山 / c_id=657 戒茂斯山(臺東縣-海端鄉),07 是否雪季路線issnow,0
"第12,49列",S2c Fixedclimb 承載量與天數,警政署入山 / c_id=657 戒茂斯山(臺東縣-海端鄉),08 人數檢查teamscountchk,NULL
"第12,49列",S2c Fixedclimb 承載量與天數,警政署入山 / c_id=658 關山嶺山(臺東縣-海端鄉),01 假日承載量holidaynum,NULL
"第12,49列",S2c Fixedclimb 承載量與天數,警政署入山 / c_id=658 關山嶺山(臺東縣-海端鄉),02 平日承載量generalnum,NULL
"第12,49列",S2c Fixedclimb 承載量與天數,警政署入山 / c_id=658 關山嶺山(臺東縣-海端鄉),03 天數下限sumdaymin,1
"第12,49列",S2c Fixedclimb 承載量與天數,警政署入山 / c_id=658 關山嶺山(臺東縣-海端鄉),04 天數上限sumdaymax,1
"第12,49列",S2c Fixedclimb 承載量與天數,警政署入山 / c_id=658 關山嶺山(臺東縣-海端鄉),05 是否抽籤IsDraw,0
"第12,49列",S2c Fixedclimb 承載量與天數,警政署入山 / c_id=658 關山嶺山(臺東縣-海端鄉),06 許可證可印天數printdays,NULL
"第12,49列",S2c Fixedclimb 承載量與天數,警政署入山 / c_id=658 關山嶺山(臺東縣-海端鄉),07 是否雪季路線issnow,0
"第12,49列",S2c Fixedclimb 承載量與天數,警政署入山 / c_id=658 關山嶺山(臺東縣-海端鄉),08 人數檢查teamscountchk,NULL
"第12,49列",S2c Fixedclimb 承載量與天數,警政署入山 / c_id=659 巴博庫魯山(宜蘭縣-大同鄉),01 假日承載量holidaynum,NULL
"第12,49列",S2c Fixedclimb 承載量與天數,警政署入山 / c_id=659 巴博庫魯山(宜蘭縣-大同鄉),02 平日承載量generalnum,NULL
"第12,49列",S2c Fixedclimb 承載量與天數,警政署入山 / c_id=659 巴博庫魯山(宜蘭縣-大同鄉),03 天數下限sumdaymin,1
"第12,49列",S2c Fixedclimb 承載量與天數,警政署入山 / c_id=659 巴博庫魯山(宜蘭縣-大同鄉),04 天數上限sumdaymax,1
"第12,49列",S2c Fixedclimb 承載量與天數,警政署入山 / c_id=659 巴博庫魯山(宜蘭縣-大同鄉),05 是否抽籤IsDraw,0
"第12,49列",S2c Fixedclimb 承載量與天數,警政署入山 / c_id=659 巴博庫魯山(宜蘭縣-大同鄉),06 許可證可印天數printdays,NULL
"第12,49列",S2c Fixedclimb 承載量與天數,警政署入山 / c_id=659 巴博庫魯山(宜蘭縣-大同鄉),07 是否雪季路線issnow,0
"第12,49列",S2c Fixedclimb 承載量與天數,警政署入山 / c_id=659 巴博庫魯山(宜蘭縣-大同鄉),08 人數檢查teamscountchk,NULL
"第12,49列",S2c Fixedclimb 承載量與天數,警政署入山 / c_id=660 丹大林道(南投縣-信義鄉),01 假日承載量holidaynum,NULL
"第12,49列",S2c Fixedclimb 承載量與天數,警政署入山 / c_id=660 丹大林道(南投縣-信義鄉),02 平日承載量generalnum,NULL
"第12,49列",S2c Fixedclimb 承載量與天數,警政署入山 / c_id=660 丹大林道(南投縣-信義鄉),03 天數下限sumdaymin,1
"第12,49列",S2c Fixedclimb 承載量與天數,警政署入山 / c_id=660 丹大林道(南投縣-信義鄉),04 天數上限sumdaymax,1
"第12,49列",S2c Fixedclimb 承載量與天數,警政署入山 / c_id=660 丹大林道(南投縣-信義鄉),05 是否抽籤IsDraw,0
"第12,49列",S2c Fixedclimb 承載量與天數,警政署入山 / c_id=660 丹大林道(南投縣-信義鄉),06 許可證可印天數printdays,NULL
"第12,49列",S2c Fixedclimb 承載量與天數,警政署入山 / c_id=660 丹大林道(南投縣-信義鄉),07 是否雪季路線issnow,0
"第12,49列",S2c Fixedclimb 承載量與天數,警政署入山 / c_id=660 丹大林道(南投縣-信義鄉),08 人數檢查teamscountchk,NULL
"第12,49列",S2c Fixedclimb 承載量與天數,警政署入山 / c_id=663 七彩湖(南投縣-信義鄉),01 假日承載量holidaynum,NULL
"第12,49列",S2c Fixedclimb 承載量與天數,警政署入山 / c_id=663 七彩湖(南投縣-信義鄉),02 平日承載量generalnum,NULL
"第12,49列",S2c Fixedclimb 承載量與天數,警政署入山 / c_id=663 七彩湖(南投縣-信義鄉),03 天數下限sumdaymin,1
"第12,49列",S2c Fixedclimb 承載量與天數,警政署入山 / c_id=663 七彩湖(南投縣-信義鄉),04 天數上限sumdaymax,1
"第12,49列",S2c Fixedclimb 承載量與天數,警政署入山 / c_id=663 七彩湖(南投縣-信義鄉),05 是否抽籤IsDraw,0
"第12,49列",S2c Fixedclimb 承載量與天數,警政署入山 / c_id=663 七彩湖(南投縣-信義鄉),06 許可證可印天數printdays,NULL
"第12,49列",S2c Fixedclimb 承載量與天數,警政署入山 / c_id=663 七彩湖(南投縣-信義鄉),07 是否雪季路線issnow,0
"第12,49列",S2c Fixedclimb 承載量與天數,警政署入山 / c_id=663 七彩湖(南投縣-信義鄉),08 人數檢查teamscountchk,NULL
"第12,49列",S2c Fixedclimb 承載量與天數,警政署入山 / c_id=664 六順山(南投縣-信義鄉),01 假日承載量holidaynum,NULL
"第12,49列",S2c Fixedclimb 承載量與天數,警政署入山 / c_id=664 六順山(南投縣-信義鄉),02 平日承載量generalnum,NULL
"第12,49列",S2c Fixedclimb 承載量與天數,警政署入山 / c_id=664 六順山(南投縣-信義鄉),03 天數下限sumdaymin,1
"第12,49列",S2c Fixedclimb 承載量與天數,警政署入山 / c_id=664 六順山(南投縣-信義鄉),04 天數上限sumdaymax,1
"第12,49列",S2c Fixedclimb 承載量與天數,警政署入山 / c_id=664 六順山(南投縣-信義鄉),05 是否抽籤IsDraw,0
"第12,49列",S2c Fixedclimb 承載量與天數,警政署入山 / c_id=664 六順山(南投縣-信義鄉),06 許可證可印天數printdays,NULL
"第12,49列",S2c Fixedclimb 承載量與天數,警政署入山 / c_id=664 六順山(南投縣-信義鄉),07 是否雪季路線issnow,0
"第12,49列",S2c Fixedclimb 承載量與天數,警政署入山 / c_id=664 六順山(南投縣-信義鄉),08 人數檢查teamscountchk,NULL
"第12,49列",S2g bedlist 床位層級承載量,bedtype=0 / enable=0,01 床位筆數,76
"第12,49列",S2g bedlist 床位層級承載量,bedtype=0 / enable=0,02 涵蓋宿營地數,7
"第12,49列",S2g bedlist 床位層級承載量,bedtype=0 / enable=0,03 平日承載量最小,1
"第12,49列",S2g bedlist 床位層級承載量,bedtype=0 / enable=0,04 平日承載量最大,1
"第12,49列",S2g bedlist 床位層級承載量,bedtype=0 / enable=0,05 假日承載量最小,1
"第12,49列",S2g bedlist 床位層級承載量,bedtype=0 / enable=0,06 假日承載量最大,1
"第12,49列",S2g bedlist 床位層級承載量,bedtype=0 / enable=1,01 床位筆數,2579
"第12,49列",S2g bedlist 床位層級承載量,bedtype=0 / enable=1,02 涵蓋宿營地數,176
"第12,49列",S2g bedlist 床位層級承載量,bedtype=0 / enable=1,03 平日承載量最小,1
"第12,49列",S2g bedlist 床位層級承載量,bedtype=0 / enable=1,04 平日承載量最大,1
"第12,49列",S2g bedlist 床位層級承載量,bedtype=0 / enable=1,05 假日承載量最小,1
"第12,49列",S2g bedlist 床位層級承載量,bedtype=0 / enable=1,06 假日承載量最大,1
"第12,49列",S2g bedlist 床位層級承載量,bedtype=1 / enable=0,01 床位筆數,36
"第12,49列",S2g bedlist 床位層級承載量,bedtype=1 / enable=0,02 涵蓋宿營地數,9
"第12,49列",S2g bedlist 床位層級承載量,bedtype=1 / enable=0,03 平日承載量最小,1
"第12,49列",S2g bedlist 床位層級承載量,bedtype=1 / enable=0,04 平日承載量最大,1
"第12,49列",S2g bedlist 床位層級承載量,bedtype=1 / enable=0,05 假日承載量最小,1
"第12,49列",S2g bedlist 床位層級承載量,bedtype=1 / enable=0,06 假日承載量最大,1
"第12,49列",S2g bedlist 床位層級承載量,bedtype=1 / enable=1,01 床位筆數,751
"第12,49列",S2g bedlist 床位層級承載量,bedtype=1 / enable=1,02 涵蓋宿營地數,39
"第12,49列",S2g bedlist 床位層級承載量,bedtype=1 / enable=1,03 平日承載量最小,1
"第12,49列",S2g bedlist 床位層級承載量,bedtype=1 / enable=1,04 平日承載量最大,1
"第12,49列",S2g bedlist 床位層級承載量,bedtype=1 / enable=1,05 假日承載量最小,1
"第12,49列",S2g bedlist 床位層級承載量,bedtype=1 / enable=1,06 假日承載量最大,1
第25列,S2b Fixedclimb 路線層級期限,太魯閣國家公園管理處 / c_id=109 北一段縱走北二段(南往北),01 路線_入園前N天,5
第25列,S2b Fixedclimb 路線層級期限,太魯閣國家公園管理處 / c_id=109 北一段縱走北二段(南往北),02 路線_天數基準,0
第25列,S2b Fixedclimb 路線層級期限,太魯閣國家公園管理處 / c_id=109 北一段縱走北二段(南往北),03 路線_入園前N月,2
第25列,S2b Fixedclimb 路線層級期限,太魯閣國家公園管理處 / c_id=109 北一段縱走北二段(南往北),04 路線_月份基準,0
第25列,S2b Fixedclimb 路線層級期限,太魯閣國家公園管理處 / c_id=132 錐麓古道(外籍提前),01 路線_入園前N天,35
第25列,S2b Fixedclimb 路線層級期限,太魯閣國家公園管理處 / c_id=132 錐麓古道(外籍提前),02 路線_天數基準,0
第25列,S2b Fixedclimb 路線層級期限,太魯閣國家公園管理處 / c_id=132 錐麓古道(外籍提前),03 路線_入園前N月,4
第25列,S2b Fixedclimb 路線層級期限,太魯閣國家公園管理處 / c_id=132 錐麓古道(外籍提前),04 路線_月份基準,0
第25列,S2b Fixedclimb 路線層級期限,太魯閣國家公園管理處 / c_id=149 羊頭縱走畢祿,01 路線_入園前N天,5
第25列,S2b Fixedclimb 路線層級期限,太魯閣國家公園管理處 / c_id=149 羊頭縱走畢祿,02 路線_天數基準,0
第25列,S2b Fixedclimb 路線層級期限,太魯閣國家公園管理處 / c_id=149 羊頭縱走畢祿,03 路線_入園前N月,2
第25列,S2b Fixedclimb 路線層級期限,太魯閣國家公園管理處 / c_id=149 羊頭縱走畢祿,04 路線_月份基準,0
第25列,S2b Fixedclimb 路線層級期限,太魯閣國家公園管理處 / c_id=150 屏風避難山屋申請,01 路線_入園前N天,5
第25列,S2b Fixedclimb 路線層級期限,太魯閣國家公園管理處 / c_id=150 屏風避難山屋申請,02 路線_天數基準,0
第25列,S2b Fixedclimb 路線層級期限,太魯閣國家公園管理處 / c_id=150 屏風避難山屋申請,03 路線_入園前N月,2
第25列,S2b Fixedclimb 路線層級期限,太魯閣國家公園管理處 / c_id=150 屏風避難山屋申請,04 路線_月份基準,0
第25列,S2b Fixedclimb 路線層級期限,太魯閣國家公園管理處 / c_id=21 錐麓古道,01 路線_入園前N天,1
第25列,S2b Fixedclimb 路線層級期限,太魯閣國家公園管理處 / c_id=21 錐麓古道,02 路線_天數基準,0
第25列,S2b Fixedclimb 路線層級期限,太魯閣國家公園管理處 / c_id=21 錐麓古道,03 路線_入園前N月,2
第25列,S2b Fixedclimb 路線層級期限,太魯閣國家公園管理處 / c_id=21 錐麓古道,04 路線_月份基準,0
第25列,S2b Fixedclimb 路線層級期限,太魯閣國家公園管理處 / c_id=22 奇萊主、北峰線,01 路線_入園前N天,5
第25列,S2b Fixedclimb 路線層級期限,太魯閣國家公園管理處 / c_id=22 奇萊主、北峰線,02 路線_天數基準,0
第25列,S2b Fixedclimb 路線層級期限,太魯閣國家公園管理處 / c_id=22 奇萊主、北峰線,03 路線_入園前N月,2
第25列,S2b Fixedclimb 路線層級期限,太魯閣國家公園管理處 / c_id=22 奇萊主、北峰線,04 路線_月份基準,0
第25列,S2b Fixedclimb 路線層級期限,太魯閣國家公園管理處 / c_id=23 奇萊連峰,01 路線_入園前N天,5
第25列,S2b Fixedclimb 路線層級期限,太魯閣國家公園管理處 / c_id=23 奇萊連峰,02 路線_天數基準,0
第25列,S2b Fixedclimb 路線層級期限,太魯閣國家公園管理處 / c_id=23 奇萊連峰,03 路線_入園前N月,2
第25列,S2b Fixedclimb 路線層級期限,太魯閣國家公園管理處 / c_id=23 奇萊連峰,04 路線_月份基準,0
第25列,S2b Fixedclimb 路線層級期限,太魯閣國家公園管理處 / c_id=24 奇萊東稜,01 路線_入園前N天,5
第25列,S2b Fixedclimb 路線層級期限,太魯閣國家公園管理處 / c_id=24 奇萊東稜,02 路線_天數基準,0
第25列,S2b Fixedclimb 路線層級期限,太魯閣國家公園管理處 / c_id=24 奇萊東稜,03 路線_入園前N月,2
第25列,S2b Fixedclimb 路線層級期限,太魯閣國家公園管理處 / c_id=24 奇萊東稜,04 路線_月份基準,0
第25列,S2b Fixedclimb 路線層級期限,太魯閣國家公園管理處 / c_id=25 奇萊南峰,01 路線_入園前N天,5
第25列,S2b Fixedclimb 路線層級期限,太魯閣國家公園管理處 / c_id=25 奇萊南峰,02 路線_天數基準,0
第25列,S2b Fixedclimb 路線層級期限,太魯閣國家公園管理處 / c_id=25 奇萊南峰,03 路線_入園前N月,2
第25列,S2b Fixedclimb 路線層級期限,太魯閣國家公園管理處 / c_id=25 奇萊南峰,04 路線_月份基準,0
第25列,S2b Fixedclimb 路線層級期限,太魯閣國家公園管理處 / c_id=26 南湖大山線,01 路線_入園前N天,5
第25列,S2b Fixedclimb 路線層級期限,太魯閣國家公園管理處 / c_id=26 南湖大山線,02 路線_天數基準,0
第25列,S2b Fixedclimb 路線層級期限,太魯閣國家公園管理處 / c_id=26 南湖大山線,03 路線_入園前N月,2
第25列,S2b Fixedclimb 路線層級期限,太魯閣國家公園管理處 / c_id=26 南湖大山線,04 路線_月份基準,0
第25列,S2b Fixedclimb 路線層級期限,太魯閣國家公園管理處 / c_id=27 南湖中央尖 (北一段線),01 路線_入園前N天,5
第25列,S2b Fixedclimb 路線層級期限,太魯閣國家公園管理處 / c_id=27 南湖中央尖 (北一段線),02 路線_天數基準,0
第25列,S2b Fixedclimb 路線層級期限,太魯閣國家公園管理處 / c_id=27 南湖中央尖 (北一段線),03 路線_入園前N月,2
第25列,S2b Fixedclimb 路線層級期限,太魯閣國家公園管理處 / c_id=27 南湖中央尖 (北一段線),04 路線_月份基準,0
第25列,S2b Fixedclimb 路線層級期限,太魯閣國家公園管理處 / c_id=28 北一段縱走北二段,01 路線_入園前N天,5
第25列,S2b Fixedclimb 路線層級期限,太魯閣國家公園管理處 / c_id=28 北一段縱走北二段,02 路線_天數基準,0
第25列,S2b Fixedclimb 路線層級期限,太魯閣國家公園管理處 / c_id=28 北一段縱走北二段,03 路線_入園前N月,2
第25列,S2b Fixedclimb 路線層級期限,太魯閣國家公園管理處 / c_id=28 北一段縱走北二段,04 路線_月份基準,0
第25列,S2b Fixedclimb 路線層級期限,太魯閣國家公園管理處 / c_id=29 北二段（鬼門關斷崖）,01 路線_入園前N天,5
第25列,S2b Fixedclimb 路線層級期限,太魯閣國家公園管理處 / c_id=29 北二段（鬼門關斷崖）,02 路線_天數基準,0
第25列,S2b Fixedclimb 路線層級期限,太魯閣國家公園管理處 / c_id=29 北二段（鬼門關斷崖）,03 路線_入園前N月,2
第25列,S2b Fixedclimb 路線層級期限,太魯閣國家公園管理處 / c_id=29 北二段（鬼門關斷崖）,04 路線_月份基準,0
第25列,S2b Fixedclimb 路線層級期限,太魯閣國家公園管理處 / c_id=30 閂山鈴鳴山,01 路線_入園前N天,5
第25列,S2b Fixedclimb 路線層級期限,太魯閣國家公園管理處 / c_id=30 閂山鈴鳴山,02 路線_天數基準,0
第25列,S2b Fixedclimb 路線層級期限,太魯閣國家公園管理處 / c_id=30 閂山鈴鳴山,03 路線_入園前N月,2
第25列,S2b Fixedclimb 路線層級期限,太魯閣國家公園管理處 / c_id=30 閂山鈴鳴山,04 路線_月份基準,0
第25列,S2b Fixedclimb 路線層級期限,太魯閣國家公園管理處 / c_id=31 閂山單攻,01 路線_入園前N天,5
第25列,S2b Fixedclimb 路線層級期限,太魯閣國家公園管理處 / c_id=31 閂山單攻,02 路線_天數基準,0
第25列,S2b Fixedclimb 路線層級期限,太魯閣國家公園管理處 / c_id=31 閂山單攻,03 路線_入園前N月,2
第25列,S2b Fixedclimb 路線層級期限,太魯閣國家公園管理處 / c_id=31 閂山單攻,04 路線_月份基準,0
第25列,S2b Fixedclimb 路線層級期限,太魯閣國家公園管理處 / c_id=32 畢祿縱走羊頭,01 路線_入園前N天,5
第25列,S2b Fixedclimb 路線層級期限,太魯閣國家公園管理處 / c_id=32 畢祿縱走羊頭,02 路線_天數基準,0
第25列,S2b Fixedclimb 路線層級期限,太魯閣國家公園管理處 / c_id=32 畢祿縱走羊頭,03 路線_入園前N月,2
第25列,S2b Fixedclimb 路線層級期限,太魯閣國家公園管理處 / c_id=32 畢祿縱走羊頭,04 路線_月份基準,0
第25列,S2b Fixedclimb 路線層級期限,太魯閣國家公園管理處 / c_id=33 畢祿山,01 路線_入園前N天,3
第25列,S2b Fixedclimb 路線層級期限,太魯閣國家公園管理處 / c_id=33 畢祿山,02 路線_天數基準,0
第25列,S2b Fixedclimb 路線層級期限,太魯閣國家公園管理處 / c_id=33 畢祿山,03 路線_入園前N月,2
第25列,S2b Fixedclimb 路線層級期限,太魯閣國家公園管理處 / c_id=33 畢祿山,04 路線_月份基準,0
第25列,S2b Fixedclimb 路線層級期限,太魯閣國家公園管理處 / c_id=34 羊頭山單攻,01 路線_入園前N天,3
第25列,S2b Fixedclimb 路線層級期限,太魯閣國家公園管理處 / c_id=34 羊頭山單攻,02 路線_天數基準,0
第25列,S2b Fixedclimb 路線層級期限,太魯閣國家公園管理處 / c_id=34 羊頭山單攻,03 路線_入園前N月,2
第25列,S2b Fixedclimb 路線層級期限,太魯閣國家公園管理處 / c_id=34 羊頭山單攻,04 路線_月份基準,0
第25列,S2b Fixedclimb 路線層級期限,太魯閣國家公園管理處 / c_id=35 清水山,01 路線_入園前N天,5
第25列,S2b Fixedclimb 路線層級期限,太魯閣國家公園管理處 / c_id=35 清水山,02 路線_天數基準,0
第25列,S2b Fixedclimb 路線層級期限,太魯閣國家公園管理處 / c_id=35 清水山,03 路線_入園前N月,2
第25列,S2b Fixedclimb 路線層級期限,太魯閣國家公園管理處 / c_id=35 清水山,04 路線_月份基準,0
第25列,S2b Fixedclimb 路線層級期限,太魯閣國家公園管理處 / c_id=55 其他（非傳統路線但進入區域屬生態保護區）,01 路線_入園前N天,5
第25列,S2b Fixedclimb 路線層級期限,太魯閣國家公園管理處 / c_id=55 其他（非傳統路線但進入區域屬生態保護區）,02 路線_天數基準,0
第25列,S2b Fixedclimb 路線層級期限,太魯閣國家公園管理處 / c_id=55 其他（非傳統路線但進入區域屬生態保護區）,03 路線_入園前N月,2
第25列,S2b Fixedclimb 路線層級期限,太魯閣國家公園管理處 / c_id=55 其他（非傳統路線但進入區域屬生態保護區）,04 路線_月份基準,0
第25列,S2b Fixedclimb 路線層級期限,太魯閣國家公園管理處 / c_id=661 其他路線_南湖大山線,01 路線_入園前N天,5
第25列,S2b Fixedclimb 路線層級期限,太魯閣國家公園管理處 / c_id=661 其他路線_南湖大山線,02 路線_天數基準,0
第25列,S2b Fixedclimb 路線層級期限,太魯閣國家公園管理處 / c_id=661 其他路線_南湖大山線,03 路線_入園前N月,2
第25列,S2b Fixedclimb 路線層級期限,太魯閣國家公園管理處 / c_id=661 其他路線_南湖大山線,04 路線_月份基準,0
第25列,S2b Fixedclimb 路線層級期限,太魯閣國家公園管理處 / c_id=662 其他路線_奇萊群峰,01 路線_入園前N天,5
第25列,S2b Fixedclimb 路線層級期限,太魯閣國家公園管理處 / c_id=662 其他路線_奇萊群峰,02 路線_天數基準,0
第25列,S2b Fixedclimb 路線層級期限,太魯閣國家公園管理處 / c_id=662 其他路線_奇萊群峰,03 路線_入園前N月,2
第25列,S2b Fixedclimb 路線層級期限,太魯閣國家公園管理處 / c_id=662 其他路線_奇萊群峰,04 路線_月份基準,0
第31列,S2f applylist 候補日期欄位,(查無機關),01 總筆數,1
第31列,S2f applylist 候補日期欄位,(查無機關),02 有候補通知日筆數,0
第31列,S2f applylist 候補日期欄位,(查無機關),03 有候補截止日筆數,0
第31列,S2f applylist 候補日期欄位,(查無機關),04 最早候補截止,NULL
第31列,S2f applylist 候補日期欄位,(查無機關),05 最晚候補截止,NULL
第31列,S2f applylist 候補日期欄位,太魯閣國家公園管理處,01 總筆數,350323
第31列,S2f applylist 候補日期欄位,太魯閣國家公園管理處,02 有候補通知日筆數,0
第31列,S2f applylist 候補日期欄位,太魯閣國家公園管理處,03 有候補截止日筆數,14165
第31列,S2f applylist 候補日期欄位,太魯閣國家公園管理處,04 最早候補截止,2015-12-17 14:41:13
第31列,S2f applylist 候補日期欄位,太魯閣國家公園管理處,05 最晚候補截止,2022-12-31 15:00:08
第31列,S2f applylist 候補日期欄位,玉山國家公園管理處,01 總筆數,711476
第31列,S2f applylist 候補日期欄位,玉山國家公園管理處,02 有候補通知日筆數,31744
第31列,S2f applylist 候補日期欄位,玉山國家公園管理處,03 有候補截止日筆數,0
第31列,S2f applylist 候補日期欄位,玉山國家公園管理處,04 最早候補截止,NULL
第31列,S2f applylist 候補日期欄位,玉山國家公園管理處,05 最晚候補截止,NULL
第31列,S2f applylist 候補日期欄位,自然保留區,01 總筆數,3
第31列,S2f applylist 候補日期欄位,自然保留區,02 有候補通知日筆數,0
第31列,S2f applylist 候補日期欄位,自然保留區,03 有候補截止日筆數,0
第31列,S2f applylist 候補日期欄位,自然保留區,04 最早候補截止,NULL
第31列,S2f applylist 候補日期欄位,自然保留區,05 最晚候補截止,NULL
第31列,S2f applylist 候補日期欄位,國家步道(山屋/營地),01 總筆數,11
第31列,S2f applylist 候補日期欄位,國家步道(山屋/營地),02 有候補通知日筆數,0
第31列,S2f applylist 候補日期欄位,國家步道(山屋/營地),03 有候補截止日筆數,0
第31列,S2f applylist 候補日期欄位,國家步道(山屋/營地),04 最早候補截止,NULL
第31列,S2f applylist 候補日期欄位,國家步道(山屋/營地),05 最晚候補截止,NULL
第31列,S2f applylist 候補日期欄位,雪霸國家公園管理處,01 總筆數,444645
第31列,S2f applylist 候補日期欄位,雪霸國家公園管理處,02 有候補通知日筆數,0
第31列,S2f applylist 候補日期欄位,雪霸國家公園管理處,03 有候補截止日筆數,0
第31列,S2f applylist 候補日期欄位,雪霸國家公園管理處,04 最早候補截止,NULL
第31列,S2f applylist 候補日期欄位,雪霸國家公園管理處,05 最晚候補截止,NULL
第31列,S2f applylist 候補日期欄位,警政署入山,01 總筆數,5
第31列,S2f applylist 候補日期欄位,警政署入山,02 有候補通知日筆數,0
第31列,S2f applylist 候補日期欄位,警政署入山,03 有候補截止日筆數,0
第31列,S2f applylist 候補日期欄位,警政署入山,04 最早候補截止,NULL
第31列,S2f applylist 候補日期欄位,警政署入山,05 最晚候補截止,NULL
"第4,5,29,31,69,70,74列",S2a RuleSet 其餘規則參數,內政部國家公園署,01 第二組_入園前N天,NULL
"第4,5,29,31,69,70,74列",S2a RuleSet 其餘規則參數,內政部國家公園署,02 第二組_天數基準,NULL
"第4,5,29,31,69,70,74列",S2a RuleSet 其餘規則參數,內政部國家公園署,03 第二組_入園前N月,NULL
"第4,5,29,31,69,70,74列",S2a RuleSet 其餘規則參數,內政部國家公園署,04 第二組_月份基準,NULL
"第4,5,29,31,69,70,74列",S2a RuleSet 其餘規則參數,內政部國家公園署,05 候補床位天數AlternateBedDays,NULL
"第4,5,29,31,69,70,74列",S2a RuleSet 其餘規則參數,內政部國家公園署,06 保留床位數bakroomnum,NULL
"第4,5,29,31,69,70,74列",S2a RuleSet 其餘規則參數,內政部國家公園署,07 保留營位數bakCampnum,NULL
"第4,5,29,31,69,70,74列",S2a RuleSet 其餘規則參數,內政部國家公園署,08 取消天數cancelday,NULL
"第4,5,29,31,69,70,74列",S2a RuleSet 其餘規則參數,內政部國家公園署,09 異動天數changeday,0
"第4,5,29,31,69,70,74列",S2a RuleSet 其餘規則參數,內政部國家公園署,10 everyday,NULL
"第4,5,29,31,69,70,74列",S2a RuleSet 其餘規則參數,內政部國家公園署,11 承載量型態loadingtype,NULL
"第4,5,29,31,69,70,74列",S2a RuleSet 其餘規則參數,內政部國家公園署,12 床位優先BedPriority,NULL
"第4,5,29,31,69,70,74列",S2a RuleSet 其餘規則參數,內政部國家公園署,13 人數檢查teamscountchk,NULL
"第4,5,29,31,69,70,74列",S2a RuleSet 其餘規則參數,內政部國家公園署,14 ParkWay,NULL
"第4,5,29,31,69,70,74列",S2a RuleSet 其餘規則參數,太魯閣國家公園管理處,01 第二組_入園前N天,0
"第4,5,29,31,69,70,74列",S2a RuleSet 其餘規則參數,太魯閣國家公園管理處,02 第二組_天數基準,0
"第4,5,29,31,69,70,74列",S2a RuleSet 其餘規則參數,太魯閣國家公園管理處,03 第二組_入園前N月,0
"第4,5,29,31,69,70,74列",S2a RuleSet 其餘規則參數,太魯閣國家公園管理處,04 第二組_月份基準,0
"第4,5,29,31,69,70,74列",S2a RuleSet 其餘規則參數,太魯閣國家公園管理處,05 候補床位天數AlternateBedDays,1
"第4,5,29,31,69,70,74列",S2a RuleSet 其餘規則參數,太魯閣國家公園管理處,06 保留床位數bakroomnum,0
"第4,5,29,31,69,70,74列",S2a RuleSet 其餘規則參數,太魯閣國家公園管理處,07 保留營位數bakCampnum,0
"第4,5,29,31,69,70,74列",S2a RuleSet 其餘規則參數,太魯閣國家公園管理處,08 取消天數cancelday,1
"第4,5,29,31,69,70,74列",S2a RuleSet 其餘規則參數,太魯閣國家公園管理處,09 異動天數changeday,0
"第4,5,29,31,69,70,74列",S2a RuleSet 其餘規則參數,太魯閣國家公園管理處,10 everyday,NULL
"第4,5,29,31,69,70,74列",S2a RuleSet 其餘規則參數,太魯閣國家公園管理處,11 承載量型態loadingtype,0
"第4,5,29,31,69,70,74列",S2a RuleSet 其餘規則參數,太魯閣國家公園管理處,12 床位優先BedPriority,1
"第4,5,29,31,69,70,74列",S2a RuleSet 其餘規則參數,太魯閣國家公園管理處,13 人數檢查teamscountchk,0
"第4,5,29,31,69,70,74列",S2a RuleSet 其餘規則參數,太魯閣國家公園管理處,14 ParkWay,0
"第4,5,29,31,69,70,74列",S2a RuleSet 其餘規則參數,玉山國家公園管理處,01 第二組_入園前N天,0
"第4,5,29,31,69,70,74列",S2a RuleSet 其餘規則參數,玉山國家公園管理處,02 第二組_天數基準,0
"第4,5,29,31,69,70,74列",S2a RuleSet 其餘規則參數,玉山國家公園管理處,03 第二組_入園前N月,0
"第4,5,29,31,69,70,74列",S2a RuleSet 其餘規則參數,玉山國家公園管理處,04 第二組_月份基準,0
"第4,5,29,31,69,70,74列",S2a RuleSet 其餘規則參數,玉山國家公園管理處,05 候補床位天數AlternateBedDays,0
"第4,5,29,31,69,70,74列",S2a RuleSet 其餘規則參數,玉山國家公園管理處,06 保留床位數bakroomnum,0
"第4,5,29,31,69,70,74列",S2a RuleSet 其餘規則參數,玉山國家公園管理處,07 保留營位數bakCampnum,0
"第4,5,29,31,69,70,74列",S2a RuleSet 其餘規則參數,玉山國家公園管理處,08 取消天數cancelday,0
"第4,5,29,31,69,70,74列",S2a RuleSet 其餘規則參數,玉山國家公園管理處,09 異動天數changeday,7
"第4,5,29,31,69,70,74列",S2a RuleSet 其餘規則參數,玉山國家公園管理處,10 everyday,NULL
"第4,5,29,31,69,70,74列",S2a RuleSet 其餘規則參數,玉山國家公園管理處,11 承載量型態loadingtype,1
"第4,5,29,31,69,70,74列",S2a RuleSet 其餘規則參數,玉山國家公園管理處,12 床位優先BedPriority,1
"第4,5,29,31,69,70,74列",S2a RuleSet 其餘規則參數,玉山國家公園管理處,13 人數檢查teamscountchk,0
"第4,5,29,31,69,70,74列",S2a RuleSet 其餘規則參數,玉山國家公園管理處,14 ParkWay,1
"第4,5,29,31,69,70,74列",S2a RuleSet 其餘規則參數,自然保留區,01 第二組_入園前N天,NULL
"第4,5,29,31,69,70,74列",S2a RuleSet 其餘規則參數,自然保留區,02 第二組_天數基準,NULL
"第4,5,29,31,69,70,74列",S2a RuleSet 其餘規則參數,自然保留區,03 第二組_入園前N月,NULL
"第4,5,29,31,69,70,74列",S2a RuleSet 其餘規則參數,自然保留區,04 第二組_月份基準,NULL
"第4,5,29,31,69,70,74列",S2a RuleSet 其餘規則參數,自然保留區,05 候補床位天數AlternateBedDays,NULL
"第4,5,29,31,69,70,74列",S2a RuleSet 其餘規則參數,自然保留區,06 保留床位數bakroomnum,0
"第4,5,29,31,69,70,74列",S2a RuleSet 其餘規則參數,自然保留區,07 保留營位數bakCampnum,0
"第4,5,29,31,69,70,74列",S2a RuleSet 其餘規則參數,自然保留區,08 取消天數cancelday,NULL
"第4,5,29,31,69,70,74列",S2a RuleSet 其餘規則參數,自然保留區,09 異動天數changeday,0
"第4,5,29,31,69,70,74列",S2a RuleSet 其餘規則參數,自然保留區,10 everyday,NULL
"第4,5,29,31,69,70,74列",S2a RuleSet 其餘規則參數,自然保留區,11 承載量型態loadingtype,NULL
"第4,5,29,31,69,70,74列",S2a RuleSet 其餘規則參數,自然保留區,12 床位優先BedPriority,NULL
"第4,5,29,31,69,70,74列",S2a RuleSet 其餘規則參數,自然保留區,13 人數檢查teamscountchk,NULL
"第4,5,29,31,69,70,74列",S2a RuleSet 其餘規則參數,自然保留區,14 ParkWay,NULL
"第4,5,29,31,69,70,74列",S2a RuleSet 其餘規則參數,自然保護區,01 第二組_入園前N天,NULL
"第4,5,29,31,69,70,74列",S2a RuleSet 其餘規則參數,自然保護區,02 第二組_天數基準,NULL
"第4,5,29,31,69,70,74列",S2a RuleSet 其餘規則參數,自然保護區,03 第二組_入園前N月,NULL
"第4,5,29,31,69,70,74列",S2a RuleSet 其餘規則參數,自然保護區,04 第二組_月份基準,NULL
"第4,5,29,31,69,70,74列",S2a RuleSet 其餘規則參數,自然保護區,05 候補床位天數AlternateBedDays,NULL
"第4,5,29,31,69,70,74列",S2a RuleSet 其餘規則參數,自然保護區,06 保留床位數bakroomnum,0
"第4,5,29,31,69,70,74列",S2a RuleSet 其餘規則參數,自然保護區,07 保留營位數bakCampnum,0
"第4,5,29,31,69,70,74列",S2a RuleSet 其餘規則參數,自然保護區,08 取消天數cancelday,NULL
"第4,5,29,31,69,70,74列",S2a RuleSet 其餘規則參數,自然保護區,09 異動天數changeday,0
"第4,5,29,31,69,70,74列",S2a RuleSet 其餘規則參數,自然保護區,10 everyday,NULL
"第4,5,29,31,69,70,74列",S2a RuleSet 其餘規則參數,自然保護區,11 承載量型態loadingtype,NULL
"第4,5,29,31,69,70,74列",S2a RuleSet 其餘規則參數,自然保護區,12 床位優先BedPriority,NULL
"第4,5,29,31,69,70,74列",S2a RuleSet 其餘規則參數,自然保護區,13 人數檢查teamscountchk,NULL
"第4,5,29,31,69,70,74列",S2a RuleSet 其餘規則參數,自然保護區,14 ParkWay,NULL
"第4,5,29,31,69,70,74列",S2a RuleSet 其餘規則參數,國家步道(山屋/營地),01 第二組_入園前N天,NULL
"第4,5,29,31,69,70,74列",S2a RuleSet 其餘規則參數,國家步道(山屋/營地),02 第二組_天數基準,NULL
"第4,5,29,31,69,70,74列",S2a RuleSet 其餘規則參數,國家步道(山屋/營地),03 第二組_入園前N月,NULL
"第4,5,29,31,69,70,74列",S2a RuleSet 其餘規則參數,國家步道(山屋/營地),04 第二組_月份基準,NULL
"第4,5,29,31,69,70,74列",S2a RuleSet 其餘規則參數,國家步道(山屋/營地),05 候補床位天數AlternateBedDays,NULL
"第4,5,29,31,69,70,74列",S2a RuleSet 其餘規則參數,國家步道(山屋/營地),06 保留床位數bakroomnum,0
"第4,5,29,31,69,70,74列",S2a RuleSet 其餘規則參數,國家步道(山屋/營地),07 保留營位數bakCampnum,0
"第4,5,29,31,69,70,74列",S2a RuleSet 其餘規則參數,國家步道(山屋/營地),08 取消天數cancelday,NULL
"第4,5,29,31,69,70,74列",S2a RuleSet 其餘規則參數,國家步道(山屋/營地),09 異動天數changeday,0
"第4,5,29,31,69,70,74列",S2a RuleSet 其餘規則參數,國家步道(山屋/營地),10 everyday,NULL
"第4,5,29,31,69,70,74列",S2a RuleSet 其餘規則參數,國家步道(山屋/營地),11 承載量型態loadingtype,NULL
"第4,5,29,31,69,70,74列",S2a RuleSet 其餘規則參數,國家步道(山屋/營地),12 床位優先BedPriority,NULL
"第4,5,29,31,69,70,74列",S2a RuleSet 其餘規則參數,國家步道(山屋/營地),13 人數檢查teamscountchk,NULL
"第4,5,29,31,69,70,74列",S2a RuleSet 其餘規則參數,國家步道(山屋/營地),14 ParkWay,NULL
"第4,5,29,31,69,70,74列",S2a RuleSet 其餘規則參數,野生動物保護區,01 第二組_入園前N天,NULL
"第4,5,29,31,69,70,74列",S2a RuleSet 其餘規則參數,野生動物保護區,02 第二組_天數基準,NULL
"第4,5,29,31,69,70,74列",S2a RuleSet 其餘規則參數,野生動物保護區,03 第二組_入園前N月,NULL
"第4,5,29,31,69,70,74列",S2a RuleSet 其餘規則參數,野生動物保護區,04 第二組_月份基準,NULL
"第4,5,29,31,69,70,74列",S2a RuleSet 其餘規則參數,野生動物保護區,05 候補床位天數AlternateBedDays,NULL
"第4,5,29,31,69,70,74列",S2a RuleSet 其餘規則參數,野生動物保護區,06 保留床位數bakroomnum,0
"第4,5,29,31,69,70,74列",S2a RuleSet 其餘規則參數,野生動物保護區,07 保留營位數bakCampnum,0
"第4,5,29,31,69,70,74列",S2a RuleSet 其餘規則參數,野生動物保護區,08 取消天數cancelday,NULL
"第4,5,29,31,69,70,74列",S2a RuleSet 其餘規則參數,野生動物保護區,09 異動天數changeday,0
"第4,5,29,31,69,70,74列",S2a RuleSet 其餘規則參數,野生動物保護區,10 everyday,NULL
"第4,5,29,31,69,70,74列",S2a RuleSet 其餘規則參數,野生動物保護區,11 承載量型態loadingtype,NULL
"第4,5,29,31,69,70,74列",S2a RuleSet 其餘規則參數,野生動物保護區,12 床位優先BedPriority,NULL
"第4,5,29,31,69,70,74列",S2a RuleSet 其餘規則參數,野生動物保護區,13 人數檢查teamscountchk,NULL
"第4,5,29,31,69,70,74列",S2a RuleSet 其餘規則參數,野生動物保護區,14 ParkWay,NULL
"第4,5,29,31,69,70,74列",S2a RuleSet 其餘規則參數,雪霸國家公園管理處,01 第二組_入園前N天,0
"第4,5,29,31,69,70,74列",S2a RuleSet 其餘規則參數,雪霸國家公園管理處,02 第二組_天數基準,0
"第4,5,29,31,69,70,74列",S2a RuleSet 其餘規則參數,雪霸國家公園管理處,03 第二組_入園前N月,0
"第4,5,29,31,69,70,74列",S2a RuleSet 其餘規則參數,雪霸國家公園管理處,04 第二組_月份基準,0
"第4,5,29,31,69,70,74列",S2a RuleSet 其餘規則參數,雪霸國家公園管理處,05 候補床位天數AlternateBedDays,5
"第4,5,29,31,69,70,74列",S2a RuleSet 其餘規則參數,雪霸國家公園管理處,06 保留床位數bakroomnum,50
"第4,5,29,31,69,70,74列",S2a RuleSet 其餘規則參數,雪霸國家公園管理處,07 保留營位數bakCampnum,12
"第4,5,29,31,69,70,74列",S2a RuleSet 其餘規則參數,雪霸國家公園管理處,08 取消天數cancelday,5
"第4,5,29,31,69,70,74列",S2a RuleSet 其餘規則參數,雪霸國家公園管理處,09 異動天數changeday,0
"第4,5,29,31,69,70,74列",S2a RuleSet 其餘規則參數,雪霸國家公園管理處,10 everyday,5
"第4,5,29,31,69,70,74列",S2a RuleSet 其餘規則參數,雪霸國家公園管理處,11 承載量型態loadingtype,1
"第4,5,29,31,69,70,74列",S2a RuleSet 其餘規則參數,雪霸國家公園管理處,12 床位優先BedPriority,1
"第4,5,29,31,69,70,74列",S2a RuleSet 其餘規則參數,雪霸國家公園管理處,13 人數檢查teamscountchk,0
"第4,5,29,31,69,70,74列",S2a RuleSet 其餘規則參數,雪霸國家公園管理處,14 ParkWay,1
"第4,5,29,31,69,70,74列",S2a RuleSet 其餘規則參數,警政署入山,01 第二組_入園前N天,NULL
"第4,5,29,31,69,70,74列",S2a RuleSet 其餘規則參數,警政署入山,02 第二組_天數基準,NULL
"第4,5,29,31,69,70,74列",S2a RuleSet 其餘規則參數,警政署入山,03 第二組_入園前N月,NULL
"第4,5,29,31,69,70,74列",S2a RuleSet 其餘規則參數,警政署入山,04 第二組_月份基準,NULL
"第4,5,29,31,69,70,74列",S2a RuleSet 其餘規則參數,警政署入山,05 候補床位天數AlternateBedDays,NULL
"第4,5,29,31,69,70,74列",S2a RuleSet 其餘規則參數,警政署入山,06 保留床位數bakroomnum,0
"第4,5,29,31,69,70,74列",S2a RuleSet 其餘規則參數,警政署入山,07 保留營位數bakCampnum,0
"第4,5,29,31,69,70,74列",S2a RuleSet 其餘規則參數,警政署入山,08 取消天數cancelday,NULL
"第4,5,29,31,69,70,74列",S2a RuleSet 其餘規則參數,警政署入山,09 異動天數changeday,0
"第4,5,29,31,69,70,74列",S2a RuleSet 其餘規則參數,警政署入山,10 everyday,NULL
"第4,5,29,31,69,70,74列",S2a RuleSet 其餘規則參數,警政署入山,11 承載量型態loadingtype,NULL
"第4,5,29,31,69,70,74列",S2a RuleSet 其餘規則參數,警政署入山,12 床位優先BedPriority,NULL
"第4,5,29,31,69,70,74列",S2a RuleSet 其餘規則參數,警政署入山,13 人數檢查teamscountchk,NULL
"第4,5,29,31,69,70,74列",S2a RuleSet 其餘規則參數,警政署入山,14 ParkWay,NULL
第56列,S2e applylist 外籍提前次數旗標,(查無機關),ForeignManyTime=( 筆數,1
第56列,S2e applylist 外籍提前次數旗標,太魯閣國家公園管理處,ForeignManyTime=( 筆數,350323
第56列,S2e applylist 外籍提前次數旗標,玉山國家公園管理處,ForeignManyTime=  筆數,2
第56列,S2e applylist 外籍提前次數旗標,玉山國家公園管理處,ForeignManyTime=( 筆數,711474
第56列,S2e applylist 外籍提前次數旗標,自然保留區,ForeignManyTime=( 筆數,3
第56列,S2e applylist 外籍提前次數旗標,國家步道(山屋/營地),ForeignManyTime=( 筆數,11
第56列,S2e applylist 外籍提前次數旗標,雪霸國家公園管理處,ForeignManyTime=  筆數,1
第56列,S2e applylist 外籍提前次數旗標,雪霸國家公園管理處,ForeignManyTime=( 筆數,444644
第56列,S2e applylist 外籍提前次數旗標,警政署入山,ForeignManyTime=( 筆數,5
第70列,S2d applylist 領隊異動次數,(查無機關),changeleadercount=0 筆數,1
第70列,S2d applylist 領隊異動次數,太魯閣國家公園管理處,changeleadercount=0 筆數,349744
第70列,S2d applylist 領隊異動次數,太魯閣國家公園管理處,changeleadercount=1 筆數,579
第70列,S2d applylist 領隊異動次數,玉山國家公園管理處,changeleadercount=0 筆數,711476
第70列,S2d applylist 領隊異動次數,自然保留區,changeleadercount=0 筆數,3
第70列,S2d applylist 領隊異動次數,國家步道(山屋/營地),changeleadercount=0 筆數,11
第70列,S2d applylist 領隊異動次數,雪霸國家公園管理處,changeleadercount=0 筆數,443309
第70列,S2d applylist 領隊異動次數,雪霸國家公園管理處,changeleadercount=1 筆數,1336
第70列,S2d applylist 領隊異動次數,警政署入山,changeleadercount=0 筆數,5
