PK,表格名稱,欄位名稱,中文名稱,資料型別,長度,預設值,允許空值
,___filesSizeCount,id,,bigint,,,
,___filesSizeCount,filesize,,float,,,V
,___filesSizeCount,f_id,,bigint,,,V
,___filesSizeCount,iscompose,1是合併0未合併,int,,((0)),V
PK,AdmInMountain,AI_ID,,bigint,,,
,AdmInMountain,A_ID,,bigint,,,V
,AdmInMountain,GUID,,nvarchar,100,,V
,AdmInMountain,CRTDATE,,datetime,,(getdate()),V
,AdmInMountain,CRTUSR,,nvarchar,50,,V
,APPCHGSER,AS_ID,,bigint,,,
,APPCHGSER,A_ID,,bigint,,,V
,APPCHGSER,OLD,,nvarchar,20,,V
,APPCHGSER,NEW,,nvarchar,20,,V
,APPCHGSER,CRTDATE,,datetime,,,V
,APPCHGSER,CHK,,int,,((0)),V
PK,apply_cancellog,id,主索引,int,,,
,apply_cancellog,sid,身份證號,varchar,50,,V
,apply_cancellog,name,姓名,nvarchar,100,,V
,apply_cancellog,serial,申請序號,varchar,50,,V
,apply_cancellog,apply_start,入園日起,date,,,V
,apply_cancellog,apply_end,入園日迄,date,,,V
,apply_cancellog,frontend,前台或後台,nvarchar,50,,V
,apply_cancellog,createtime,取消時間,datetime,,,V
,apply_cancellog,ip,ip,varchar,50,,V
,apply_cancellog,orgid,單位,uniqueidentifier,,,V
PK,apply_email,m_id,自動編號,int,,,
,apply_email,a_id,入園申請主索引,int,,,V
,apply_email,subject,標題,nvarchar,1000,,V
,apply_email,content,內容,ntext,,,V
,apply_email,send_apply,申請人寄送,int,,,V
,apply_email,send_leader,領隊寄送,int,,,V
,apply_email,send_stay,留守人寄送,int,,,V
,apply_email,send_climb,入園人寄送,int,,,V
,apply_email,sendtime,寄送時間,datetime,,,V
,apply_email,sid,個人異動身份證號,nvarchar,200,,V
,apply_email,CC,,nvarchar,1000,,V
,apply_email,BCC,,nvarchar,1000,,V
,apply_email,file01,,nvarchar,50,,V
,apply_email,file02,,nvarchar,50,,V
,apply_email,file03,,nvarchar,50,,V
,apply_email,file04,,nvarchar,50,,V
,apply_email,file05,,nvarchar,50,,V
,apply_email,Encry_a_id,加密資料,nvarchar,MAX,,V
PK,apply_foreign_closedate,id,,int,,,
,apply_foreign_closedate,closedate,,date,,,V
PK,apply_inserr,L_ID,,bigint,,,
,apply_inserr,A_ID,,bigint,,,V
,apply_inserr,COLNUMS,,nvarchar,500,,V
,apply_inserr,ERRDATA,,nvarchar,1000,,V
,apply_inserr,STATUS,,int,,((0)),V
,apply_inserr,CRTDATE,,datetime,,(getdate()),V
PK,apply_log,id,主索引值,int,,,
,apply_log,a_id,關連applylist資料表a_id,int,,,V
,apply_log,action,動作,nvarchar,2500,,V
,apply_log,ip,ip位址,nvarchar,50,,V
,apply_log,triggerdate,觸發時間,datetime,,,V
,apply_log,userid,執行者,nvarchar,100,,V
,apply_log,logtxt,額外資訊,ntext,,,V
,apply_log,short_action,,nvarchar,200,,V
,apply_log_20220525,id,,int,,,
,apply_log_20220525,a_id,,int,,,V
,apply_log_20220525,action,,nvarchar,2500,,V
,apply_log_20220525,ip,,nvarchar,50,,V
,apply_log_20220525,triggerdate,,datetime,,,V
,apply_log_20220525,userid,,nvarchar,100,,V
,apply_log_20220525,logtxt,,ntext,,,V
,apply_log_20220525,short_action,,nvarchar,200,,V
PK,apply_log_yushan,id,,int,,,
,apply_log_yushan,a_id,,int,,,V
,apply_log_yushan,action,,nvarchar,2500,,V
,apply_log_yushan,ip,,nvarchar,50,,V
,apply_log_yushan,triggerdate,,datetime,,,V
,apply_log_yushan,userid,,nvarchar,100,,V
,apply_log_yushan,logtxt,,ntext,,,V
,apply_log_yushan,short_action,,nvarchar,200,,V
PK,apply_roomschedule,id,,int,,,
,apply_roomschedule,node_id,,int,,,V
,apply_roomschedule,hour,,int,,,V
,apply_roomschedule,roomdate,,date,,,V
,apply_roomschedule,sdate,,date,,,V
,apply_roomschedule,s1,,int,,,V
,apply_roomschedule,s2,,int,,,V
,apply_roomschedule,s3,,int,,,V
,apply_roomschedule,s4,,int,,,V
,apply_roomschedule,s5,,int,,,V
,apply_roomschedule,s6,,int,,,V
,apply_roomschedule,total,,int,,,V
PK,apply_schedule,s_id,自動編號,int,,,
,apply_schedule,a_id,申請入園編號,int,,,V
,apply_schedule,climbdate,入園行程日期,date,,,V
,apply_schedule,daynum,第幾天,int,,,V
,apply_schedule,schedule,行程路線,nvarchar,MAX,,V
,apply_schedule,ccDate,,datetime,,(getdate()),V
,apply_schedule,arrival_times,,varchar,500,,V
,apply_schedule,schedule_name,行程路線名稱,nvarchar,MAX,,V
PK,apply_schedule_bak,s_id,自動編號,int,,,
,apply_schedule_bak,a_id,申請入園編號,int,,,V
,apply_schedule_bak,climbdate,入園行程日期,date,,,V
,apply_schedule_bak,daynum,第幾天,int,,,V
,apply_schedule_bak,schedule,行程路線,nvarchar,MAX,,V
,apply_schedule_bak,arrival_times,,varchar,500,,V
,apply_schedule_bak,schedule_name,行程路線名稱,nvarchar,MAX,,V
PK,apply_sms,m_id,自動編號,int,,,
,apply_sms,a_id,入園申請主索引,int,,,V
,apply_sms,subject,標題,nvarchar,1000,,V
,apply_sms,content,內容,ntext,,,V
,apply_sms,send_apply,申請人寄送,int,,,V
,apply_sms,send_leader,領隊寄送,int,,,V
,apply_sms,send_stay,留守人寄送,int,,,V
,apply_sms,send_climb,入園人寄送,int,,,V
,apply_sms,sendtime,寄送時間,datetime,,,V
,apply_sms,sid,個人異動身份證號,nvarchar,200,,V
,apply_sms,sendtel,,nvarchar,1000,,V
,apply_sms,create_user,,nvarchar,100,,V
,apply_spnpbaklog,spnpbakday,雪霸候補執行日期,date,,,V
,apply_spnpbaklog,starttime,雪霸候補執行開始時間,datetime,,,V
,apply_spnpbaklog,endtime,雪霸候補執行結束時間,datetime,,,V
PK,apply_teams,m_id,系統編號,int,,,
,apply_teams,a_id,入園申請編號,int,,,V
,apply_teams,pnum,隊員序號,int,,,V
,apply_teams,member_nation,國家別  本國0 外國1,nvarchar,200,,V
,apply_teams,member_nationid,外國國家(對應到Nation資料表id),int,,,V
,apply_teams,member_name,隊員名稱,nvarchar,200,,V
,apply_teams,member_tel,隊員電話,nvarchar,500,,V
,apply_teams,member_mobile,隊員手機,nvarchar,50,,V
,apply_teams,member_email,隊員電子郵件,nvarchar,200,,V
,apply_teams,member_sid,隊員身份證號,nvarchar,50,,V
,apply_teams,member_sex,隊員性別,nvarchar,50,,V
,apply_teams,member_birthday,隊員生日,date,,,V
,apply_teams,member_contactname,隊員緊急聯絡人,nvarchar,200,,V
,apply_teams,member_contacttel,隊員緊急聯絡電話,nvarchar,500,,V
,apply_teams,member_country,隊員居住城市,nvarchar,50,,V
,apply_teams,member_city,隊員居住鄉鎮,nvarchar,50,,V
,apply_teams,member_addr,隊員居住地址,nvarchar,200,,V
,apply_teams,leader,是否為領隊(0否1是),int,,,V
,apply_teams,sign,是否實際入園,bit,,,V
,apply_teams,noinreason,未入園原因,nvarchar,200,,V
,apply_teams,adddoc_date,家長同意書寄件日期,date,,,V
,apply_teams,member_student,是否為學生,varchar,3,,V
,apply_teams,member_contactact_tel,緊急連絡資訊,nvarchar,50,,V
,apply_teams,signout,是否實際入園,int,,,V
,apply_teams,nooutreason,未入園原因,nvarchar,200,,V
,apply_teams,treachtime,查核報到時間,datetime,,,V
,apply_teams,tservolname,查核人員,nvarchar,50,,V
,apply_teams,signouttime,離園通報時間,datetime,,,V
,apply_teams,member_nationidtext,,nvarchar,500,,V
,apply_teams,parentwith,家長同行，無須上傳家長同意書,int,,((0)),V
,apply_teams,yuchkin,(玉管處報到來源)0:未報到；1:自助報到；2:排雲登山服務中心；3:排雲山莊;4:補報到,int,,((0)),V
,apply_teams,InTem,,float,,,V
,apply_teams,OutTem,,float,,,V
,apply_teams,ccDate,,datetime,,(getdate()),V
,apply_teams,NoIn,,int,,,V
,apply_teams,member_checkstatus," 查核狀態 0 未查核  1 已到 2 未到 ",int,,((0)),V
,apply_teams,member_checkdate,查核日期,datetime,,,V
,apply_teams,member_checkmain,查核說明,nvarchar,300,,V
,apply_teams,applylist_checkCrdate,查核回寫日期,datetime,,,V
PK,apply_teams_bak,m_id,系統編號,int,,,
,apply_teams_bak,a_id,入園申請編號,int,,,V
,apply_teams_bak,pnum,隊員序號,int,,,V
,apply_teams_bak,member_nation,國家別  本國0 外國1,nvarchar,200,,V
,apply_teams_bak,member_nationid,外國國家(對應到Nation資料表id),int,,,V
,apply_teams_bak,member_name,隊員名稱,nvarchar,200,,V
,apply_teams_bak,member_tel,隊員電話,nvarchar,50,,V
,apply_teams_bak,member_mobile,隊員手機,nvarchar,50,,V
,apply_teams_bak,member_email,隊員電子郵件,nvarchar,200,,V
,apply_teams_bak,member_sid,隊員身份證號,nvarchar,50,,V
,apply_teams_bak,member_sex,隊員性別,nvarchar,50,,V
,apply_teams_bak,member_birthday,隊員生日,date,,,V
,apply_teams_bak,member_contactname,隊員緊急聯絡人,nvarchar,200,,V
,apply_teams_bak,member_contacttel,隊員緊急聯絡電話,nvarchar,50,,V
,apply_teams_bak,member_country,隊員居住城市,nvarchar,50,,V
,apply_teams_bak,member_city,隊員居住鄉鎮,nvarchar,50,,V
,apply_teams_bak,member_addr,隊員居住地址,nvarchar,200,,V
,apply_teams_bak,leader,是否為領隊(0否1是),int,,,V
,apply_teams_bak,sign,是否到,bit,,,V
,apply_teams_bak,noinreason,,nvarchar,200,,V
,apply_teams_bak,member_student,,varchar,3,,V
,apply_teams_bak,member_contactact_tel,,nvarchar,50,,V
,apply_teams_bak,parentwith,家長同行，無須上傳家長同意書,int,,((0)),V
,apply_teams_for,ft_id,,int,,,
,apply_teams_for,m_id,系統編號,int,,,
,apply_teams_for,a_id,入園申請編號,int,,,V
,apply_teams_for,pnum,隊員序號,int,,,V
,apply_teams_for,member_nation,國家別  本國0 外國1,nvarchar,200,,V
,apply_teams_for,member_nationid,外國國家(對應到Nation資料表id),int,,,V
,apply_teams_for,member_name,隊員名稱,nvarchar,200,,V
,apply_teams_for,member_tel,隊員電話,nvarchar,500,,V
,apply_teams_for,member_mobile,隊員手機,nvarchar,50,,V
,apply_teams_for,member_email,隊員電子郵件,nvarchar,200,,V
,apply_teams_for,member_sid,隊員身份證號,nvarchar,50,,V
,apply_teams_for,member_sex,隊員性別,nvarchar,50,,V
,apply_teams_for,member_birthday,隊員生日,date,,,V
,apply_teams_for,member_contactname,隊員緊急聯絡人,nvarchar,200,,V
,apply_teams_for,member_contacttel,隊員緊急聯絡電話,nvarchar,500,,V
,apply_teams_for,member_country,隊員居住城市,nvarchar,50,,V
,apply_teams_for,member_city,隊員居住鄉鎮,nvarchar,50,,V
,apply_teams_for,member_addr,隊員居住地址,nvarchar,200,,V
,apply_teams_for,leader,是否為領隊(0否1是),int,,,V
PK,apply_vpitem,i_id,系統編號,int,,,
,apply_vpitem,v_id,違規名單序號,int,,,V
,apply_vpitem,OrgID,單位,uniqueidentifier,,,V
,apply_vpitem,irrType,違規類別,nvarchar,50,,V
,apply_vpitem,irrItem,違規原因,int,,,V
,apply_vpitem,irrDate,違規日期,date,,,V
,apply_vpitem,irrDesc,違規備註,ntext,,,V
,apply_vpitem,irrPoint,違規點數,int,,,V
,apply_vpitem,a_serial,,nvarchar,50,,V
,apply_vpitem,teams_name,,nvarchar,100,,V
,apply_vpitem,apply_date,申請進入日期,date,,,V
,apply_vpitem,apply_outdate,申請離園日期,date,,,V
,apply_vpitem,status,入園進度,int,,,V
,apply_vpitem,climblinetype,路線別(0固定，1自訂),int,,,V
,apply_vpitem,climblineid,路線別主索引,int,,,V
,apply_vpitem,Violation_id,,int,,,V
,apply_vplist,v_id,系統編號,int,,,
,apply_vplist,m_id,,int,,,V
,apply_vplist,a_id,入園申請編號,int,,,V
,apply_vplist,pnum,隊員序號(0為領隊),int,,,V
,apply_vplist,member_name,隊員名稱,nvarchar,200,,V
,apply_vplist,member_tel,隊員電話,nvarchar,50,,V
,apply_vplist,member_mobile,隊員手機,nvarchar,50,,V
,apply_vplist,member_email,隊員電子郵件,nvarchar,200,,V
,apply_vplist,member_sid,隊員身份證號,nvarchar,50,,V
,apply_vplist,member_birthday,隊員生日,date,,,V
,apply_vplist,member_country,隊員居住城市,nvarchar,50,,V
,apply_vplist,member_city,隊員居住鄉鎮,nvarchar,50,,V
,apply_vplist,member_addr,隊員居住地址,nvarchar,200,,V
,ApplyBanTime,beginHour,時(起),int,,,V
,ApplyBanTime,beginTime,分(起),int,,,V
,ApplyBanTime,endHour,時(迄),int,,,V
,ApplyBanTime,endTime,分(迄),int,,,V
,ApplyBanTimeMuti,abt_id,,bigint,,,
,ApplyBanTimeMuti,drawdate,,date,,,V
,ApplyBanTimeMuti,beginHour,時(起),int,,,V
,ApplyBanTimeMuti,beginTime,分(起),int,,,V
,ApplyBanTimeMuti,endHour,時(迄),int,,,V
,ApplyBanTimeMuti,endTime,分(迄),int,,,V
,ApplyBanTimeMuti,livedate,,date,,,V
,applybooking_view,b_id,,int,,,
,applybooking_view,node_id,,int,,,V
,applybooking_view,a_id,,int,,,V
,applybooking_view,booking_date,,date,,,V
,applybooking_view,bookingnum,,int,,,V
,applybooking_view,bookingnumok,,int,,,V
,applybooking_view,bookserial,,nvarchar,100,,V
,applybooking_view,chk,,int,,,V
,applybooking_view,status,,int,,,V
,applybooking_view,climblinetype,,int,,,V
,applybooking_view,climblineid,,int,,,V
,applybooking_view,serial,,nvarchar,50,,V
,applybooking_view,apply_date,,date,,,V
,applybooking_view,apply_outdate,,date,,,V
,applybooking_view,sumday,,int,,,V
,applybooking_view,teams_name,,nvarchar,200,,V
,applybooking_view,teams_count,,int,,,V
,applybooking_view,leader_name,,nvarchar,200,,V
,applybooking_view,CreateDate,,datetime,,,V
,applybooking_view,OrgID,,uniqueidentifier,,,V
,applybooking_view,camp4,,int,,,V
,applybooking_view,camp2,,int,,,V
PK,applylist,a_id,系統編號,int,,,
,applylist,serial,隊伍識別碼,nvarchar,50,,V
,applylist,leader_name,領隊姓名,nvarchar,200,,V
,applylist,leader_nation,領隊國籍,nvarchar,200,,V
,applylist,leader_nationid,領隊外國id,int,,,V
,applylist,leader_tel,領隊電話,nvarchar,50,,V
,applylist,leader_mobile,領隊手機,nvarchar,50,,V
,applylist,leader_fax,領隊傳真,nvarchar,50,,V
,applylist,leader_email,領隊電子郵件,nvarchar,200,,V
,applylist,leader_sid,領隊身份證號,nvarchar,50,,V
,applylist,leader_sex,領隊性別,nvarchar,50,,V
,applylist,leader_birthday,領隊生日,date,,,V
,applylist,leader_contactname,領隊緊急聯絡人,nvarchar,200,,V
,applylist,leader_contacttel,領隊緊急聯絡電話,nvarchar,50,,V
,applylist,leader_country,領隊居住城市,nvarchar,50,,V
,applylist,leader_city,領隊居住鄉鎮,nvarchar,50,,V
,applylist,leader_addr,領隊居住地址,nvarchar,200,,V
,applylist,stay_name,居留人姓名,nvarchar,200,,V
,applylist,stay_tel,居留人電話,nvarchar,50,,V
,applylist,stay_mobile,居留人手機,nvarchar,50,,V
,applylist,stay_fax,居留人傳真,nvarchar,50,,V
,applylist,stay_email,居留人電子郵件,nvarchar,200,,V
,applylist,stay_nation,留守人國籍,nvarchar,200,,V
,applylist,stay_nationid,留守人外國id,int,,,V
,applylist,stay_sid,留守人身份證號,nvarchar,50,,V
,applylist,stay_birthday,留守人生日,date,,,V
,applylist,satellitephone,衛星電話,nvarchar,50,,V
,applylist,frequency,無線電頻,nvarchar,50,,V
,applylist,apply_name,申請人姓名,nvarchar,200,,V
,applylist,apply_nation,申請人國籍,nvarchar,200,,V
,applylist,apply_nationid,申請人國籍,int,,,V
,applylist,apply_tel,申請人外國id,nvarchar,50,,V
,applylist,apply_mobile,申請人手機,nvarchar,50,,V
,applylist,apply_fax,申請人傳真,nvarchar,50,,V
,applylist,apply_email,申請人電子郵件,nvarchar,50,,V
,applylist,apply_sid,申請人身份證號,nvarchar,50,,V
,applylist,apply_sex,申請人性別,nvarchar,50,,V
,applylist,apply_birthday,申請人生日,date,,,V
,applylist,apply_contactname,申請人緊急聯絡人,nvarchar,200,,V
,applylist,apply_contacttel,申請人緊急聯絡電話,nvarchar,50,,V
,applylist,apply_country,申請人居住城市,nvarchar,50,,V
,applylist,apply_city,申請人居住鄉鎮,nvarchar,50,,V
,applylist,apply_addr,申請人居住地址,nvarchar,200,,V
,applylist,teams_name,隊伍名稱,nvarchar,200,,V
,applylist,teams_count,申請隊員人數,int,,,V
,applylist,apply_date,申請進入日期,date,,,V
,applylist,apply_outdate,申請離園日期,date,,,V
,applylist,sumday,申請總共天數,int,,,V
,applylist,member_keytype,會員自行登打資料,int,,((0)),V
,applylist,status,"入園進度(0待處理,1補件,2書件通過,3宿營地不足,4已通過,5退件,6待抽籤,7路線承載量不足後補,8取消)",int,,,V
,applylist,police,警證署串接,int,,((0)),V
,applylist,project,入園性質,int,,,V
,applylist,scplan,行程計畫,ntext,,,V
,applylist,environment,環境維護,ntext,,,V
,applylist,emergency,緊急災難處理,ntext,,,V
,applylist,bookdelnum,取消總人數,int,,((0)),V
,applylist,OrgID,國家公園代碼,uniqueidentifier,,,V
,applylist,CreateDate,建立日期,datetime,,(getdate()),V
,applylist,Filename,檔案儲存名稱,ntext,,,V
,applylist,text_fname,檔案名稱,ntext,,,V
,applylist,FileDescription,檔案描述,ntext,,,V
,applylist,climblinetype,路線別(0固定，1自訂),int,,,V
,applylist,climblineid,路線別主索引,int,,,V
,applylist,act_teams_count,實際入園人數,int,,,V
,applylist,contact_sit,最新聯絡狀況(NPCode：contact_sit),varchar,2,(''),V
,applylist,helpitem,協助事項,nvarchar,1000,,V
,applylist,act_descript,颱風期間管理功能   備註,nvarchar,1000,,V
,applylist,seminar,網路線上學習　團體自行辦理講習(0無1有),int,,,V
,applylist,gps,是否攜帶GPS及可供緊急聯絡之通信設備(0無1有),int,,,V
,applylist,highlinebook,有條件登山路線請再增加勾選已閱讀相對應之聲明書(0否1是),int,,,V
,applylist,actindate,實際入園日期,datetime,,,V
,applylist,servolname,服務志工姓名,nvarchar,50,,V
,applylist,note_sys,管理者備註,ntext,,,V
,applylist,note_user,使用者查詢備註,ntext,,,V
,applylist,userupdate,,datetime,,,V
,applylist,ballot,(0未參與抽籤，1參與抽籤),int,,((0)),V
,applylist,Modify_apply,申請人修改,int,,((0)),V
,applylist,Modify_stay,留守人修改,int,,((0)),V
,applylist,Modify_leader,領隊修改,int,,((0)),V
,applylist,Modify_schedule,路線行程規劃修改,int,,((0)),V
,applylist,Modify_applyTeam,入園人員修改,int,,((0)),V
,applylist,firstinstanceopinion,初審意見,nvarchar,1000,,V
,applylist,returnreason,退件原因,nvarchar,1000,,V
,applylist,nextinstanceopinion,複審意見,nvarchar,1000,,V
,applylist,beforestatus,上次的進度,int,,,V
,applylist,docaddenable,是否完成補件,int,,,V
,applylist,paymentenable,是否完成補件,int,,,V
,applylist,climbinsuresafety,是否投保登山保險,int,,,V
,applylist,grid,草稿索引,nvarchar,50,,V
,applylist,count_bed,候補次數,int,,((0)),V
,applylist,ballotday,最後抽籤日期,datetime,,,V
,applylist,adddocday,前台補件日期,datetime,,,V
,applylist,team_desc1,隊伍說明-外籍提前申請(待審，勿預訂機票),varchar,1,,V
,applylist,team_desc2,隊伍說明-外籍提前參加抽籤,varchar,1,,V
,applylist,team_desc3,隊伍說明-外籍提前請減人或參加抽籤,varchar,1,,V
,applylist,team_desc4,隊伍說明-請傳護照影本以供審查,varchar,1,,V
,applylist,team_desc5,隊伍說明-縮短行程,varchar,1,,V
,applylist,team_desc6,隊伍說明-本處活動,varchar,1,,V
,applylist,team_desc7,隊伍說明-排雲站繳費,varchar,1,,V
,applylist,org_pkid,原始案件ID,nvarchar,50,,V
,applylist,org_caseno,原始申請編號,nvarchar,50,,V
,applylist,team_check1,隊伍確認事項-確認已於申請前詳閱並明瞭「攀登玉山主（西）峰單日往返注意事項」,varchar,1,,V
,applylist,team_check2,隊伍確認事項-確認已於申請前詳閱並明瞭「圓峰宿營地申請注意事項」,varchar,1,,V
,applylist,team_check3,隊伍確認事項-確認已於申請前詳閱並明瞭「攀登玉山園區開放登山路線(須具長程縱走登山經驗)注意事項」,varchar,1,,V
,applylist,team_check4,隊伍確認事項-確認已於申請前詳閱並明瞭「雪季期間攀登玉山園區登山路線注意事項」,varchar,1,,V
,applylist,team_check5,隊伍確認事項-確認已於申請前詳閱並明瞭「雪季期間雪地訓練攀登玉山主（群）峰線注意事項」,varchar,1,,V
,applylist,team_check6,隊伍確認事項-已完成相關檔案上傳,varchar,1,,V
,applylist,team_check7,隊伍確認事項-已完成繳費(使用線上繳費；請到「帳款作業>宿營地規費管理」確認),varchar,1,,V
,applylist,copy_id,複製新案來源id,int,,,V
,applylist,reviewopinion,排隊預約審查意見,nvarchar,1000,,V
,applylist,enparklic,,bit,,,V
,applylist,police_serial,入山申辦序號,nvarchar,50,,V
,applylist,team_desc8,隊伍說明-外籍提前保留名額,varchar,1,,V
,applylist,foreignerresvedplaces,(玉)外籍保留名額【配合抽籤使用】,varchar,1,,V
,applylist,activitiesresvedplaces,(玉)活動保留名額【配合抽籤使用】,varchar,1,,V
,applylist,autoexitteamretain,(玉)自動退件保留隊伍,varchar,1,,V
,applylist,waitnoticedate,(玉)通知【候補隊伍】日期,smalldatetime,,,V
,applylist,inmountain,(玉)同意傳送入山申請資料【目前欄位已隱藏，無用途】,varchar,1,,V
,applylist,team_check8,隊伍確認事項-已收到家長同意書正本,varchar,1,,V
,applylist,team_desc9,隊伍說明-收到家長同意書,varchar,1,,V
,applylist,team_desc10,隊伍說明-其他,varchar,1,,V
,applylist,team_desc10content,隊伍說明-其他,nvarchar,1000,,V
,applylist,autobackteamstay,,varchar,1,,V
,applylist,waitingenddate,最後候補日期,datetime,,,V
,applylist,approvaldate,,datetime,,,V
,applylist,lineDescript,路線規劃補充說明,nvarchar,1000,,V
,applylist,backNum,(玉)單日往返-優先遞補順位,int,,,V
,applylist,getNum,(玉)單日往返-核發名額,int,,,V
,applylist,police_time,入山申辦日期,datetime,,,V
,applylist,team_check9,已完成雪季補件,varchar,1,,V
,applylist,leader_student,領隊是否為學生,varchar,3,,V
,applylist,leaderchg,(玉)領隊異動,nvarchar,1,,V
,applylist,cdescript,颱風期間管理(聯絡事項),nvarchar,1000,,V
,applylist,actin,入園,int,,,V
,applylist,actinnote_id,入園登山口,int,,,V
,applylist,actout,離園,int,,,V
,applylist,actoutnote_id,離園登山口,int,,,V
,applylist,actoutdate,離園時間,datetime,,,V
,applylist,actoutTM2_X,離園TM2_X,float,,,V
,applylist,actoutTM2_Y,離園TM2_Y,float,,,V
,applylist,actoutX,離園X,float,,,V
,applylist,actoutY,離園Y,float,,,V
,applylist,team_desc11,已投保(待審),varchar,1,,V
,applylist,team_desc12,已投保,varchar,1,,V
,applylist,isfileup,註記前台有上傳檔案的動作，且該檔案未被審核,varchar,1,,V
,applylist,Nolog,申請完成註記,varchar,1,,V
,applylist,leader_contactact_tel,領隊資料緊急連絡手機,nvarchar,50,,V
,applylist,changeleader,領隊異動,int,,((0)),V
,applylist,changeleadercount,領隊異動次數,int,,((0)),V
,applylist,ForeignManyTime,外多次,nvarchar,1,,V
,applylist,opinion1,外籍提前意見,nvarchar,1000,,V
,applylist,opinion2,排雲、圓峰遞補意見,nvarchar,1000,,V
,applylist,opinion3,共用審核意見,nvarchar,1000,,V
,applylist,team_desc13,隊伍說明(長程優先),varchar,1,,V
,applylist,team_check10,已完成嘉明湖營地繳費,varchar,1,,V
,applylist,team_check10Account,,nvarchar,100,,V
,applylist,team_check10Fee,匯款總額,nvarchar,20,,V
,applylist,leaderchgnote,異動原因,nvarchar,1000,,V
,applylist,mgnote,文字備註,nvarchar,1000,,V
,applylist,reachtime,報到時間,datetime,,,V
,applylist,isnpm,,int,,((0)),V
,applylist,team_desc7pcnt,查核系統排雲站繳費繳費人數,int,,,V
,applylist,team_desc7paydate,查核系統排雲站繳費繳費日期,datetime,,,V
,applylist,team_desc7money,查核系統排雲站繳費繳費金額,int,,,V
,applylist,apply_nationidtext,,nvarchar,500,,V
,applylist,leader_nationidtext,,nvarchar,500,,V
,applylist,stay_nationidtext,,nvarchar,500,,V
,applylist,team_desc14,排雲站領證,nvarchar,1,,V
,applylist,ldraword,,int,,,V
,applylist,lineballotdate,,datetime,,,V
,applylist,outsend,發送林務局,int,,((0)),V
,applylist,outsenddate,發送林務局日期,datetime,,,V
,applylist,outpaystatus,是否繳費 Y 已繳 N 未繳,char,2,,V
,applylist,outpayYdate,繳費日期,datetime,,,V
,applylist,outpayNdate,退繳費日期,datetime,,,V
,applylist,outsendnetneed," 九九山莊無須繳費",nvarchar,1,,V
,applylist,typhoonudate,颱風期間管理修改時間,datetime,,,V
,applylist,company,登山團體ID,nvarchar,10,,V
,applylist,NEWCANCELNUM,玉管新式繳費虛擬帳號,nvarchar,20,,V
,applylist,NEWCANCELNUM2,,nvarchar,20,,V
,applylist,NEWCANCELNUM3,,nvarchar,20,,V
,applylist,out_teams_count,實際離園人數(玉管處),int,,((0)),V
,applylist,act_note,實際入園查核備註,ntext,,,V
,applylist,bearserial,,nvarchar,10,,V
,applylist,bearnote,,nvarchar,1000,,V
,applylist,team_desc15,,varchar,1,,V
,applylist,bar1,,nvarchar,20,,V
,applylist,bar2,,nvarchar,20,,V
,applylist,bar3,,nvarchar,20,,V
,applylist,plan_outdate,,date,,,V
,applylist,IsStoreFIlesUp,超商繳費憑證檔已上傳(前端上傳),int,,((0)),V
,applylist,IsStoreFIlesChk,超商繳費憑證檔已上傳(後端查核),int,,((0)),V
,applylist,IsStoreMoneyIn,超商繳費憑證檔已上傳(系統端匯入),int,,((0)),V
,applylist,StorePrtTime,,datetime,,,V
,applylist,frserial,楠溪林道 申請序號,nvarchar,10,,V
,applylist,frnote,楠溪林道 備註,nvarchar,1000,,V
,applylist,spnp_f_id,,int,,,V
,applylist,spnp_c_id,,int,,,V
,applylist,team_desc14content,,nvarchar,200,,V
,applylist,changeleadeMode,變更領隊來源 1 是前台更新  2 是後台,int,,((0)),V
,applylist,useballot,,int,,((0)),V
,applylist,Draw_no,太管備取編號,int,,((0)),V
,applylist,Drawtype,太管是否中籤 (0尚未抽籤1中籤2未中籤),int,,((0)),V
,applylist,CaseSerial,一站式案件編號,nvarchar,200,,V
,applylist,lchgout,,int,,,V
,applylist,applylist_checkstatus,"查核狀態 0 未查核  1 已查核 ",int,,((0)),V
,applylist,applylist_checkdate,查核日期,datetime,,,V
,applylist,applylist_checkCrdate,查核回寫日期,datetime,,,V
,applylist,hikingsafetynotes,登山安全管理其他補充,nvarchar,1000,,V
,applylist,ctype,,nvarchar,10,,V
,applylist,cltype,,nvarchar,10,,V
,applylist,schtext,,ntext,,,V
,applylist,exptext,,ntext,,,V
,applylist,evetext,,ntext,,,V
,applylist,lnttext,,ntext,,,V
,applylist,emergencyRoute,應變路線,nvarchar,1000,,V
,applylist,safetyAssessment,安全評估,nvarchar,1000,,V
,applylist,lostContactHours,失聯通報時數,int,,,V
,applylist,lastDayDelayHours,最後一天延遲時數,int,,,V
,applylist,stayPlanNote,其他留守計畫補充,nvarchar,1000,,V
,applylist,TCaseSerial,一站式案件編號,nvarchar,200,,V
,applylist,team_desc16,,varchar,1,,V
,applylist,tmpnote,雪霸暫審案件,ntext,,,V
PK,applylist_bak,a_id,系統編號,int,,,
,applylist_bak,serial,隊伍識別碼,nvarchar,50,,V
,applylist_bak,leader_name,領隊姓名,nvarchar,200,,V
,applylist_bak,leader_nation,領隊國籍,nvarchar,200,,V
,applylist_bak,leader_nationid,領隊外國id,int,,,V
,applylist_bak,leader_tel,領隊電話,nvarchar,50,,V
,applylist_bak,leader_mobile,領隊手機,nvarchar,50,,V
,applylist_bak,leader_fax,領隊傳真,nvarchar,50,,V
,applylist_bak,leader_email,領隊電子郵件,nvarchar,200,,V
,applylist_bak,leader_sid,領隊身份證號,nvarchar,50,,V
,applylist_bak,leader_sex,領隊性別,nvarchar,50,,V
,applylist_bak,leader_birthday,領隊生日,date,,,V
,applylist_bak,leader_contactname,領隊緊急聯絡人,nvarchar,200,,V
,applylist_bak,leader_contacttel,領隊緊急聯絡電話,nvarchar,50,,V
,applylist_bak,leader_country,領隊居住城市,nvarchar,50,,V
,applylist_bak,leader_city,領隊居住鄉鎮,nvarchar,50,,V
,applylist_bak,leader_addr,領隊居住地址,nvarchar,200,,V
,applylist_bak,stay_name,居留人姓名,nvarchar,200,,V
,applylist_bak,stay_tel,居留人電話,nvarchar,50,,V
,applylist_bak,stay_mobile,居留人手機,nvarchar,50,,V
,applylist_bak,stay_fax,居留人傳真,nvarchar,50,,V
,applylist_bak,stay_email,居留人電子郵件,nvarchar,200,,V
,applylist_bak,stay_nation,留守人國籍,nvarchar,200,,V
,applylist_bak,stay_nationid,留守人國籍,int,,,V
,applylist_bak,stay_sid,留守人國外id,nvarchar,50,,V
,applylist_bak,stay_birthday,留守人生日,date,,,V
,applylist_bak,satellitephone,衛星電話,nvarchar,50,,V
,applylist_bak,frequency,無線電頻,nvarchar,50,,V
,applylist_bak,apply_name,申請人姓名,nvarchar,200,,V
,applylist_bak,apply_nation,申請人國籍,nvarchar,200,,V
,applylist_bak,apply_nationid,申請人國籍,int,,,V
,applylist_bak,apply_tel,申請人電話,nvarchar,50,,V
,applylist_bak,apply_mobile,申請人手機,nvarchar,50,,V
,applylist_bak,apply_fax,申請人傳真,nvarchar,50,,V
,applylist_bak,apply_email,申請人電子郵件,nvarchar,200,,V
,applylist_bak,apply_sid,申請人身份證號,nvarchar,50,,V
,applylist_bak,apply_sex,申請人性別,nvarchar,50,,V
,applylist_bak,apply_birthday,申請人生日,date,,,V
,applylist_bak,apply_contactname,申請人緊急聯絡人,nvarchar,200,,V
,applylist_bak,apply_contacttel,申請人緊急聯絡電話,nvarchar,50,,V
,applylist_bak,apply_country,申請人居住城市,nvarchar,50,,V
,applylist_bak,apply_city,申請人居住鄉鎮,nvarchar,50,,V
,applylist_bak,apply_addr,申請人居住地址,nvarchar,200,,V
,applylist_bak,teams_name,隊伍名稱,nvarchar,200,,V
,applylist_bak,teams_count,申請隊員人數,int,,,V
,applylist_bak,apply_date,申請進入日期,date,,,V
,applylist_bak,apply_outdate,申請離園日期,date,,,V
,applylist_bak,sumday,申請總共天數,int,,,V
,applylist_bak,member_keytype,會員自行登打資料,int,,((0)),V
,applylist_bak,status,"入園進度(0待處理,1補件,2書件通過,3宿營地不足,4已通過,5退件,6待抽籤,7路線承載量不足後補,8取消)",int,,,V
,applylist_bak,police,警證署串接,int,,((0)),V
,applylist_bak,project,入園性質,int,,,V
,applylist_bak,scplan,行程計畫,ntext,,,V
,applylist_bak,environment,環境維護,ntext,,,V
,applylist_bak,emergency,緊急災難處理,ntext,,,V
,applylist_bak,bookdelnum,取消總人數,int,,((0)),V
,applylist_bak,OrgID,國家公園代碼,uniqueidentifier,,,V
,applylist_bak,CreateDate,建立日期,datetime,,,V
,applylist_bak,Filename,檔案儲存名稱,ntext,,,V
,applylist_bak,text_fname,檔案名稱,ntext,,,V
,applylist_bak,FileDescription,檔案描述,ntext,,,V
,applylist_bak,climblinetype,路線別(0固定，1自訂),int,,,V
,applylist_bak,climblineid,路線別主索引,int,,,V
,applylist_bak,act_teams_count,實際入園人數,int,,,V
,applylist_bak,contact_sit,最新聯絡狀況(NPCode：contact_sit),varchar,2,(''),V
,applylist_bak,helpitem,協助事項,nvarchar,250,,V
,applylist_bak,act_descript,颱風期間管理功能   備註,nvarchar,250,,V
,applylist_bak,seminar,網路線上學習　團體自行辦理講習(0無1有),int,,,V
,applylist_bak,gps,是否攜帶GPS及可供緊急聯絡之通信設備(0無1有),int,,,V
,applylist_bak,highlinebook,有條件登山路線請再增加勾選已閱讀相對應之聲明書(0否1是),int,,,V
,applylist_bak,actindate,實際入園日期,date,,,V
,applylist_bak,servolname,服務志工姓名,nvarchar,50,,V
,applylist_bak,note_sys,管理者備註,ntext,,,V
,applylist_bak,note_user,使用者查詢備註,ntext,,,V
,applylist_bak,userupdate,,datetime,,,V
,applylist_bak,grid,,nvarchar,50,,V
,applylist_bak,leader_student,,varchar,3,,V
,applylist_bak,leader_contactact_tel,,nvarchar,50,,V
,applylist_bak,CaseId,,int,,,V
,applylist_bak,hikingsafetynotes,登山安全管理其他補充,nvarchar,1000,,V
,applylist_bak,emergencyRoute,應變路線,nvarchar,1000,,V
,applylist_bak,safetyAssessment,安全評估,nvarchar,1000,,V
,applylist_bak,lostContactHours,失聯通報時數,int,,,V
,applylist_bak,lastDayDelayHours,最後一天延遲時數,int,,,V
,applylist_bak,stayPlanNote,其他留守計畫補充,nvarchar,1000,,V
PK,applylist_files,f_id,主索引鍵,int,,,
,applylist_files,file01,檔名,nvarchar,500,,V
,applylist_files,file01txt,檔案說明,nvarchar,500,,V
,applylist_files,a_id,,int,,,V
,applylist_files,filetype,檔案類型(0雪季證明1長程縱走經驗2其他附件),int,,((0)),V
,applylist_files,c_id,固定次路線id,int,,,V
,applylist_files,grid,前台暫存,nvarchar,50,,V
,applylist_files,sdate,,datetime,,(getdate()),V
,applylist_files,num,入園申請時第num位隊員上傳的(未滿20歲家長同意書，適用於前台新申請),int,,,V
,applylist_files,m_id,apply_teams.m_id,int,,,V
,applylist_files,lang,,varchar,1,,V
,applylist_files,ismody,,int,,,V
,applylist_files,file01url,,nvarchar,500,,V
,applylist_files20220725tmp,f_id,,int,,,
,applylist_files20220725tmp,file01,,nvarchar,500,,V
,applylist_files20220725tmp,file01txt,,nvarchar,500,,V
,applylist_files20220725tmp,a_id,,int,,,V
,applylist_files20220725tmp,filetype,,int,,,V
,applylist_files20220725tmp,c_id,,int,,,V
,applylist_files20220725tmp,grid,,nvarchar,50,,V
,applylist_files20220725tmp,sdate,,datetime,,,V
,applylist_files20220725tmp,num,,int,,,V
,applylist_files20220725tmp,m_id,,int,,,V
,applylist_files20220725tmp,lang,,varchar,1,,V
,applylist_files20220725tmp,ismody,,int,,,V
,applylist_files20220725tmp,file01url,,nvarchar,500,,V
,applylist_for,af_id,,bigint,,,
,applylist_for,a_id,系統編號,int,,,
,applylist_for,serial,隊伍識別碼,nvarchar,50,,V
,applylist_for,leader_name,領隊姓名,nvarchar,200,,V
,applylist_for,leader_nation,領隊國籍,nvarchar,200,,V
,applylist_for,leader_nationid,領隊外國id,int,,,V
,applylist_for,leader_tel,領隊電話,nvarchar,50,,V
,applylist_for,leader_mobile,領隊手機,nvarchar,50,,V
,applylist_for,leader_fax,領隊傳真,nvarchar,50,,V
,applylist_for,leader_email,領隊電子郵件,nvarchar,200,,V
,applylist_for,leader_sid,領隊身份證號,nvarchar,50,,V
,applylist_for,leader_sex,領隊性別,nvarchar,50,,V
,applylist_for,leader_birthday,領隊生日,date,,,V
,applylist_for,leader_contactname,領隊緊急聯絡人,nvarchar,200,,V
,applylist_for,leader_contacttel,領隊緊急聯絡電話,nvarchar,50,,V
,applylist_for,leader_country,領隊居住城市,nvarchar,50,,V
,applylist_for,leader_city,領隊居住鄉鎮,nvarchar,50,,V
,applylist_for,leader_addr,領隊居住地址,nvarchar,200,,V
,applylist_for,stay_name,居留人姓名,nvarchar,200,,V
,applylist_for,stay_tel,居留人電話,nvarchar,50,,V
,applylist_for,stay_mobile,居留人手機,nvarchar,50,,V
,applylist_for,stay_fax,居留人傳真,nvarchar,50,,V
,applylist_for,stay_email,居留人電子郵件,nvarchar,200,,V
,applylist_for,stay_nation,留守人國籍,nvarchar,200,,V
,applylist_for,stay_nationid,留守人外國id,int,,,V
,applylist_for,stay_sid,留守人身份證號,nvarchar,50,,V
,applylist_for,stay_birthday,留守人生日,date,,,V
,applylist_for,satellitephone,衛星電話,nvarchar,50,,V
,applylist_for,frequency,無線電頻,nvarchar,50,,V
,applylist_for,apply_name,申請人姓名,nvarchar,200,,V
,applylist_for,apply_nation,申請人國籍,nvarchar,200,,V
,applylist_for,apply_nationid,申請人國籍,int,,,V
,applylist_for,apply_tel,申請人外國id,nvarchar,50,,V
,applylist_for,apply_mobile,申請人手機,nvarchar,50,,V
,applylist_for,apply_fax,申請人傳真,nvarchar,50,,V
,applylist_for,apply_email,申請人電子郵件,nvarchar,50,,V
,applylist_for,apply_sid,申請人身份證號,nvarchar,50,,V
,applylist_for,apply_sex,申請人性別,nvarchar,50,,V
,applylist_for,apply_birthday,申請人生日,date,,,V
,applylist_for,apply_contactname,申請人緊急聯絡人,nvarchar,200,,V
,applylist_for,apply_contacttel,申請人緊急聯絡電話,nvarchar,50,,V
,applylist_for,apply_country,申請人居住城市,nvarchar,50,,V
,applylist_for,apply_city,申請人居住鄉鎮,nvarchar,50,,V
,applylist_for,apply_addr,申請人居住地址,nvarchar,200,,V
,applylist_for,teams_name,隊伍名稱,nvarchar,200,,V
,applylist_for,teams_count,申請隊員人數,int,,,V
,applylist_for,apply_date,申請進入日期,date,,,V
,applylist_for,apply_outdate,申請離園日期,date,,,V
,applylist_for,sumday,申請總共天數,int,,,V
,applylist_for,member_keytype,會員自行登打資料,int,,((0)),V
,applylist_for,status,"入園進度(0待處理,1補件,2書件通過,3宿營地不足,4已通過,5退件,6待抽籤,7路線承載量不足後補,8取消)",int,,,V
,applylist_for,police,警證署串接,int,,((0)),V
,applylist_for,project,入園性質,int,,,V
,applylist_for,scplan,行程計畫,ntext,,,V
,applylist_for,environment,環境維護,ntext,,,V
,applylist_for,emergency,緊急災難處理,ntext,,,V
,applylist_for,bookdelnum,取消總人數,int,,((0)),V
,applylist_for,OrgID,國家公園代碼,uniqueidentifier,,,V
,applylist_for,CreateDate,建立日期,datetime,,(getdate()),V
,applylist_for,Filename,檔案儲存名稱,ntext,,,V
,applylist_for,text_fname,檔案名稱,ntext,,,V
,applylist_for,FileDescription,檔案描述,ntext,,,V
,applylist_for,climblinetype,路線別(0固定，1自訂),int,,,V
,applylist_for,climblineid,路線別主索引,int,,,V
,applylist_for,act_teams_count,實際入園人數,int,,,V
,applylist_for,contact_sit,最新聯絡狀況(NPCode：contact_sit),varchar,2,(''),V
,applylist_for,helpitem,協助事項,nvarchar,250,,V
,applylist_for,act_descript,颱風期間管理功能   備註,nvarchar,250,,V
,applylist_for,seminar,網路線上學習　團體自行辦理講習(0無1有),int,,,V
,applylist_for,gps,是否攜帶GPS及可供緊急聯絡之通信設備(0無1有),int,,,V
,applylist_for,highlinebook,有條件登山路線請再增加勾選已閱讀相對應之聲明書(0否1是),int,,,V
,applylist_for,actindate,實際入園日期,date,,,V
,applylist_for,servolname,服務志工姓名,nvarchar,50,,V
,applylist_for,note_sys,管理者備註,ntext,,,V
,applylist_for,note_user,使用者查詢備註,ntext,,,V
,applylist_for,userupdate,,datetime,,,V
,applylist_for,ballot,(0未參與抽籤，1參與抽籤),int,,((0)),V
,applylist_for,Modify_apply,申請人修改,int,,((0)),V
,applylist_for,Modify_stay,留守人修改,int,,((0)),V
,applylist_for,Modify_leader,領隊修改,int,,((0)),V
,applylist_for,Modify_schedule,路線行程規劃修改,int,,((0)),V
,applylist_for,Modify_applyTeam,入園人員修改,int,,((0)),V
,applylist_for,firstinstanceopinion,初審意見,nvarchar,250,,V
,applylist_for,returnreason,退件原因,nvarchar,250,,V
,applylist_for,nextinstanceopinion,複審意見,nvarchar,250,,V
,applylist_for,beforestatus,上次的進度,int,,,V
,applylist_for,docaddenable,是否完成補件,int,,,V
,applylist_for,paymentenable,是否完成補件,int,,,V
,applylist_for,climbinsuresafety,是否投保登山保險,int,,,V
,applylist_for,grid,草稿索引,nvarchar,50,,V
,applylist_for,count_bed,候補次數,int,,((0)),V
,applylist_for,ballotday,最後抽籤日期,datetime,,,V
,applylist_for,adddocday,前台補件日期,datetime,,,V
,applylist_for,team_desc1,隊伍說明-外籍提前申請(待審，勿預訂機票),varchar,1,,V
,applylist_for,team_desc2,隊伍說明-外籍提前參加抽籤,varchar,1,,V
,applylist_for,team_desc3,隊伍說明-外籍提前請減人或參加抽籤,varchar,1,,V
,applylist_for,team_desc4,隊伍說明-請傳護照影本以供審查,varchar,1,,V
,applylist_for,team_desc5,隊伍說明-縮短行程,varchar,1,,V
,applylist_for,team_desc6,隊伍說明-本處活動,varchar,1,,V
,applylist_for,team_desc7,隊伍說明-排雲站繳費,varchar,1,,V
,applylist_for,org_pkid,原始案件ID,nvarchar,50,,V
,applylist_for,org_caseno,原始申請編號,nvarchar,50,,V
,applylist_for,team_check1,隊伍確認事項-確認已於申請前詳閱並明瞭「攀登玉山主（西）峰單日往返注意事項」,varchar,1,,V
,applylist_for,team_check2,隊伍確認事項-確認已於申請前詳閱並明瞭「圓峰宿營地申請注意事項」,varchar,1,,V
,applylist_for,team_check3,隊伍確認事項-確認已於申請前詳閱並明瞭「攀登玉山園區開放登山路線(須具長程縱走登山經驗)注意事項」,varchar,1,,V
,applylist_for,team_check4,隊伍確認事項-確認已於申請前詳閱並明瞭「雪季期間攀登玉山園區登山路線注意事項」,varchar,1,,V
,applylist_for,team_check5,隊伍確認事項-確認已於申請前詳閱並明瞭「雪季期間雪地訓練攀登玉山主（群）峰線注意事項」,varchar,1,,V
,applylist_for,team_check6,隊伍確認事項-已完成相關檔案上傳,varchar,1,,V
,applylist_for,team_check7,隊伍確認事項-已完成繳費(使用線上繳費；請到「帳款作業>宿營地規費管理」確認),varchar,1,,V
,applylist_for,copy_id,複製新案來源id,int,,,V
,applylist_for,reviewopinion,排隊預約審查意見,nvarchar,250,,V
,applylist_for,enparklic,,bit,,,V
,applylist_for,police_serial,入山申辦序號,nvarchar,50,,V
,applylist_for,team_desc8,隊伍說明-外籍提前保留名額,varchar,1,,V
,applylist_for,foreignerresvedplaces,(玉)外籍保留名額【配合抽籤使用】,varchar,1,,V
,applylist_for,activitiesresvedplaces,(玉)活動保留名額【配合抽籤使用】,varchar,1,,V
,applylist_for,autoexitteamretain,(玉)自動退件保留隊伍,varchar,1,,V
,applylist_for,waitnoticedate,(玉)通知【候補隊伍】日期,smalldatetime,,,V
,applylist_for,inmountain,(玉)同意傳送入山申請資料【目前欄位已隱藏，無用途】,varchar,1,,V
,applylist_for,team_check8,隊伍確認事項-已收到家長同意書正本,varchar,1,,V
,applylist_for,team_desc9,隊伍說明-收到家長同意書,varchar,1,,V
,applylist_for,team_desc10,隊伍說明-其他,varchar,1,,V
,applylist_for,team_desc10content,隊伍說明-其他,nvarchar,250,,V
,applylist_for,autobackteamstay,,varchar,1,,V
,applylist_for,waitingenddate,最後候補日期,datetime,,,V
,applylist_for,approvaldate,,datetime,,,V
,applylist_for,lineDescript,路線規劃補充說明,nvarchar,500,,V
,applylist_for,backNum,(玉)單日往返-優先遞補順位,int,,,V
,applylist_for,getNum,(玉)單日往返-核發名額,int,,,V
,applylist_for,police_time,入山申辦日期,datetime,,,V
,applylist_for,team_check9,已完成雪季補件,varchar,1,,V
,applylist_for,leader_student,領隊是否為學生,varchar,3,,V
,applylist_for,leaderchg,(玉)領隊異動,nvarchar,1,,V
,applylist_for,cdescript,颱風期間管理(聯絡事項),nvarchar,250,,V
,applylist_for,actin,入園,int,,,V
,applylist_for,actinnote_id,入園登山口,int,,,V
,applylist_for,actout,離園,int,,,V
,applylist_for,actoutnote_id,離園登山口,int,,,V
,applylist_for,actoutdate,離園時間,datetime,,,V
,applylist_for,actoutTM2_X,離園TM2_X,float,,,V
,applylist_for,actoutTM2_Y,離園TM2_Y,float,,,V
,applylist_for,actoutX,離園X,float,,,V
,applylist_for,actoutY,離園Y,float,,,V
,applylist_for,team_desc11,已投保(待審),varchar,1,,V
,applylist_for,team_desc12,已投保,varchar,1,,V
,applylist_for,isfileup,註記前台有上傳檔案的動作，且該檔案未被審核,varchar,1,,V
,applylist_for,Nolog,申請完成註記,varchar,1,,V
,applylist_for,leader_contactact_tel,領隊資料緊急連絡手機,nvarchar,50,,V
,applylist_for,changeleader,領隊異動,int,,((0)),V
,applylist_for,changeleadercount,領隊異動次數,int,,((0)),V
,applylist_for,ForeignManyTime,外多次,nvarchar,1,,V
,applylist_for,opinion1,外籍提前意見,nvarchar,500,,V
,applylist_for,opinion2,排雲、圓峰遞補意見,nvarchar,500,,V
,applylist_for,opinion3,共用審核意見,nvarchar,500,,V
,applylist_for,team_desc13,隊伍說明(長程優先),varchar,1,,V
,applylist_for,team_check10,已完成嘉明湖營地繳費,varchar,1,,V
,applylist_for,team_check10Account,,nvarchar,100,,V
,applylist_for,team_check10Fee,匯款總額,nvarchar,20,,V
,applylist_for,leaderchgnote,異動原因,nvarchar,500,,V
,applylist_for,mgnote,文字備註,nvarchar,500,,V
,applylist_for,reachtime,報到時間,datetime,,,V
,applylist_for,isnpm,,int,,((0)),V
,applylist_for,team_desc7pcnt,查核系統排雲站繳費繳費人數,int,,,V
,applylist_for,team_desc7paydate,查核系統排雲站繳費繳費日期,datetime,,,V
,applylist_for,team_desc7money,查核系統排雲站繳費繳費金額,int,,,V
,applylist_for,apply_nationidtext,,nvarchar,500,,V
,applylist_for,leader_nationidtext,,nvarchar,500,,V
,applylist_for,stay_nationidtext,,nvarchar,500,,V
,applylist_for,team_desc14,排雲站領證,nvarchar,1,,V
,applylist_for,ldraword,,int,,,V
,applylist_for,lineballotdate,,datetime,,,V
,applylist_for,outsend,發送林務局,int,,((0)),V
,applylist_for,outsenddate,發送林務局日期,datetime,,,V
,applylist_for,outpaystatus,是否繳費 Y 已繳 N 未繳,char,2,,V
,applylist_for,outpayYdate,繳費日期,datetime,,,V
,applylist_for,outpayNdate,退繳費日期,datetime,,,V
,applylist_for,company,,nvarchar,10,,V
,applylist_for,typhoonudate,,datetime,,,V
PK,applylist_lchgfiles,f_id,主索引鍵,bigint,,,
,applylist_lchgfiles,file01,檔名,nvarchar,500,,V
,applylist_lchgfiles,file01txt,檔案說明,nvarchar,500,,V
,applylist_lchgfiles,a_id,,int,,,V
,applylist_lchgfiles,filetype,檔案類型(0雪季證明1長程縱走經驗2其他附件),int,,((0)),V
,applylist_lchgfiles,sdate,,datetime,,(getdate()),V
,applylist_lchgfiles,m_id,apply_teams.m_id,int,,,V
,applylist_lchgfiles,lang,,varchar,1,,V
,applylist_lchgfiles,num,,int,,,V
,applylist_lchgfiles,isbak,,int,,((0)),V
,applylist_roadbook,status,,int,,,V
,applylist_roadbook,OrgID,,uniqueidentifier,,,V
,applylist_roadbook,roadbook_num,,int,,,V
,applylist_roadbook,roadbook_numOK,,int,,,V
,applylist_roadbook,roadbook_daynum,,int,,,V
,applylist_roadbook,roadbook_nodeid,,int,,,V
,applylist_roadbook,roadbook_date,,datetime,,,V
,applylist_roadbook,roadbook_OrgID,,nvarchar,50,,V
,applylist_roadbook,roadbook_chk,,int,,,V
,applylist_Y114000003,a_id,,int,,,
,applylist_Y114000003,serial,,nvarchar,50,,V
,applylist_Y114000003,leader_name,,nvarchar,200,,V
,applylist_Y114000003,leader_nation,,nvarchar,200,,V
,applylist_Y114000003,leader_nationid,,int,,,V
,applylist_Y114000003,leader_tel,,nvarchar,50,,V
,applylist_Y114000003,leader_mobile,,nvarchar,50,,V
,applylist_Y114000003,leader_fax,,nvarchar,50,,V
,applylist_Y114000003,leader_email,,nvarchar,200,,V
,applylist_Y114000003,leader_sid,,nvarchar,50,,V
,applylist_Y114000003,leader_sex,,nvarchar,50,,V
,applylist_Y114000003,leader_birthday,,date,,,V
,applylist_Y114000003,leader_contactname,,nvarchar,200,,V
,applylist_Y114000003,leader_contacttel,,nvarchar,50,,V
,applylist_Y114000003,leader_country,,nvarchar,50,,V
,applylist_Y114000003,leader_city,,nvarchar,50,,V
,applylist_Y114000003,leader_addr,,nvarchar,200,,V
,applylist_Y114000003,stay_name,,nvarchar,200,,V
,applylist_Y114000003,stay_tel,,nvarchar,50,,V
,applylist_Y114000003,stay_mobile,,nvarchar,50,,V
,applylist_Y114000003,stay_fax,,nvarchar,50,,V
,applylist_Y114000003,stay_email,,nvarchar,200,,V
,applylist_Y114000003,stay_nation,,nvarchar,200,,V
,applylist_Y114000003,stay_nationid,,int,,,V
,applylist_Y114000003,stay_sid,,nvarchar,50,,V
,applylist_Y114000003,stay_birthday,,date,,,V
,applylist_Y114000003,satellitephone,,nvarchar,50,,V
,applylist_Y114000003,frequency,,nvarchar,50,,V
,applylist_Y114000003,apply_name,,nvarchar,200,,V
,applylist_Y114000003,apply_nation,,nvarchar,200,,V
,applylist_Y114000003,apply_nationid,,int,,,V
,applylist_Y114000003,apply_tel,,nvarchar,50,,V
,applylist_Y114000003,apply_mobile,,nvarchar,50,,V
,applylist_Y114000003,apply_fax,,nvarchar,50,,V
,applylist_Y114000003,apply_email,,nvarchar,50,,V
,applylist_Y114000003,apply_sid,,nvarchar,50,,V
,applylist_Y114000003,apply_sex,,nvarchar,50,,V
,applylist_Y114000003,apply_birthday,,date,,,V
,applylist_Y114000003,apply_contactname,,nvarchar,200,,V
,applylist_Y114000003,apply_contacttel,,nvarchar,50,,V
,applylist_Y114000003,apply_country,,nvarchar,50,,V
,applylist_Y114000003,apply_city,,nvarchar,50,,V
,applylist_Y114000003,apply_addr,,nvarchar,200,,V
,applylist_Y114000003,teams_name,,nvarchar,200,,V
,applylist_Y114000003,teams_count,,int,,,V
,applylist_Y114000003,apply_date,,date,,,V
,applylist_Y114000003,apply_outdate,,date,,,V
,applylist_Y114000003,sumday,,int,,,V
,applylist_Y114000003,member_keytype,,int,,,V
,applylist_Y114000003,status,,int,,,V
,applylist_Y114000003,police,,int,,,V
,applylist_Y114000003,project,,int,,,V
,applylist_Y114000003,scplan,,ntext,,,V
,applylist_Y114000003,environment,,ntext,,,V
,applylist_Y114000003,emergency,,ntext,,,V
,applylist_Y114000003,bookdelnum,,int,,,V
,applylist_Y114000003,OrgID,,uniqueidentifier,,,V
,applylist_Y114000003,CreateDate,,datetime,,,V
,applylist_Y114000003,Filename,,ntext,,,V
,applylist_Y114000003,text_fname,,ntext,,,V
,applylist_Y114000003,FileDescription,,ntext,,,V
,applylist_Y114000003,climblinetype,,int,,,V
,applylist_Y114000003,climblineid,,int,,,V
,applylist_Y114000003,act_teams_count,,int,,,V
,applylist_Y114000003,contact_sit,,varchar,2,,V
,applylist_Y114000003,helpitem,,nvarchar,1000,,V
,applylist_Y114000003,act_descript,,nvarchar,1000,,V
,applylist_Y114000003,seminar,,int,,,V
,applylist_Y114000003,gps,,int,,,V
,applylist_Y114000003,highlinebook,,int,,,V
,applylist_Y114000003,actindate,,datetime,,,V
,applylist_Y114000003,servolname,,nvarchar,50,,V
,applylist_Y114000003,note_sys,,ntext,,,V
,applylist_Y114000003,note_user,,ntext,,,V
,applylist_Y114000003,userupdate,,datetime,,,V
,applylist_Y114000003,ballot,,int,,,V
,applylist_Y114000003,Modify_apply,,int,,,V
,applylist_Y114000003,Modify_stay,,int,,,V
,applylist_Y114000003,Modify_leader,,int,,,V
,applylist_Y114000003,Modify_schedule,,int,,,V
,applylist_Y114000003,Modify_applyTeam,,int,,,V
,applylist_Y114000003,firstinstanceopinion,,nvarchar,1000,,V
,applylist_Y114000003,returnreason,,nvarchar,1000,,V
,applylist_Y114000003,nextinstanceopinion,,nvarchar,1000,,V
,applylist_Y114000003,beforestatus,,int,,,V
,applylist_Y114000003,docaddenable,,int,,,V
,applylist_Y114000003,paymentenable,,int,,,V
,applylist_Y114000003,climbinsuresafety,,int,,,V
,applylist_Y114000003,grid,,nvarchar,50,,V
,applylist_Y114000003,count_bed,,int,,,V
,applylist_Y114000003,ballotday,,datetime,,,V
,applylist_Y114000003,adddocday,,datetime,,,V
,applylist_Y114000003,team_desc1,,varchar,1,,V
,applylist_Y114000003,team_desc2,,varchar,1,,V
,applylist_Y114000003,team_desc3,,varchar,1,,V
,applylist_Y114000003,team_desc4,,varchar,1,,V
,applylist_Y114000003,team_desc5,,varchar,1,,V
,applylist_Y114000003,team_desc6,,varchar,1,,V
,applylist_Y114000003,team_desc7,,varchar,1,,V
,applylist_Y114000003,org_pkid,,nvarchar,50,,V
,applylist_Y114000003,org_caseno,,nvarchar,50,,V
,applylist_Y114000003,team_check1,,varchar,1,,V
,applylist_Y114000003,team_check2,,varchar,1,,V
,applylist_Y114000003,team_check3,,varchar,1,,V
,applylist_Y114000003,team_check4,,varchar,1,,V
,applylist_Y114000003,team_check5,,varchar,1,,V
,applylist_Y114000003,team_check6,,varchar,1,,V
,applylist_Y114000003,team_check7,,varchar,1,,V
,applylist_Y114000003,copy_id,,int,,,V
,applylist_Y114000003,reviewopinion,,nvarchar,1000,,V
,applylist_Y114000003,enparklic,,bit,,,V
,applylist_Y114000003,police_serial,,nvarchar,50,,V
,applylist_Y114000003,team_desc8,,varchar,1,,V
,applylist_Y114000003,foreignerresvedplaces,,varchar,1,,V
,applylist_Y114000003,activitiesresvedplaces,,varchar,1,,V
,applylist_Y114000003,autoexitteamretain,,varchar,1,,V
,applylist_Y114000003,waitnoticedate,,smalldatetime,,,V
,applylist_Y114000003,inmountain,,varchar,1,,V
,applylist_Y114000003,team_check8,,varchar,1,,V
,applylist_Y114000003,team_desc9,,varchar,1,,V
,applylist_Y114000003,team_desc10,,varchar,1,,V
,applylist_Y114000003,team_desc10content,,nvarchar,1000,,V
,applylist_Y114000003,autobackteamstay,,varchar,1,,V
,applylist_Y114000003,waitingenddate,,datetime,,,V
,applylist_Y114000003,approvaldate,,datetime,,,V
,applylist_Y114000003,lineDescript,,nvarchar,1000,,V
,applylist_Y114000003,backNum,,int,,,V
,applylist_Y114000003,getNum,,int,,,V
,applylist_Y114000003,police_time,,datetime,,,V
,applylist_Y114000003,team_check9,,varchar,1,,V
,applylist_Y114000003,leader_student,,varchar,3,,V
,applylist_Y114000003,leaderchg,,nvarchar,1,,V
,applylist_Y114000003,cdescript,,nvarchar,1000,,V
,applylist_Y114000003,actin,,int,,,V
,applylist_Y114000003,actinnote_id,,int,,,V
,applylist_Y114000003,actout,,int,,,V
,applylist_Y114000003,actoutnote_id,,int,,,V
,applylist_Y114000003,actoutdate,,datetime,,,V
,applylist_Y114000003,actoutTM2_X,,float,,,V
,applylist_Y114000003,actoutTM2_Y,,float,,,V
,applylist_Y114000003,actoutX,,float,,,V
,applylist_Y114000003,actoutY,,float,,,V
,applylist_Y114000003,team_desc11,,varchar,1,,V
,applylist_Y114000003,team_desc12,,varchar,1,,V
,applylist_Y114000003,isfileup,,varchar,1,,V
,applylist_Y114000003,Nolog,,varchar,1,,V
,applylist_Y114000003,leader_contactact_tel,,nvarchar,50,,V
,applylist_Y114000003,changeleader,,int,,,V
,applylist_Y114000003,changeleadercount,,int,,,V
,applylist_Y114000003,ForeignManyTime,,nvarchar,1,,V
,applylist_Y114000003,opinion1,,nvarchar,1000,,V
,applylist_Y114000003,opinion2,,nvarchar,1000,,V
,applylist_Y114000003,opinion3,,nvarchar,1000,,V
,applylist_Y114000003,team_desc13,,varchar,1,,V
,applylist_Y114000003,team_check10,,varchar,1,,V
,applylist_Y114000003,team_check10Account,,nvarchar,100,,V
,applylist_Y114000003,team_check10Fee,,nvarchar,20,,V
,applylist_Y114000003,leaderchgnote,,nvarchar,1000,,V
,applylist_Y114000003,mgnote,,nvarchar,1000,,V
,applylist_Y114000003,reachtime,,datetime,,,V
,applylist_Y114000003,isnpm,,int,,,V
,applylist_Y114000003,team_desc7pcnt,,int,,,V
,applylist_Y114000003,team_desc7paydate,,datetime,,,V
,applylist_Y114000003,team_desc7money,,int,,,V
,applylist_Y114000003,apply_nationidtext,,nvarchar,500,,V
,applylist_Y114000003,leader_nationidtext,,nvarchar,500,,V
,applylist_Y114000003,stay_nationidtext,,nvarchar,500,,V
,applylist_Y114000003,team_desc14,,nvarchar,1,,V
,applylist_Y114000003,ldraword,,int,,,V
,applylist_Y114000003,lineballotdate,,datetime,,,V
,applylist_Y114000003,outsend,,int,,,V
,applylist_Y114000003,outsenddate,,datetime,,,V
,applylist_Y114000003,outpaystatus,,char,2,,V
,applylist_Y114000003,outpayYdate,,datetime,,,V
,applylist_Y114000003,outpayNdate,,datetime,,,V
,applylist_Y114000003,outsendnetneed,,nvarchar,1,,V
,applylist_Y114000003,typhoonudate,,datetime,,,V
,applylist_Y114000003,company,,nvarchar,10,,V
,applylist_Y114000003,NEWCANCELNUM,,nvarchar,20,,V
,applylist_Y114000003,NEWCANCELNUM2,,nvarchar,20,,V
,applylist_Y114000003,NEWCANCELNUM3,,nvarchar,20,,V
,applylist_Y114000003,out_teams_count,,int,,,V
,applylist_Y114000003,act_note,,ntext,,,V
,applylist_Y114000003,bearserial,,nvarchar,10,,V
,applylist_Y114000003,bearnote,,nvarchar,1000,,V
,applylist_Y114000003,team_desc15,,varchar,1,,V
,applylist_Y114000003,bar1,,nvarchar,20,,V
,applylist_Y114000003,bar2,,nvarchar,20,,V
,applylist_Y114000003,bar3,,nvarchar,20,,V
,applylist_Y114000003,plan_outdate,,date,,,V
,applylist_Y114000003,IsStoreFIlesUp,,int,,,V
,applylist_Y114000003,IsStoreFIlesChk,,int,,,V
,applylist_Y114000003,IsStoreMoneyIn,,int,,,V
,applylist_Y114000003,StorePrtTime,,datetime,,,V
,applylist_Y114000003,frserial,,nvarchar,10,,V
,applylist_Y114000003,frnote,,nvarchar,1000,,V
,applylist_Y114000003,spnp_f_id,,int,,,V
,applylist_Y114000003,spnp_c_id,,int,,,V
,applylist_Y114000003,team_desc14content,,nvarchar,200,,V
,applylist_Y114000003,changeleadeMode,,int,,,V
,applylist_Y114000003,useballot,,int,,,V
,applylist_Y114000003,Draw_no,,int,,,V
,applylist_Y114000003,Drawtype,,int,,,V
,applylist_Y114000003,CaseSerial,,nvarchar,200,,V
,applylist_Y114000003,lchgout,,int,,,V
,applylist_Y114000003,applylist_checkstatus,,int,,,V
,applylist_Y114000003,applylist_checkdate,,datetime,,,V
,applylist_Y114000003,applylist_checkCrdate,,datetime,,,V
,applylist_Y114000003,hikingsafetynotes,,nvarchar,1000,,V
,applylist_Y114000003,ctype,,nvarchar,10,,V
,applylist_Y114000003,cltype,,nvarchar,10,,V
,applylist_Y114000003,schtext,,ntext,,,V
,applylist_Y114000003,exptext,,ntext,,,V
,applylist_Y114000003,evetext,,ntext,,,V
,applylist_Y114000003,lnttext,,ntext,,,V
,applylist_Y114000003,emergencyRoute,,nvarchar,1000,,V
,applylist_Y114000003,safetyAssessment,,nvarchar,1000,,V
,applylist_Y114000003,lostContactHours,,int,,,V
,applylist_Y114000003,lastDayDelayHours,,int,,,V
,applylist_Y114000003,stayPlanNote,,nvarchar,1000,,V
,applylist_Y114000003,TCaseSerial,,nvarchar,200,,V
,applylist_Y114000003,team_desc16,,varchar,1,,V
,applyrefund,af_id,,bigint,,,
,applyrefund,af_sid,申請人身份證字號,nvarchar,50,,V
,applyrefund,af_mobile,申請人手機號碼,nvarchar,20,,V
,applyrefund,af_chkpassword,驗證密碼,nvarchar,20,,V
,applyrefund,af_crtdate,,datetime,,,V
,applyrefund,af_upddate,,datetime,,,V
,applyrefund_file,aff_id,,bigint,,,
,applyrefund_file,aft_id,退費申請人id,bigint,,,V
,applyrefund_file,m_id,apply_teams.m_id,bigint,,,V
,applyrefund_file,cn_id,cancelmember.cn_id,bigint,,,V
,applyrefund_file,ftype,A：收據；B:特殊狀況證明文件；C：委託書,nvarchar,10,,V
,applyrefund_file,fname,,nvarchar,200,,V
,applyrefund_file,A_billnum,收據編號,nvarchar,20,,V
,applyrefund_file,A_get,N：未索取；Y：已索取,nvarchar,20,,V
,applyrefund_file,A_type,A：正本；B：影本,nvarchar,20,,V
,applyrefund_file,B_type,A：醫療診斷證明書；B：機關證明；C：其他,nvarchar,20,,V
,applyrefund_file,C_name,受委託人,nvarchar,100,,V
,applyrefund_file,C_type,N：不需郵寄委託書；Y：需郵寄委託書,nvarchar,10,,V
,applyrefund_file,affother,說明,nvarchar,50,,V
,applyrefund_file,crtdate,,datetime,,,V
,applyrefund_file,upddate,,datetime,,,V
,applyrefund_file,a_id,,bigint,,,V
,applyrefund_file,aplysid,,nvarchar,20,,V
,applyrefund_file,aplymobile,,nvarchar,20,,V
,applyrefund_log,id,主索引值,int,,,
,applyrefund_log,afp_id,關連applylist資料表a_id,bigint,,,V
,applyrefund_log,email,,nvarchar,200,,V
,applyrefund_log,action,動作,nvarchar,1500,,V
,applyrefund_log,ip,ip位址,nvarchar,50,,V
,applyrefund_log,triggerdate,觸發時間,datetime,,,V
,applyrefund_log,userid,執行者,nvarchar,100,,V
,applyrefund_log,logtxt,額外資訊,ntext,,,V
,applyrefund_member,afm_id,,bigint,,,
,applyrefund_member,aft_id,,bigint,,,V
,applyrefund_member,m_id,,bigint,,,V
,applyrefund_member,cn_id,,bigint,,,V
,applyrefund_member,rd_id,,bigint,,((0)),V
,applyrefund_member,NoIn,,int,,((0)),V
,applyrefund_person,afp_id,,bigint,,,
,applyrefund_person,aplyname,申請人姓名,nvarchar,50,,V
,applyrefund_person,aplysid,申請人身份證號,nvarchar,50,,V
,applyrefund_person,aplymobile,申請人手機號碼,nvarchar,50,,V
,applyrefund_person,aplydate,申請退費日期,datetime,,,V
,applyrefund_person,bankname,金融機構名稱,nvarchar,50,,V
,applyrefund_person,bankcode,銀行代碼,nvarchar,50,,V
,applyrefund_person,bankpername,戶名,nvarchar,50,,V
,applyrefund_person,bankaccount,帳號,nvarchar,50,,V
,applyrefund_person,bankaccountfile,存摺封面影本上傳,nvarchar,50,,V
,applyrefund_person,aplymoney,申請退費金額,int,,,V
,applyrefund_person,applyrefund,實際退費金額,int,,,V
,applyrefund_person,af_id,,bigint,,,V
,applyrefund_person,status,,int,,,V
,applyrefund_person,refcheckDate,退費送審日期,date,,,V
,applyrefund_person,aplyemail,,nvarchar,200,,V
,applyrefund_person,bankbranch,,nvarchar,50,,V
,applyrefund_person,bankbranch_code,,nvarchar,10,,V
,applyrefund_teams,aft_id,,bigint,,,
,applyrefund_teams,afp_id,退費申請人員 id,bigint,,,V
,applyrefund_teams,a_id,,bigint,,,V
,applyrefund_teams,rea_id,退費原因(代碼),int,,,V
,applyrefund_teams,billnumget,N：未索取；Y：已索取,nvarchar,10,,V
,applyrefund_teams,commbook,委託書 N：不要；Y：要,nvarchar,10,,V
,applyrefund_teams,crtdate,,datetime,,,V
,applyrefund_teams,r_id,,int,,,V
,applyrefund_teams,upddate,,datetime,,,V
,applyrefund_teams,note,,nvarchar,1000,,V
,applyrefund_teams,istake,已收到委託書；不需檢附委託書,int,,((0)),V
,applyrefund_teams,renote,A:收據存玉管處，未索取;B:收據將於YYY/MM/DD前寄至玉管處;C:收據遺失，無法提供正本,nvarchar,1,,V
,applyteams_view,a_id,,int,,,
,applyteams_view,OrgID,,uniqueidentifier,,,V
,applyteams_view,member_sid,,nvarchar,50,,V
,applyteams_view,status,,int,,,V
,applyteams_view,apply_date,,date,,,V
,applyteams_view_other,a_id,,int,,,
,applyteams_view_other,OrgID,,uniqueidentifier,,,V
,applyteams_view_other,member_sid,,nvarchar,50,,V
,applyteams_view_other,status,,int,,,V
,applyteams_view_other,apply_date,,datetime,,,V
,applyteamsStay_view,a_id,,int,,,
,applyteamsStay_view,OrgID,,uniqueidentifier,,,V
,applyteamsStay_view,member_sid,,nvarchar,50,,V
,applyteamsStay_view,status,,int,,,V
,applyteamsStay_view,apply_date,,date,,,V
,applyteamsStay_view_other,a_id,,int,,,
,applyteamsStay_view_other,OrgID,,uniqueidentifier,,,V
,applyteamsStay_view_other,member_sid,,nvarchar,50,,V
,applyteamsStay_view_other,status,,int,,,V
,applyteamsStay_view_other,apply_date,,datetime,,,V
,ApprovedTeams,at_id,,bigint,,,
,ApprovedTeams,a_id,,bigint,,,V
,ApprovedTeams,ocount,原申請人數,int,,,V
,ApprovedTeams,ccount,取消人數,int,,,V
,ApprovedTeams,tcount,隊伍人數,int,,,V
,ApprovedTeams,fdate,初審日期,datetime,,,V
,ApprovedTeams,adate,核准日期,datetime,,,V
,ApprovedTeams,crtdate,,datetime,,(getdate()),V
,ApprovedTeams,lid,,bigint,,((0)),V
,aspnet_Applications,ApplicationName,應用程式名稱,nvarchar,256,,
,aspnet_Applications,LoweredApplicationName,應用程式名稱(小寫),nvarchar,256,,
PK,aspnet_Applications,ApplicationId,應用程式識別碼,uniqueidentifier,,(newid()),
,aspnet_Applications,Description,描述,nvarchar,256,,V
,aspnet_Membership,ApplicationId,應用程式識別碼,uniqueidentifier,,,
PK,aspnet_Membership,UserId,使用者編號,uniqueidentifier,,,
,aspnet_Membership,Password,密碼,nvarchar,128,,
,aspnet_Membership,PasswordFormat,密碼格式,int,,((0)),
,aspnet_Membership,PasswordSalt,加密碼,nvarchar,128,,
,aspnet_Membership,MobilePIN,,nvarchar,16,,V
,aspnet_Membership,Email,Email,nvarchar,256,,V
,aspnet_Membership,LoweredEmail,Email小寫,nvarchar,256,,V
,aspnet_Membership,PasswordQuestion,密碼諮問問題,nvarchar,256,,V
,aspnet_Membership,PasswordAnswer,密碼諮問答案,nvarchar,128,,V
,aspnet_Membership,IsApproved,是否允許使用此網頁,bit,,,
,aspnet_Membership,IsLockedOut,帳號鎖定,bit,,,
,aspnet_Membership,CreateDate,建立日期,datetime,,,
,aspnet_Membership,LastLoginDate,最後登入日期,datetime,,,
,aspnet_Membership,LastPasswordChangedDate,密碼最後修改日期,datetime,,,
,aspnet_Membership,LastLockoutDate,最後鎖定日期,datetime,,,
,aspnet_Membership,FailedPasswordAttemptCount,密碼嘗試輸入次數,int,,,
,aspnet_Membership,FailedPasswordAttemptWindowStart,密碼嘗試輸入起始日期,datetime,,,
,aspnet_Membership,FailedPasswordAnswerAttemptCount,密碼諮問問題回覆次數,int,,,
,aspnet_Membership,FailedPasswordAnswerAttemptWindowStart,密碼諮問問題回覆起始日期,datetime,,,
,aspnet_Membership,Comment,說明,ntext,,,V
PK,aspnet_Profile,UserId,使用者編號,uniqueidentifier,,,
,aspnet_Profile,PropertyNames,使用者屬性資料1,ntext,,,
,aspnet_Profile,PropertyValuesString,使用者屬性資料2,ntext,,,
,aspnet_Profile,PropertyValuesBinary,使用者圖片檔,image,,,
,aspnet_Profile,LastUpdatedDate,最後更新日期,datetime,,,
,aspnet_Roles,ApplicationId,應用程式識別碼,uniqueidentifier,,,
PK,aspnet_Roles,RoleId,角色編號,uniqueidentifier,,(newid()),
,aspnet_Roles,RoleName,角色名稱,nvarchar,256,,
,aspnet_Roles,LoweredRoleName,角色名稱(小寫),nvarchar,256,,
,aspnet_Roles,Description,描述,nvarchar,256,,V
,aspnet_Roles,OrgID,單位編號,uniqueidentifier,,,V
PK,aspnet_SchemaVersions,Feature,,nvarchar,128,,
PK,aspnet_SchemaVersions,CompatibleSchemaVersion,,nvarchar,128,,
,aspnet_SchemaVersions,IsCurrentVersion,,bit,,,
,aspnet_Users,ApplicationId,應用程式名稱,uniqueidentifier,,,
PK,aspnet_Users,UserId,使用者編號,uniqueidentifier,,(newid()),
,aspnet_Users,UserName,使用者名稱,nvarchar,256,,
,aspnet_Users,LoweredUserName,使用者名稱(小寫),nvarchar,256,,
,aspnet_Users,MobileAlias,手機別名,nvarchar,16,(NULL),V
,aspnet_Users,IsAnonymous,匿名,bit,,((0)),
,aspnet_Users,LastActivityDate,最後登入時間,datetime,,,
PK,aspnet_UsersInRoles,UserId,使用者編號,uniqueidentifier,,,
PK,aspnet_UsersInRoles,RoleId,角色編號,uniqueidentifier,,,
PK,aspnet_WebEvent_Events,EventId,,char,32,,
,aspnet_WebEvent_Events,EventTimeUtc,,datetime,,,
,aspnet_WebEvent_Events,EventTime,,datetime,,,
,aspnet_WebEvent_Events,EventType,,nvarchar,256,,
,aspnet_WebEvent_Events,EventSequence,,decimal,"19,0",,
,aspnet_WebEvent_Events,EventOccurrence,,decimal,"19,0",,
,aspnet_WebEvent_Events,EventCode,,int,,,
,aspnet_WebEvent_Events,EventDetailCode,,int,,,
,aspnet_WebEvent_Events,Message,,nvarchar,1024,,V
,aspnet_WebEvent_Events,ApplicationPath,,nvarchar,256,,V
,aspnet_WebEvent_Events,ApplicationVirtualPath,,nvarchar,256,,V
,aspnet_WebEvent_Events,MachineName,,nvarchar,256,,
,aspnet_WebEvent_Events,RequestUrl,,nvarchar,1024,,V
,aspnet_WebEvent_Events,ExceptionType,,nvarchar,256,,V
,aspnet_WebEvent_Events,Details,,ntext,,,V
PK,attention,id,主索引鍵,int,,,
,attention,OrgID,國家公園編號,uniqueidentifier,,,V
,attention,name,注意事項(中文),ntext,,,V
,attention,name_en,注意事項(英文),ntext,,,V
,attention,name_jp,注意事項(日文),ntext,,,V
,attention,ord,排序鍵,int,,,V
,attention,chk,啟用狀態(0停用1啟用),int,,,V
,attention,CreateDate,建立日期,datetime,,,V
,attention,selectchk,預設勾選(1)預設不勾選(0),int,,((1)),V
PK,Ballot,id,主索引值,int,,,
,Ballot,title,中文標題,nvarchar,200,,V
,Ballot,title_eng,英文標題,nvarchar,200,,V
,Ballot,content,中文抽籤結果內容,ntext,,,V
,Ballot,content_eng,英文抽籤結果內容,ntext,,,V
,Ballot,node_id,關連node資料表node_id節點,int,,,V
,Ballot,sdate,發佈日期,date,,,V
,Ballot,CreateDate,建立時間,datetime,,,V
,Ballot,chk,發布(0不發布1發布),int,,,V
,Ballot,OrgID,單位編號,uniqueidentifier,,,V
,Ballot,title_jp,,nvarchar,250,,V
,Ballot,content_jp,,ntext,,,V
,Ballot,sendtime,,datetime,,,V
,Ballot,publictime,,datetime,,,V
,Ballot,sendusr,,nvarchar,50,,V
,Ballot,publicusr,,nvarchar,50,,V
,Ballot,sendsmstime,,datetime,,,V
,Ballot,sendsmsusr,,nvarchar,50,,V
,Ballot,PeoCnt,,int,,,V
,Ballot,Pecnt,,int,,,V
PK,BallotLine,id,主索引值,int,,,
,BallotLine,title,中文標題,nvarchar,200,,V
,BallotLine,title_eng,英文標題,nvarchar,200,,V
,BallotLine,content,中文抽籤結果內容,ntext,,,V
,BallotLine,content_eng,英文抽籤結果內容,ntext,,,V
,BallotLine,c_id,關連node資料表node_id節點,int,,,V
,BallotLine,sdate,發佈日期,date,,,V
,BallotLine,CreateDate,建立時間,datetime,,,V
,BallotLine,chk,發布(0不發布1發布),int,,,V
,BallotLine,OrgID,單位編號,uniqueidentifier,,,V
,BallotLine,title_jp,,nvarchar,250,,V
,BallotLine,content_jp,,ntext,,,V
,BallotLine,sendtime,,datetime,,,V
,BallotLine,publictime,,datetime,,,V
,BallotLine,sendusr,,nvarchar,50,,V
,BallotLine,publicusr,,nvarchar,50,,V
,BallotLine,sendsmstime,,datetime,,,V
,BallotLine,sendsmsusr,,nvarchar,50,,V
,BANKDATA,BK_ID,,int,,,
,BANKDATA,BKCODE,,nvarchar,10,,V
,BANKDATA,BKTITLE,,nvarchar,50,,V
,BANKDATA,enable,,int,,((0)),V
,BANKSUB,BKS_ID,,bigint,,,
,BANKSUB,BKS_BKCODE,銀行代碼,nvarchar,10,,V
,BANKSUB,BKS_BKTITLE,銀行名稱,nvarchar,50,,V
,BANKSUB,BKS_CODE,分行代碼,nvarchar,10,,V
,BANKSUB,BKS_TITLE,分行名稱,nvarchar,50,,V
,BANKSUB,BKS_STITLE,,nvarchar,50,,V
,BANKSUB,enable,,int,,((1)),V
,BANKSUB_20260811B,BKS_ID,,bigint,,,
,BANKSUB_20260811B,BKS_BKCODE,,nvarchar,10,,V
,BANKSUB_20260811B,BKS_BKTITLE,,nvarchar,50,,V
,BANKSUB_20260811B,BKS_CODE,,nvarchar,10,,V
,BANKSUB_20260811B,BKS_TITLE,,nvarchar,50,,V
,BANKSUB_20260811B,BKS_STITLE,,nvarchar,50,,V
,BANKSUB_20260811B,enable,,int,,,V
,barcode_log,BG_ID,,bigint,,,
,barcode_log,SID,,nvarchar,150,,V
,barcode_log,TYPE,0：前臺；1：後臺；2：排雲後臺,nvarchar,10,,V
,barcode_log,CRTDATE,,datetime,,(getdate()),V
PK,Basic_ApiLog,id,,int,,,
,Basic_ApiLog,LogsRowId,GuidKey,uniqueidentifier,,(newid()),
,Basic_ApiLog,UnitsRowId,登錄者單位,uniqueidentifier,,,V
,Basic_ApiLog,UsersRowId,登錄者,uniqueidentifier,,,V
,Basic_ApiLog,IpAddress,來源IP,varchar,20,,V
,Basic_ApiLog,Actions,動作,nvarchar,50,,V
,Basic_ApiLog,ApiFunc,API名稱,nvarchar,200,,V
,Basic_ApiLog,Urls,連結,nvarchar,MAX,,V
,Basic_ApiLog,Datas,輸入資料,nvarchar,MAX,,V
,Basic_ApiLog,Notes,備註,ntext,,,V
,Basic_ApiLog,Responses,回傳值,nvarchar,MAX,,V
,Basic_ApiLog,CreateDate,建立日期,datetime,,(getdate()),V
,BearRouteNode,br_id,,bigint,,,
,BearRouteNode,node1,,bigint,,,V
,BearRouteNode,node2,,bigint,,,V
,bedBookingWaiting,案件狀態,,varchar,12,,V
,bedBookingWaiting,status,,int,,,V
,bedBookingWaiting,Expr1,,nvarchar,253,,V
,bedBookingWaiting,OrgID,,uniqueidentifier,,,V
,bedBookingWaiting,climblineid,,int,,,V
,bedBookingWaiting,serial,,nvarchar,50,,V
,bedBookingWaiting,b_id,,int,,,
,bedBookingWaiting,node_id,,int,,,V
,bedBookingWaiting,a_id,,int,,,V
,bedBookingWaiting,booking_date,,date,,,V
,bedBookingWaiting,bookingnum,,int,,,V
,bedBookingWaiting,bookingnumok,,int,,,V
,bedBookingWaiting,teams_count,,int,,,V
,bedBookingWaiting,apply_teamsCount,,int,,,V
,bedBookingWaiting,bedCount,,int,,,V
,bedBookingWaiting,bookserial,,nvarchar,100,,V
,bedBookingWaiting,chk,,int,,,V
,bedBookingWaiting,CreateDate,,datetime,,,V
PK,bedlist,bed_id,唯一值,int,,,
,bedlist,node_id,節點編號,int,,,V
,bedlist,bedtype,床位類別(1：床位；0：營位),int,,,V
,bedlist,bednum,床號,nvarchar,30,,V
,bedlist,enable,啟用(1：是；0：否),int,,,V
,bedlist,general,平日位(1：是；0：否),int,,,V
,bedlist,holiday,假日位(1：是；0：否),int,,,V
,bedlist,COVID19,,int,,((1)),V
,bedlist,ta,,int,,,V
,bedlist,tb,,int,,,V
,bedlist,tc,,int,,,V
,bedlist,td,,int,,,V
PK,BidRequirement,id,序號,int,,,
PK,BidRequirement,OrgID,發佈單位,uniqueidentifier,,,
,BidRequirement,content,發佈內容,ntext,,,V
,BidRequirement,content_eng,發佈內容(英),ntext,,,V
,BidRequirement,content_jp,發佈內容(日),ntext,,,V
,BidRequirement,CreateDate,建立日期,datetime,,,V
PK,Blacklist,sid,身份證號/護照號碼,nvarchar,50,,
,Blacklist,sdate,停權日期(起),date,,,V
,Blacklist,edate,停權日期(迄),date,,,V
PK,Blacklist,v_id,關連apply_vplist資料表的vid,int,,,
PK,Blacklist,i_id,,int,,,
,BlackSta,mval,,char,7,,V
,BlackSta,Blacklist_IrrItem,,nvarchar,50,,V
,BlackSta,cnt,,int,,,V
PK,booking,b_id,系統編號,int,,,
,booking,node_id,節點編號,int,,,V
,booking,a_id,申請入園編號,int,,,V
,booking,booking_date,居住日期,date,,,V
,booking,bookingnum,排定床位數,int,,,V
,booking,bookingnumok,實際取得床位數,int,,((0)),V
,booking,bookingnumcok,實際取得營位數,int,,((0)),V
,booking,bookserial,順位編號,nvarchar,100,,V
,booking,chk,審核狀態(0未審核1審核通過2取消3退件4抽籤5.EMERGENCY),int,,,V
,booking,ballottype,(0尚未抽籤1中籤2未中籤),int,,,V
,booking,bollot,是否為抽籤(是1否0),int,,((0)),V
,booking,bollotbak,抽籤備取(0否1是),int,,((0)),V
,booking,draword,中籤順序(備取順序),int,,,V
,booking,descript,備註,nvarchar,100,,V
,booking,bedfirst,床位優先：1；營位優先：0(宿營地同時有床位與營位時要選擇),int,,,V
,booking,UrgentNumber,緊急床位,int,,((0)),V
,booking,drawreturndate,抽籤退件日,date,,,V
,booking,beforestatus,抽籤前狀態,int,,,V
,booking,afterstatus,抽籤後狀態,int,,,V
,booking,IsNotRecovery,不能 重設抽籤結果,nvarchar,1,,V
,booking,gnum," 遞補序位",nvarchar,10,,V
,booking,IsActive," 是否活動專案",nvarchar,1,,V
,booking,spnproomshare,雪霸遞補山屋營地,int,,((0)),V
,booking,IsNotPay,,int,,,V
,booking,campcnt,嘉明湖營地 需求營帳數,int,,,V
,booking,ccDate,,datetime,,(getdate()),V
,booking,camp4,4人帳數量雲稜營地,int,,((0)),V
,booking,camp2,2人帳數量雲稜營地,int,,((0)),V
,booking,alocalmoney,,int,,,V
,booking,afmoney,,int,,,V
PK,booking_bak,b_id,系統編號,int,,,
,booking_bak,node_id,節點編號,int,,,V
,booking_bak,a_id,申請入園編號,int,,,V
,booking_bak,booking_date,居住日期,date,,,V
,booking_bak,bookingnum,排定床位數,int,,,V
,booking_bak,bookingnumok,實際取得床位數,int,,((0)),V
,booking_bak,bookingnumcok,實際取得營位數,int,,((0)),V
,booking_bak,bookserial,順位編號,nvarchar,100,,V
,booking_bak,chk,審核狀態(0未審核1審核通過2取消3退件4抽籤5),int,,,V
,booking_bak,ballottype,(0尚未抽籤1中籤2未中籤),int,,,V
,booking_bak,bollot,是否為抽籤(是1否0),int,,((0)),V
,booking_bak,bollotbak,抽籤備取(0否1是),int,,((0)),V
,booking_bak,draword,中籤順序(備取順序),int,,,V
,booking_bak,descript,備註,nvarchar,100,,V
,booking_bak,bedfirst,床位優先：1；營位優先：0(宿營地同時有床位與營位時要選擇),int,,,V
,booking_bak,UrgentNumber,緊急床位,int,,((0)),V
,booking_bak,drawreturndate,,date,,,V
,booking_bak,beforestatus,,int,,,V
,booking_bak,afterstatus,,int,,,V
,booking_bak,IsNotRecovery,,nvarchar,1,,V
,booking_bak,gnum,,nvarchar,10,,V
,booking_bak,IsActive,,nvarchar,1,,V
,booking_bak,camp4,4人帳數量雲稜營地,int,,((0)),V
,booking_bak,camp2,2人帳數量雲稜營地,int,,((0)),V
PK,booking_bed,r_id,自動編號,int,,,
,booking_bed,b_id,宿營地居住編號,int,,,V
,booking_bed,bednum,床位序號,int,,,V
,booking_bed,bedtype,宿營位種類(0一般，1備用，2取消),int,,,V
,booking_bed,CR_DATE,,datetime,,(getdate()),V
PK,booking_bed_yushan,y_id,床位營位安排序號,int,,,
,booking_bed_yushan,b_id,宿營地居住編號,int,,,V
,booking_bed_yushan,bed_id,床位營位序號(bedlist.bed_id),int,,,V
,booking_bed_yushan,bedtype,宿營位種類(0一般，1備用，2取消),int,,,V
,booking_bed_yushan,m_id,入園申請隊員(apply_teams.m_id),int,,,V
,booking_bed_yushan,CR_DATE,,datetime,,(getdate()),V
,booking_bed_yushan_2017,y_id,,int,,,
,booking_bed_yushan_2017,b_id,,int,,,V
,booking_bed_yushan_2017,bed_id,,int,,,V
,booking_bed_yushan_2017,bedtype,,int,,,V
,booking_bed_yushan_2017,m_id,,int,,,V
,booking_bed_yushan_2017,CR_DATE,,datetime,,,V
,booking_bed_yushan_2017_2018,y_id,,int,,,
,booking_bed_yushan_2017_2018,b_id,,int,,,V
,booking_bed_yushan_2017_2018,bed_id,,int,,,V
,booking_bed_yushan_2017_2018,bedtype,,int,,,V
,booking_bed_yushan_2017_2018,m_id,,int,,,V
,booking_bed_yushan_2017_2018,CR_DATE,,datetime,,,V
,booking_bed_yushan_2019_2020,y_id,,int,,,
,booking_bed_yushan_2019_2020,b_id,,int,,,V
,booking_bed_yushan_2019_2020,bed_id,,int,,,V
,booking_bed_yushan_2019_2020,bedtype,,int,,,V
,booking_bed_yushan_2019_2020,m_id,,int,,,V
,booking_bed_yushan_2019_2020,CR_DATE,,datetime,,,V
,booking_bed_yushan_no,BN_ID,,bigint,,,
,booking_bed_yushan_no,B_ID,,bigint,,,V
,booking_bed_yushan_no,M_ID,,bigint,,,V
,booking_bed_yushan_no,BN_CRTDATE,,datetime,,(getdate()),V
PK,booking_bedlock,node_id,節點ID(關聯NODE的NODE_ID),int,,,
PK,booking_bedlock,bednum,床號,int,,,
PK,booking_bedlock1_2,node_id,節點ID(關聯NODE的NODE_ID),int,,,
PK,booking_bedlock1_2,bednum,床號,int,,,
,booking_numclose,id,索引,bigint,,,
PK,booking_numclose,node_id,節點ID(關聯NODE的NODE_ID),int,,,
PK,booking_numclose,bednum,關閉床號,int,,,
,booking_numclose,book_sdate,關閉日期起,date,,,V
,booking_numclose,book_edate,關閉日期迄,date,,,V
,booking_numclose,ps,關閉說明,ntext,,,V
,booking_refund,br_id,,bigint,,,
,booking_refund,campfee_id,,int,,,V
,booking_refund,b_id,,int,,,V
,booking_refund,node_id,,bigint,,,V
,booking_refund,booking_date,,date,,,V
,booking_refund,a_id,,bigint,,,V
,booking_refund,CRTDATE,,datetime,,(getdate()),V
,booking_refund,alocalmoney,,int,,,V
,booking_refund,afmoney,,int,,,V
PK,booking_shareroom,b_id,,int,,,
,booking_shareroom,node_id,,int,,,V
,booking_shareroom,booking_date,,date,,,V
,booking_shareroom,a_id,,int,,,V
,booking_shareroom,share_room,,int,,((0)),V
,booking_view,node_id,,int,,,V
,booking_view,a_id,,int,,,V
,booking_view,booking_date,,date,,,V
,booking_view,bookingnum,,int,,,V
,booking_view,bookingnumok,,int,,,V
,booking_view,bookserial,,nvarchar,100,,V
,booking_view,chk,,int,,,V
,booking_view,r_id,,int,,,
,booking_view,b_id,,int,,,V
,booking_view,bednum,,int,,,V
,booking_view,bedtype,,int,,,V
,booking_view,CR_DATE,,datetime,,,V
,booking_view,camp4,,int,,,V
,booking_view,camp2,,int,,,V
,booking_Y114000003,b_id,,int,,,
,booking_Y114000003,node_id,,int,,,V
,booking_Y114000003,a_id,,int,,,V
,booking_Y114000003,booking_date,,date,,,V
,booking_Y114000003,bookingnum,,int,,,V
,booking_Y114000003,bookingnumok,,int,,,V
,booking_Y114000003,bookingnumcok,,int,,,V
,booking_Y114000003,bookserial,,nvarchar,100,,V
,booking_Y114000003,chk,,int,,,V
,booking_Y114000003,ballottype,,int,,,V
,booking_Y114000003,bollot,,int,,,V
,booking_Y114000003,bollotbak,,int,,,V
,booking_Y114000003,draword,,int,,,V
,booking_Y114000003,descript,,nvarchar,100,,V
,booking_Y114000003,bedfirst,,int,,,V
,booking_Y114000003,UrgentNumber,,int,,,V
,booking_Y114000003,drawreturndate,,date,,,V
,booking_Y114000003,beforestatus,,int,,,V
,booking_Y114000003,afterstatus,,int,,,V
,booking_Y114000003,IsNotRecovery,,nvarchar,1,,V
,booking_Y114000003,gnum,,nvarchar,10,,V
,booking_Y114000003,IsActive,,nvarchar,1,,V
,booking_Y114000003,spnproomshare,,int,,,V
,booking_Y114000003,IsNotPay,,int,,,V
,booking_Y114000003,campcnt,,int,,,V
,booking_Y114000003,ccDate,,datetime,,,V
,booking_Y114000003,camp4,,int,,,V
,booking_Y114000003,camp2,,int,,,V
,booking_Y114000003,alocalmoney,,int,,,V
,booking_Y114000003,afmoney,,int,,,V
,bookingTmp,b_id,,int,,,
,bookingTmp,node_id,,int,,,V
,bookingTmp,a_id,,int,,,V
,bookingTmp,booking_date,,date,,,V
,bookingTmp,bookingnum,,int,,,V
,bookingTmp,bookingnumok,,int,,,V
,bookingTmp,bookingnumcok,,int,,,V
,bookingTmp,bookserial,,nvarchar,100,,V
,bookingTmp,chk,,int,,,V
,bookingTmp,ballottype,,int,,,V
,bookingTmp,bollot,,int,,,V
,bookingTmp,bollotbak,,int,,,V
,bookingTmp,draword,,int,,,V
,bookingTmp,descript,,nvarchar,100,,V
,bookingTmp,bedfirst,,int,,,V
,bookingTmp,UrgentNumber,,int,,,V
,bookingTmp,drawreturndate,,date,,,V
,bookingTmp,beforestatus,,int,,,V
,bookingTmp,afterstatus,,int,,,V
,bookingTmp,IsNotRecovery,,nvarchar,1,,V
,bookingTmp,gnum,,nvarchar,10,,V
,bookingTmp,IsActive,,nvarchar,1,,V
,bookingTmp,spnproomshare,,int,,,V
,bookingTmp,IsNotPay,,int,,,V
,bookingTmp,campcnt,,int,,,V
,bookingTmp,ccDate,,datetime,,,V
,bookingTmp,camp4,,int,,,V
,bookingTmp,camp2,,int,,,V
,bookingTmp,alocalmoney,,int,,,V
,bookingTmp,afmoney,,int,,,V
,C_150,Expr1,,varchar,9,,V
,C_150,BOOK,,nvarchar,62,,V
,C_150,name,,nvarchar,500,,V
,C_150,status,,int,,,V
,C_150,sumday,,int,,,V
,C_150,a_id,,int,,,
,C_150,serial,,nvarchar,50,,V
,C_150,CreateDate,,datetime,,,V
,C_150,apply_date,,date,,,V
,campfeebook,cb_id,,bigint,,,
,campfeebook,a_id,applylist.a_id,bigint,,,V
,campfeebook,b_id,booking.b_id,bigint,,,V
,campfeebook,ldate,booking.booking_date,date,,,V
,campfeebook,nalocalmoney,當天住宿本國人費用(人),int,,,V
,campfeebook,nafmoney,當天住宿外國人費用(人),int,,,V
,campfeelist,CL_ID,,bigint,,,
,campfeelist,A_ID,,bigint,,,V
,campfeelist,SERIAL,,nvarchar,50,,V
,campfeelist,leader_name,領隊姓名,nvarchar,200,,V
,campfeelist,leader_nation,領隊國籍,nvarchar,200,,V
,campfeelist,leader_mobile,領隊手機,nvarchar,50,,V
,campfeelist,leader_sid,領隊身份證號,nvarchar,50,,V
,campfeelist,apply_name,申請人姓名,nvarchar,200,,V
,campfeelist,apply_nation,申請人國籍,nvarchar,200,,V
,campfeelist,apply_mobile,申請人手機,nvarchar,50,,V
,campfeelist,apply_sid,申請人身份證號,nvarchar,50,,V
,campfeelist,nlmoney,本國人宿營地費用,int,,((0)),V
,campfeelist,nfmoney,外國人宿營地費用,int,,((0)),V
,campfeelist,CRTDATE,,datetime,,(getdate()),V
,campfeeteams,CT_ID,,bigint,,,
,campfeeteams,M_ID,,bigint,,,V
,campfeeteams,A_ID,,bigint,,,V
,campfeeteams,member_nation,國家別  本國0 外國1,nvarchar,200,,V
,campfeeteams,member_name,隊員名稱,nvarchar,200,,V
,campfeeteams,member_mobile,隊員手機,nvarchar,50,,V
,campfeeteams,member_sid,隊員身份證號,nvarchar,50,,V
,campfeeteams,CRTDATE,,datetime,,(getdate()),V
PK,campmanagefees,campfee_id,使用規費 id,int,,,
,campmanagefees,b_id,入園申請資料表id,int,,,V
,campmanagefees,PAYSERIAL,繳費代碼,nvarchar,20,,V
,campmanagefees,cancel_num,,nvarchar,20,,V
,campmanagefees,money,應繳金額,int,,,V
,campmanagefees,paytype,"收費方式(郵政匯票：1；金融機構轉帳：2；現金（新臺幣）：3；4：線上繳費) ",nvarchar,2,,V
,campmanagefees,paysid,繳款人身份證字號,nvarchar,20,,V
,campmanagefees,TRANSACTIONSERIAL,交易代碼,nvarchar,20,,V
,campmanagefees,EID,e政府繳費代碼,nvarchar,20,,V
,campmanagefees,paydate,繳費日期,datetime,,,V
,campmanagefees,paymoney,繳費金額,int,,,V
,campmanagefees,refunds,退費金額,int,,,V
,campmanagefees,status,繳費狀態(1：已繳費；0：未繳費),int,,,V
,campmanagefees,descript,,nvarchar,1000,,V
,campmanagefees,refdate,申請退費日期,datetime,,,V
,campmanagefees,refuserid,受理人員,nvarchar,20,,V
,campmanagefees,refdesc,退費註記-備註,nvarchar,100,,V
,campmanagefees,a_id,,int,,,V
,campmanagefees,bill_num,收據編號,nvarchar,20,,V
,campmanagefees,billdate,,date,,,V
,campmanagefees,remitaccount,,nvarchar,50,,V
,campmanagefees,remitmoney,,int,,,V
,campmanagefees,inpaydate,,datetime,,,V
,campmanagefees,inmoney,,int,,,V
,campmanagefees,incancel_num,,nvarchar,100,,V
,campmanagefees,inerror,,nvarchar,100,,V
,campmanagefees,trandate,,datetime,,,V
,campmanagefees,ptype,,nvarchar,1,,V
,campmanagefees,PAYSERIAL2,,nvarchar,20,,V
PK,campmanagefeesDetail,fee_id,,int,,,
,campmanagefeesDetail,campfee_id,campmanagefees.campfee_id,int,,,V
,campmanagefeesDetail,b_id,apply_teams.m_id,int,,,V
,campmanagefeesDetail,lcnt,本國人退費人數,int,,,V
,campmanagefeesDetail,actlcnt,應繳人數(本國),int,,,V
,campmanagefeesDetail,fcnt,外國人退費人數,int,,,V
,campmanagefeesDetail,actfcnt,應繳人數(外國),int,,,V
,campmanagefeesDetail,money,應繳費用,int,,,V
,campmanagefeesDetail,status,1：已退費；2：待退費,int,,,V
,campmanagefeesDetail,refundsDate,申請退費日期,datetime,,,V
,campmanagefeesDetail,refcheckDate,退費送審日期,datetime,,,V
,campmanagefeesDetail,reason,退費原因,nvarchar,100,,V
,cancelmember,m_id,系統編號,int,,,
,cancelmember,a_id,入園申請編號,int,,,V
,cancelmember,pnum,隊員序號,int,,,V
,cancelmember,member_nation,國家別  本國0 外國1,nvarchar,200,,V
,cancelmember,member_nationid,外國國家(對應到Nation資料表id),int,,,V
,cancelmember,member_name,隊員名稱,nvarchar,200,,V
,cancelmember,member_tel,隊員電話,nvarchar,500,,V
,cancelmember,member_mobile,隊員手機,nvarchar,50,,V
,cancelmember,member_email,隊員電子郵件,nvarchar,200,,V
,cancelmember,member_sid,隊員身份證號,nvarchar,50,,V
,cancelmember,member_sex,隊員性別,nvarchar,50,,V
,cancelmember,member_birthday,隊員生日,date,,,V
,cancelmember,member_contactname,隊員緊急聯絡人,nvarchar,200,,V
,cancelmember,member_contacttel,隊員緊急聯絡電話,nvarchar,500,,V
,cancelmember,member_country,隊員居住城市,nvarchar,50,,V
,cancelmember,member_city,隊員居住鄉鎮,nvarchar,50,,V
,cancelmember,member_addr,隊員居住地址,nvarchar,200,,V
,cancelmember,leader,是否為領隊(0否1是),int,,,V
,cancelmember,sign,是否實際入園,bit,,,V
,cancelmember,noinreason,未入園原因,nvarchar,200,,V
,cancelmember,adddoc_date,家長同意書寄件日期,date,,,V
,cancelmember,member_student,是否為學生,varchar,3,,V
,cancelmember,member_contactact_tel,緊急連絡資訊,nvarchar,50,,V
,cancelmember,signout,是否實際入園,int,,,V
,cancelmember,nooutreason,未入園原因,nvarchar,200,,V
,cancelmember,treachtime,,datetime,,,V
,cancelmember,tservolname,,nvarchar,50,,V
,cancelmember,cn_id,,bigint,,,
,cancelmember,canceldate,,datetime,,,V
PK,Case_Main,CaseId,,int,,,
,Case_Main,CaseRowId,GuidKey,uniqueidentifier,,(newid()),
,Case_Main,CaseSerial,一站式案件編號,nvarchar,20,,V
,Case_Main,Language,語系,nvarchar,5,,V
,Case_Main,UnitsRowId,單位RowId,uniqueidentifier,,,
,Case_Main,TravelKinds,申請種類(1:單獨入山證申請 2:單獨自然保留區/自然保護區/野生保護區申請 3:單獨山屋/營地申請 4:自然保留區/自然保護區/野生保護區+申請特定山屋 5:國家公園+申請特定山屋 9:單獨國家公園申請),varchar,2,,V
,Case_Main,Main_guid,主路線RowId,nvarchar,MAX,,V
,Case_Main,Secondary_guid,次路線RowId,nvarchar,MAX,,V
,Case_Main,TravelFCUGuid,山屋/國家公園對應之單位GUID,uniqueidentifier,,,V
,Case_Main,TravelFCMGuid,山屋/國家公園對應之主路線GUID,nvarchar,MAX,,V
,Case_Main,TravelFCSGuid,山屋/國家公園對應之次路線GUID,nvarchar,MAX,,V
,Case_Main,ApplicantName,申請者,nvarchar,MAX,,V
,Case_Main,ApplicantSid,申請者身分證號,nvarchar,20,,V
,Case_Main,ApplicantMail,申請者MAIL,nvarchar,MAX,,V
,Case_Main,ApplicantTel,申請者電話,nvarchar,50,,V
,Case_Main,ApplicantMobile,申請者手機,nvarchar,50,,V
,Case_Main,OrderDate,申請日期,varchar,10,,
,Case_Main,StartDate,出發日期,varchar,10,,
,Case_Main,EndDate,結束日期,varchar,10,,V
,Case_Main,Days,天數,varchar,5,,V
,Case_Main,Peoples,人數,varchar,5,,V
,Case_Main,G_Applylist,國家公園送件JSON,nvarchar,MAX,,V
,Case_Main,TravelPlanInfo,行程節點JSON,nvarchar,MAX,,V
,Case_Main,TravelStep02,行程表單JSON,nvarchar,MAX,,V
,Case_Main,TravelStep03,隊伍資料JSON,nvarchar,MAX,,V
,Case_Main,TravelStep04,附件上傳JSON,nvarchar,MAX,,V
,Case_Main,TravelStep02Npa,警政署入山證表單INFO,nvarchar,MAX,,V
,Case_Main,TravelStep06Npa,警政署入山證送件JSON,nvarchar,MAX,,V
,Case_Main,TravelStep02Camp,山屋/營地申請單送件JSON,nvarchar,MAX,,V
,Case_Main,TravelStep02CampRoom,山屋/營地申請明細,nvarchar,MAX,,V
,Case_Main,TravelStep02CampFrom,山屋/營地FROM明細,nvarchar,MAX,,V
,Case_Main,TravelForestAreaInfo,自然保留區/自然保護區/野生保護區Info,nvarchar,MAX,,V
,Case_Main,TravelStep02ForestAreaFrom,自然保留區/自然保護區/野生保護區填寫表單,nvarchar,MAX,,V
,Case_Main,TravelStep06ForestAreaApplicantInfo,自然保留區/自然保護區/野生保護區送件申請人JSON,nvarchar,MAX,,V
,Case_Main,TravelStep06ForestArea,自然保留區/自然保護區/野生保護區送件JSON,nvarchar,MAX,,V
,Case_Main,CreateDate,建立日期,datetime,,(getdate()),V
,Case_Main,ThirdChk,同意同步提供個人資料至第三方留守平台,bit,,((0)),V
,Case_Main,ThirdChkReturn,第三方接收回傳,nvarchar,50,,V
,Case_Main,member,隊員資料,nvarchar,MAX,,V
,Case_Main,detail,訂單資料,nvarchar,MAX,,V
,Case_Main,payment_default,繳款方式(1:匯款 2:刷卡) 預設繳款方式,nvarchar,MAX,,V
,Case_Main,payment_timeout,繳款期限,nvarchar,MAX,,V
,Case_Main,payment_account,繳款虛擬帳號(須繳款方式為匯 款、且已中籤才會顯示),nvarchar,MAX,,V
,Case_Main,payment_status,是否已繳款(0:未繳款 1:已繳款),nvarchar,MAX,,V
,Case_Main,print_live,床位核准證(HTML)      // 只有 嘉明湖  其他兩個不確定 預留,nvarchar,MAX,,V
,Case_Main,payment,繳款方式(入帳的來源)   (24:匯款 22:刷卡)  // 嘉明湖 檜谷訂,nvarchar,MAX,,V
,Case_Main,Org_order,回傳的資料,nvarchar,MAX,,V
,Case_Main,CaseGuid,,uniqueidentifier,,,V
PK,Case_MainTemp,CaseId,,int,,,
,Case_MainTemp,CaseRowId,GuidKey,uniqueidentifier,,(newid()),
,Case_MainTemp,CaseSerial,一站式案件編號,nvarchar,20,,V
,Case_MainTemp,Language,語系,nvarchar,5,,V
,Case_MainTemp,UnitsRowId,單位RowId,uniqueidentifier,,,
,Case_MainTemp,TravelKinds,申請種類(1:單獨入山證申請 2:單獨自然保留區/自然保護區/野生保護區申請 3:單獨山屋/營地申請 4:自然保留區/自然保護區/野生保護區+申請特定山屋 5:國家公園+申請特定山屋 9:單獨國家公園申請),varchar,2,,V
,Case_MainTemp,Main_guid,主路線RowId,nvarchar,MAX,,V
,Case_MainTemp,Secondary_guid,次路線RowId,nvarchar,MAX,,V
,Case_MainTemp,TravelFCUGuid,山屋/國家公園對應之單位GUID,uniqueidentifier,,,V
,Case_MainTemp,TravelFCMGuid,山屋/國家公園對應之主路線GUID,nvarchar,MAX,,V
,Case_MainTemp,TravelFCSGuid,山屋/國家公園對應之次路線GUID,nvarchar,MAX,,V
,Case_MainTemp,ApplicantName,申請者,nvarchar,MAX,,V
,Case_MainTemp,ApplicantSid,申請者身分證號,nvarchar,20,,V
,Case_MainTemp,ApplicantMail,申請者MAIL,nvarchar,MAX,,V
,Case_MainTemp,ApplicantTel,申請者電話,nvarchar,20,,V
,Case_MainTemp,ApplicantMobile,申請者手機,nvarchar,10,,V
,Case_MainTemp,OrderDate,申請日期,varchar,10,,
,Case_MainTemp,StartDate,出發日期,varchar,10,,
,Case_MainTemp,EndDate,結束日期,varchar,10,,V
,Case_MainTemp,Days,天數,varchar,5,,V
,Case_MainTemp,Peoples,人數,varchar,5,,V
,Case_MainTemp,G_Applylist,國家公園送件JSON,nvarchar,MAX,,V
,Case_MainTemp,TravelPlanInfo,行程節點JSON,nvarchar,MAX,,V
,Case_MainTemp,TravelStep02,行程表單JSON,nvarchar,MAX,,V
,Case_MainTemp,TravelStep03,隊伍資料JSON,nvarchar,MAX,,V
,Case_MainTemp,TravelStep04,附件上傳JSON,nvarchar,MAX,,V
,Case_MainTemp,TravelStep02Npa,警政署入山證表單INFO,nvarchar,MAX,,V
,Case_MainTemp,TravelStep06Npa,警政署入山證送件JSON,nvarchar,MAX,,V
,Case_MainTemp,TravelStep02Camp,山屋/營地申請單送件JSON,nvarchar,MAX,,V
,Case_MainTemp,TravelStep02CampRoom,山屋/營地申請明細,nvarchar,MAX,,V
,Case_MainTemp,TravelStep02CampFrom,山屋/營地FROM明細,nvarchar,MAX,,V
,Case_MainTemp,TravelForestAreaInfo,自然保留區/自然保護區/野生保護區Info,nvarchar,MAX,,V
,Case_MainTemp,TravelStep02ForestAreaFrom,自然保留區/自然保護區/野生保護區填寫表單,nvarchar,MAX,,V
,Case_MainTemp,TravelStep06ForestAreaApplicantInfo,自然保留區/自然保護區/野生保護區送件申請人JSON,nvarchar,MAX,,V
,Case_MainTemp,TravelStep06ForestArea,自然保留區/自然保護區/野生保護區送件JSON,nvarchar,MAX,,V
,Case_MainTemp,CreateDate,建立日期,datetime,,(getdate()),V
PK,Case_PeopleCancel,CasePeopleCancelId,,int,,,
,Case_PeopleCancel,CaseRowId,Case_Main GID,uniqueidentifier,,,
,Case_PeopleCancel,CpamiPeoples,"國家公園取消之人員身分證(AAAA,BBBBB)",nvarchar,MAX,,V
,Case_PeopleCancel,ForestAreaPeoples,"自然保護留區取消之人員身分證(AAAA,BBBBB)",nvarchar,MAX,,V
,Case_PeopleCancel,CampPeoples,"山屋/營地取消之人員身分證(AAAA,BBBBB)",nvarchar,MAX,,V
PK,Case_Sub,CaseSubId,,int,,,
,Case_Sub,CaseRowId,Case_Main GID,uniqueidentifier,,,
,Case_Sub,CaseSerial,Case_Main:CaseSerial一站式案件編號,nvarchar,50,,
,Case_Sub,CpamiSerial,國家公園案件編號,nvarchar,50,,V
,Case_Sub,CpamiStatus,國家公園狀態,nvarchar,MAX,,V
,Case_Sub,CpamiModiftDate,異動日期,datetime,,,V
,Case_Sub,NpaSerial,警政署入山案件編號,nvarchar,50,,V
,Case_Sub,NpaStatus,警政署入山狀態,nvarchar,MAX,,V
,Case_Sub,NpaModiftDate,異動日期,datetime,,,V
,Case_Sub,CampSerial,山屋/營地申請案件編號,nvarchar,50,,V
,Case_Sub,CampStatus,山屋/營地狀態,nvarchar,MAX,,V
,Case_Sub,CampModiftDate,異動日期,datetime,,,V
,Case_Sub,ForestAreaSerial,自然保留區/自然保護區/野生保護區申請案件編號,nvarchar,50,,V
,Case_Sub,ForestAreaStatus,自然保留區/自然保護區/野生保護區狀態,nvarchar,MAX,,V
,Case_Sub,ForestAreaModiftDate,異動日期,datetime,,,V
,Case_Sub,TCaseSerial,Case_Main:CaseSerial一站式案件編號,nvarchar,50,,V
,Case_Sub,CaseGuid,,uniqueidentifier,,,V
,case1080112,Expr1,,int,,,V
,case1090109,Expr1,,int,,,V
,ChangHwaClose,ch_id,,bigint,,,
,ChangHwaClose,cYear,彰銀關帳日(年),int,,,V
,ChangHwaClose,cMonth,彰銀關帳日(月),int,,,V
,ChangHwaClose,cDate,彰銀關帳日,date,,,V
,ChangHwaClose,crtdate,,datetime,,,V
,ChangHwaClose,crtusr,,nvarchar,50,,V
,ChangHwaClose,upddate,,datetime,,,V
,ChangHwaClose,updusr,,nvarchar,50,,V
,CITY,CNTID,序號,smallint,,,
,CITY,CNTNAME,縣市名稱,nvarchar,20,,V
,CITY,CNTCODEL,代碼,nvarchar,2,,V
,CITY,RECSTATE,是否開啟,smallint,,,V
,CityParkWeather,CPW_ID,,bigint,,,
,CityParkWeather,TYPE,C：縣市；N；國家公園,nvarchar,1,,V
,CityParkWeather,locationName,顯示名稱,nvarchar,100,,V
,CityParkWeather,MinT,最低溫度,nvarchar,20,,V
,CityParkWeather,MaxT,最高溫度,nvarchar,20,,V
,CityParkWeather,startTime,國家公園24小時；各縣市12小時,datetime,,,V
,CityParkWeather,endTime,,datetime,,,V
,CityParkWeather,Wx,氣象狀況,nvarchar,50,,V
,CityParkWeather,PoP,降雨機率,nvarchar,20,,V
,CityParkWeather,ord,,int,,,V
,CityParkWeather,area,,nvarchar,20,,V
PK,ClimblineType,CT_ID,,bigint,,,
,ClimblineType,subject,,nvarchar,500,,V
,ClimblineType,CreateDate,建立日期,datetime,,(getdate()),V
,ClimblineType,UpdateDate,異動日期,datetime,,(getdate()),V
,ClimblineType,CrtUser,建立人員,nvarchar,20,,V
,ClimblineType,UpdUser,異動人員,nvarchar,20,,V
,ClimblineType,orderby,序號,int,,,V
PK,ClimbRouteMange,id,序號,int,,,
,ClimbRouteMange,OrgID,單位代碼,uniqueidentifier,,,V
,ClimbRouteMange,ClimbRoute,登山路線代碼,nvarchar,10,,V
,ClimbRouteMange,admchk,是否開放登山,int,,,V
,ClimbRouteMange,applychk,是否開放申請,int,,,V
,data_view,node_id,,int,,,
,data_view,id,,uniqueidentifier,,,
,data_view,r_id,,int,,,
,data_view,c_id,,int,,,
,data_view,Expr1,,int,,,
,EGOVPAYDATA,EP_ID,,bigint,,,
,EGOVPAYDATA,A_ID,,bigint,,,V
,EGOVPAYDATA,SessionKey,電子案號,nvarchar,50,,V
,EGOVPAYDATA,ROCID,證號,nvarchar,50,,V
,EGOVPAYDATA,PaymentType,付費工具,nvarchar,50,,V
,EGOVPAYDATA,CardNo,卡號(末四碼),nvarchar,50,,V
,EGOVPAYDATA,Amount,金額,int,,,V
,EGOVPAYDATA,ApproveNo,授權碼或轉帳序號,nvarchar,50,,V
,EGOVPAYDATA,InfoNo,機關核銷編號,nvarchar,50,,V
,EGOVPAYDATA,ApproveTime,銀行授權時間,datetime,,,V
,EGOVPAYDATA,SettleTime,清算時間,datetime,,,V
,EGOVPAYDATA,others,備註,nvarchar,500,,V
,EGOVPAYDATA,crtdate,,datetime,,,V
PK,EIP_Core_AccessControl,mc_id,模組功能編號,uniqueidentifier,,,
PK,EIP_Core_AccessControl,role_id,角色編號,uniqueidentifier,,,
PK,EIP_Core_AccessScope,mc_data_scope_id,資料權限編號,uniqueidentifier,,,
PK,EIP_Core_AccessScope,role_id,角色編號,uniqueidentifier,,,
PK,EIP_Core_AdminMap,id,系統編號,int,,,
,EIP_Core_AdminMap,name,節點名稱,nvarchar,50,,V
,EIP_Core_AdminMap,path,路徑,varchar,1024,,V
,EIP_Core_AdminMap,order_number,排序,int,,,V
,EIP_Core_AdminMap,visible,是否顯示,bit,,,V
,EIP_Core_AdminMap,type,節點類型,char,1,,V
,EIP_Core_AdminMap,value,內容值,nvarchar,1024,,V
,EIP_Core_AdminMap,open_window,另開視窗,bit,,,V
,EIP_Core_AdminMap,c_order,,bigint,,((99999999999999.)),V
PK,EIP_Core_Config,key_name,key 名稱,varchar,50,,
,EIP_Core_Config,arg_value,參數值,nvarchar,MAX,,V
,EIP_Core_Config,note,備註,nvarchar,256,,V
PK,EIP_Core_Module,id,系統編號,uniqueidentifier,,(newid()),
,EIP_Core_Module,key_name,key 名稱,varchar,50,,
,EIP_Core_Module,name,模組名稱,nvarchar,50,,
,EIP_Core_Module,version,版號,varchar,50,,
PK,EIP_Core_Module_Config,id,系統編號,uniqueidentifier,,(newid()),
,EIP_Core_Module_Config,module_id,模組編號,uniqueidentifier,,,
,EIP_Core_Module_Config,key_name,key 名稱,varchar,50,,
,EIP_Core_Module_Config,arg_value,參數值,nvarchar,512,,
,EIP_Core_Module_Config,description,描述,nvarchar,512,,V
PK,EIP_Core_Module_Control,id,系統編號,uniqueidentifier,,(newid()),
,EIP_Core_Module_Control,module_id,模組編號,uniqueidentifier,,,
,EIP_Core_Module_Control,key_name,key 名稱,varchar,50,,V
,EIP_Core_Module_Control,name,模組功能名稱,nvarchar,50,,V
,EIP_Core_Module_Control,type,功能類型,int,,,V
,EIP_Core_Module_Control,url,網址,nvarchar,256,,V
,EIP_Core_Module_Control,open_wnd,另開視窗,bit,,,V
,EIP_Core_Module_Control,enabled,是否啟用,bit,,,V
,EIP_Core_Module_Control,enable_authority,啟用權限控管,bit,,,V
,EIP_Core_Module_Control,admin_use,管理者使用,bit,,,V
PK,EIP_Core_Module_DataScopeInControl,id,系統編號,uniqueidentifier,,(newid()),
,EIP_Core_Module_DataScopeInControl,mc_id,模組功能編號,uniqueidentifier,,,
,EIP_Core_Module_DataScopeInControl,key_name,key 名稱,varchar,50,,
,EIP_Core_Module_DataScopeInControl,name,資料權限名稱,nvarchar,50,,
PK,EIP_Core_Organization,id,系統編號,uniqueidentifier,,(newid()),
,EIP_Core_Organization,name,名稱,nvarchar,50,,
,EIP_Core_Organization,shortname,簡稱,nvarchar,50,,V
,EIP_Core_Organization,engname,,varchar,70,,V
,EIP_Core_Organization,jpname,,nvarchar,50,,V
,EIP_Core_Organization,TEL,電話,varchar,20,,V
,EIP_Core_Organization,FAX,傳真,varchar,20,,V
,EIP_Core_Organization,CITY,縣市,varchar,10,,V
,EIP_Core_Organization,TOWN,鄉鎮,varchar,10,,V
,EIP_Core_Organization,ADDRESS,地址,nvarchar,50,,V
,EIP_Core_Organization,order_no,排序,int,,,
,EIP_Core_Organization,COVID19,,int,,,V
PK,EmailData,email_id,,int,,,
,EmailData,serial,,nvarchar,50,,V
,EmailData,cate,,nvarchar,500,,V
,EmailData,OrgID,單位,uniqueidentifier,,,V
,EmailData,email,寄件人電子信箱,nvarchar,100,,V
,EmailData,name,姓名,nvarchar,50,,V
,EmailData,tel,電話,nvarchar,50,,V
,EmailData,title,標題,nvarchar,1000,,V
,EmailData,content,內容,ntext,,,V
,EmailData,create_date,,datetime,,,V
,EmailData,filename,附件檔案1,nvarchar,100,,V
,EmailData,filename2,附件檔案2,nvarchar,100,,V
,EmailData,filename3,附件檔案3,nvarchar,100,,V
,EmailData,reply,,ntext,,,V
,EmailData,reply_filename,,nchar,10,,V
,EmailData,reply_date,,datetime,,,V
,EmailData,reply_username,,nvarchar,30,,V
,EmailData,recount,,float,,,V
,EmailData,status,,nvarchar,50,,V
,EmailData,IP,IP,nvarchar,50,,V
,EmailData,oldSN,玉山匯入序號,int,,,V
,EmailData,oldCaseSN,玉山匯入序號2,nvarchar,50,,V
,EmailData,file01,,nvarchar,50,,V
,EmailData,file02,,nvarchar,50,,V
,EmailData,file03,,nvarchar,50,,V
,EmailData,file04,,nvarchar,50,,V
,EmailData,file05,,nvarchar,50,,V
,EmailData,aserial,,nvarchar,50,,V
,EmailData,langtype,玉山匯入序號,int,,,V
,EmailData,runcheck,,int,,,V
,EmailData,CC,,nvarchar,500,,V
,EmailData,BCC,,nvarchar,500,,V
,EmailData,sysnote,,nvarchar,1000,,V
,EmailData,room,1天池2檜谷3嘉明湖4向陽(只有國家步道有此值),int,,,V
,EmailData,c_id,,int,,,V
PK,EmailSet,OrgID,單位,uniqueidentifier,,,
,EmailSet,Email,email,nvarchar,500,,V
,EmailSet,e_id,,int,,,V
PK,EmergencyTel,id,編號,int,,,
,EmergencyTel,title,主項目名稱,nvarchar,100,,V
,EmergencyTel,OrgID,單位編號,uniqueidentifier,,,V
,EmergencyTel,CreateDate,建立日期,datetime,,,V
,EmergencyTel,ord,,int,,((0)),V
PK,EmergencyTelDetail,id,編號,int,,,
,EmergencyTelDetail,Mid,主項目編號,int,,,V
,EmergencyTelDetail,contact,聯絡單位名稱,nvarchar,200,,V
,EmergencyTelDetail,tel,電話,nvarchar,250,,V
,EmergencyTelDetail,CreateDate,建立日期,datetime,,,V
,EmergencyTelDetail,ord,,int,,((0)),V
,FAQ,id,,int,,,
,FAQ,title,,nvarchar,100,,V
,FAQ,title_eng,,nvarchar,250,,V
,FAQ,title_jp,,nvarchar,250,,V
,FAQ,content,,ntext,,,V
,FAQ,content_eng,,ntext,,,V
,FAQ,content_jp,,ntext,,,V
,FAQ,FAQType,,varchar,5,,V
,FAQ,httpLink,,nvarchar,1000,,V
,FAQ,httpTitle,,nvarchar,1000,,V
,FAQ,httpLinkEng,,nvarchar,1000,,V
,FAQ,httpTitleEng,,nvarchar,1000,,V
,FAQ,httpLinkjp,,nvarchar,1000,,V
,FAQ,httpTitlejp,,nvarchar,1000,,V
,FAQ,Filename,,ntext,,,V
,FAQ,text_fname,,ntext,,,V
,FAQ,FileDescription,,ntext,,,V
,FAQ,OrgID,,uniqueidentifier,,,V
,FAQ,orderby,,int,,,V
,FAQ,CreateDate,,datetime,,,V
,FAQ,oldSN,,int,,,V
,FAQ,chktop,,int,,,V
,FAQ,Picname,,ntext,,,V
,FAQ,text_pname,,ntext,,,V
,FAQ,PicDescription,,ntext,,,V
,FAQ,UpdateDate,,datetime,,,V
,FAQ,CrtUser,,nvarchar,50,,V
,FAQ,UpdUser,,nvarchar,50,,V
,FAQ,Picname_en,,ntext,,,V
,FAQ,Picname_jp,,ntext,,,V
,FAQ,text_pname_en,,ntext,,,V
,FAQ,text_pname_jp,,ntext,,,V
,FAQ,PicDescription_en,,ntext,,,V
,FAQ,PicDescription_jp,,ntext,,,V
,FAQ,Filename_en,,ntext,,,V
,FAQ,Filename_jp,,ntext,,,V
,FAQ,text_fname_en,,ntext,,,V
,FAQ,text_fname_jp,,ntext,,,V
,FAQ,FileDescription_en,,ntext,,,V
,FAQ,FileDescription_jp,,ntext,,,V
,FAQ,Filename_bak,檔案儲存名稱,ntext,,,V
,FAQ,Filename_en_bak,,ntext,,,V
,FAQ,Filename_jp_bak,,ntext,,,V
,FAQ,Picname_bak,圖片儲存名稱,ntext,,,V
,FAQ,Picname_en_bak,,ntext,,,V
,FAQ,Picname_jp_bak,,ntext,,,V
,FAQ,DataType,"來源單位 tconline 天池山莊 jmlnt 嘉明湖國家步道 kgonline 檜谷山莊 ",nvarchar,10,,V
,FAQ,DataTypeID,來源索引,bigint,,,V
,FAQ,importdates,匯入日期,datetime,,,V
,FileDownload,id,,int,,,
,FileDownload,title,,nvarchar,50,,V
,FileDownload,filename,,ntext,,,V
,FileDownload,text_fname,,ntext,,,V
,FileDownload,filename_en,,ntext,,,V
,FileDownload,text_fname_en,,ntext,,,V
,FileDownload,filename_jp,,ntext,,,V
,FileDownload,text_fname_jp,,ntext,,,V
,FileDownload,OrgID,,uniqueidentifier,,,V
,FileDownload,CreateDate,,datetime,,,V
,FileDownload,title_eng,,nvarchar,150,,V
,FileDownload,title_jp,,nvarchar,150,,V
,FileDownload,orderby,,int,,,V
,FileDownload,chktop,,int,,,V
,FileDownload,updatedate,,date,,,V
,FileDownload,CrtUser,,nvarchar,50,,V
,FileDownload,UpdUser,,nvarchar,50,,V
,FileDownload,filename_bak,,ntext,,,V
,FileDownload,filename_en_bak,,ntext,,,V
,FileDownload,filename_jp_bak,,ntext,,,V
PK,FileDownloadNps,id,,bigint,,,
,FileDownloadNps,title,檔案名稱,nvarchar,150,,V
,FileDownloadNps,title_en,檔案名稱_英文,nvarchar,150,,V
,FileDownloadNps,title_jp,檔案名稱_日文,nvarchar,150,,V
,FileDownloadNps,OrgID,發布單位,uniqueidentifier,,,V
,FileDownloadNps,chktop,置頂,int,,,V
,FileDownloadNps,orderby,排序,int,,,V
,FileDownloadNps,CreateDate,,datetime,,(getdate()),V
PK,FileDownloadNpsItem,fd_id,,bigint,,,
,FileDownloadNpsItem,id,一站式檔案下載 id,bigint,,,V
,FileDownloadNpsItem,lang,語系,nvarchar,2,,V
,FileDownloadNpsItem,filename,實際檔名,nvarchar,200,,V
,FileDownloadNpsItem,fileaname,原始檔名,nvarchar,200,,V
,FileDownloadNpsItem,ext,副檔名,nvarchar,50,,V
,FileDownloadNpsItem,fdcreate,檔案上傳日期,datetime,,(getdate()),V
PK,FileManagement,id,,int,,,
,FileManagement,OrgID,,uniqueidentifier,,,V
,FileManagement,title,,nvarchar,50,,V
,FileManagement,title_eng,,nvarchar,150,,V
,FileManagement,title_jp,,nvarchar,150,,V
,FileManagement,CreateDate,,datetime,,,V
,FileManagement,orderby,,int,,,V
,FileManagement,chktop,,bit,,,V
,FileManagement,updatedate,,date,,,V
,FileManagement,CrtUser,,nvarchar,50,,V
,FileManagement,UpdUser,,nvarchar,50,,V
PK,FileManagementDetail,f_id,,int,,,
,FileManagementDetail,fm_id,,int,,,
,FileManagementDetail,language,,nvarchar,500,,V
,FileManagementDetail,file_type,,int,,,V
,FileManagementDetail,file_description,,nvarchar,500,,V
,FileManagementDetail,file_name,,nvarchar,500,,V
,FileManagementDetail,upload_time,,datetime,,,V
,FileManagementDetail,upload_user,,nvarchar,50,,V
PK,Fixedclimb,c_id,自動編號,int,,,
,Fixedclimb,OrgID,國家公園編號,uniqueidentifier,,,V
,Fixedclimb,f_id,主路線索引(對應到Fixedclimbmain資料表),int,,,V
,Fixedclimb,name,路線名稱,nvarchar,500,,V
,Fixedclimb,name_en,英文路線名稱,nvarchar,500,,V
,Fixedclimb,name_jp,日文路線名稱,nvarchar,500,,V
,Fixedclimb,holidaynum,假日承載量,int,,,V
,Fixedclimb,generalnum,平日承載量,int,,,V
,Fixedclimb,chk,狀態(開放1、關閉0、部份關閉2),int,,,V
,Fixedclimb,sumdaymax,總天數(上限),int,,,V
,Fixedclimb,sumdaymin,總天數(下限),int,,,V
,Fixedclimb,CreateDate,建立日期,datetime,,,V
,Fixedclimb,note,備註,ntext,,,V
,Fixedclimb,peopleset,隊伍人數設定(0預設共用1自訂人數),int,,,V
,Fixedclimb,teamscountchk,隊伍上限人數設定(0一般1一般(有條件)2雪季3雪季(有條件),int,,,V
,Fixedclimb,TeamApplyMaxCntGen,每隊申請人數上限(一般),int,,,V
,Fixedclimb,TeamApplyMinCntGen,每隊申請人數下限(一般),int,,,V
,Fixedclimb,TeamApplyMaxCntGenlong,每隊申請人數上限(一般有條件),int,,,V
,Fixedclimb,TeamApplyMinCntGenlong,每隊申請人數下限(一般有條件),int,,,V
,Fixedclimb,TeamApplyMaxCntSnow,每隊申請人數上限(雪季),int,,,V
,Fixedclimb,TeamApplyMinCntSnow,每隊申請人數下限(雪季),int,,,V
,Fixedclimb,TeamApplyMaxCntSnowlong,每隊申請人數上限(雪季有條件),int,,,V
,Fixedclimb,TeamApplyMinCntSnowlong,每隊申請人數下限(雪季有條件),int,,,V
,Fixedclimb,ord,排序鍵,int,,,V
,Fixedclimb,pjtype,專案開放模式(0全部開放1只限前台2只限後台),int,,((0)),V
,Fixedclimb,linetype,路線類別(0一般1開放(須具長程縱走登山經驗)路線),int,,((0)),V
,Fixedclimb,police,警證署串接id,nvarchar,500,,V
,Fixedclimb,content_ch,,ntext,,,V
,Fixedclimb,content_en,,ntext,,,V
,Fixedclimb,content_jp,,ntext,,,V
,Fixedclimb,note_en,,ntext,,,V
,Fixedclimb,note_jp,,ntext,,,V
,Fixedclimb,ParkPeriodDayBef,可入園期限(日前) -序位,int,,,V
,Fixedclimb,ParkPeriodMonthBef,可入園期限(月前) -序位,int,,,V
,Fixedclimb,ParkPeriodDayBefchk,序位第一個入園日0出園日1,int,,,V
,Fixedclimb,ParkPeriodMonthBefchk,序位第二個入園日0出園日1,int,,,V
,Fixedclimb,issnow,,int,,((0)),V
,Fixedclimb,isforeign,是否為外籍提前,int,,((0)),V
,Fixedclimb,file01,圖片檔名,nvarchar,100,,V
,Fixedclimb,file02,圖片檔名,nvarchar,100,,V
,Fixedclimb,file03,圖片檔名,nvarchar,100,,V
,Fixedclimb,notice,,ntext,,,V
,Fixedclimb,notice_en,,ntext,,,V
,Fixedclimb,class,等級：1:A級 2:B級 3:C級 4:C+級,int,,,V
,Fixedclimb,file04,建議行程圖片(中),nvarchar,100,,V
,Fixedclimb,file05,建議行程圖片(英),nvarchar,100,,V
,Fixedclimb,file06,建議行程圖片(日),nvarchar,100,,V
,Fixedclimb,linetxtch,路線介紹(中),ntext,,,V
,Fixedclimb,linetxten,路線介紹(英),ntext,,,V
,Fixedclimb,linetxtjp,路線介紹(日),ntext,,,V
,Fixedclimb,printdays,入園許可證列印期限(入園日幾天前),int,,,V
,Fixedclimb,IsDraw,單日往返 抽籤,int,,((0)),V
,Fixedclimb,Trailclassification,國家公園步道系統分級,bigint,,,V
,Fixedclimb,weborgact,一站式登山路線介紹對應管處,varchar,50,,V
,Fixedclimb,weblineact,一站式登山路線介紹對應路線,varchar,50,,V
,Fixedclimb,Fixedclimb_guid,,nvarchar,50,,V
,Fixedclimb,G_Fixedclimbmain_guid,,nvarchar,50,,V
,Fixedclimb,source_guid,,nvarchar,50,,V
,Fixedclimb,places_value,警政署來源,nvarchar,50,,V
,Fixedclimb,is_cpami_Fixedclimb,,int,,,V
,Fixedclimb,is_forest_area_list,,int,,,V
,Fixedclimb,is_forest_camp,,int,,,V
,Fixedclimb,is_forest_frail,,int,,,V
,Fixedclimb,is_npa_places,,int,,,V
,Fixedclimb,video_url,影片網址,nvarchar,MAX,,V
,Fixedclimb,video_url_en,影片網址,nvarchar,MAX,,V
,Fixedclimb,video_url_jp,影片網址,nvarchar,MAX,,V
,Fixedclimb,importdates,,datetime,,,V
,Fixedclimb,GismapID,圖台連結JSON GismapList.id,bigint,,,V
,Fixedclimb,area_code,,nvarchar,100,,V
,Fixedclimb,contact_email,,nvarchar,100,,V
,Fixedclimb,is_hiking_safety,,int,,,V
PK,Fixedclimb_closedate,id,主索引鍵,int,,,
,Fixedclimb_closedate,sdate,關閉起始日期,date,,,V
,Fixedclimb_closedate,edate,關閉結束日期,date,,,V
,Fixedclimb_closedate,note,關閉說明,nvarchar,1000,,V
,Fixedclimb_closedate,note_en,關閉說明en,nvarchar,1000,,V
,Fixedclimb_closedate,note_jp,關閉說明jp,nvarchar,1000,,V
,Fixedclimb_closedate,c_id,關聯主路線fixedclimbmain的fid,int,,,V
PK,Fixedclimb_log,l_id,,int,,,
,Fixedclimb_log,line_name,,nvarchar,200,,V
,Fixedclimb_log,sdate,,date,,,V
,Fixedclimb_log,edate,,date,,,V
,Fixedclimb_log,octype,,nvarchar,50,,V
,Fixedclimb_log,createdate,,datetime,,,V
,Fixedclimb_log,user_id,,nvarchar,50,,V
PK,Fixedclimb_opendate,id,主索引,int,,,
,Fixedclimb_opendate,sdate,開放起始日,date,,,V
,Fixedclimb_opendate,edate,開放結束日,date,,,V
,Fixedclimb_opendate,c_id,次路線id,int,,,V
PK,Fixedclimb_relation,id,,bigint,,,
,Fixedclimb_relation,from_c_id,主要的次路線ID,bigint,,,V
,Fixedclimb_relation,To_c_id,關聯的次路線ID,bigint,,,V
PK,Fixedclimbmain,f_id,主索引值,int,,,
,Fixedclimbmain,OrgID,國家公園編號,uniqueidentifier,,,V
,Fixedclimbmain,name,中文名稱,nvarchar,500,,V
,Fixedclimbmain,name_en,英文名稱,nvarchar,500,,V
,Fixedclimbmain,name_jp,日文名稱,nvarchar,500,,V
,Fixedclimbmain,CreateDate,建立日期,datetime,,,V
,Fixedclimbmain,chk,狀態(0全部關閉1開放2部份關閉),int,,,V
,Fixedclimbmain,ord,排序鍵(由小而大),int,,,V
,Fixedclimbmain,file01,圖片檔名,nvarchar,100,,V
,Fixedclimbmain,pjtype,專案開放模式(0全部開放1只限前台2只限後台),int,,((0)),V
,Fixedclimbmain,police,警證署串接id,nvarchar,500,,V
,Fixedclimbmain,Fixedclimbmain_guid,,nvarchar,50,,V
,Fixedclimbmain,is_cpami_Fixedclimb,,int,,,V
,Fixedclimbmain,is_forest_area_list,,int,,,V
,Fixedclimbmain,is_forest_camp,,int,,,V
,Fixedclimbmain,is_forest_frail,,int,,,V
,Fixedclimbmain,is_npa_places,,int,,,V
,Fixedclimbmain,source_guid,,nvarchar,50,,V
,Fixedclimbmain,area_code,保護區來源,nvarchar,50,,V
,Fixedclimbmain,area_type,,nvarchar,50,,V
,Fixedclimbmain,area_type_en,,nvarchar,100,,V
,Fixedclimbmain,area_type_jp,,nvarchar,100,,V
,Fixedclimbmain,owner,,nvarchar,50,,V
,Fixedclimbmain,video_url,影片網址,nvarchar,MAX,,V
,Fixedclimbmain,video_url_en,影片網址,nvarchar,MAX,,V
,Fixedclimbmain,video_url_jp,影片網址,nvarchar,MAX,,V
,Fixedclimbmain,importdates,,datetime,,,V
,Fixedclimbmain,places_value,,nvarchar,100,,V
PK,Fixedclimbmain_closedate,id,主索引鍵,int,,,
,Fixedclimbmain_closedate,sdate,關閉起始日期,date,,,V
,Fixedclimbmain_closedate,edate,關閉結束日期,date,,,V
,Fixedclimbmain_closedate,note,關閉說明,nvarchar,1000,,V
,Fixedclimbmain_closedate,note_en,關閉說明en,nvarchar,1000,,V
,Fixedclimbmain_closedate,note_jp,關閉說明jp,nvarchar,1000,,V
,Fixedclimbmain_closedate,f_id,關聯主路線fixedclimbmain的fid,int,,,V
PK,Fixedclimbmain_opendate,id,主索引,int,,,
,Fixedclimbmain_opendate,sdate,開放起始日,date,,,V
,Fixedclimbmain_opendate,edate,開放結束日,date,,,V
,Fixedclimbmain_opendate,f_id,主路線id,int,,,V
PK,fixednode,id,主索引值,int,,,
,fixednode,node_in,進入節點,int,,,V
,fixednode,node_out,離開節點,int,,,V
,fixednode,c_id,fixedclimb非固定路線主索引,int,,,V
PK,FixedSchedule,id,自動編號,int,,,
,FixedSchedule,c_id,固定路線編號,int,,,V
,FixedSchedule,daynum,第幾天,int,,,V
,FixedSchedule,schedule,行程,nvarchar,MAX,,V
PK,FlowerSet,Holiday,,datetime,,,
PK,FlowerSet,OrgID,,uniqueidentifier,,,
,FlowerSet,descript,,ntext,,,V
PK,GismapList,GismapID,Gismap 流水號,bigint,,,
,GismapList,OrgID,國家公園代碼,uniqueidentifier,,,V
,GismapList,Name,Gis名稱,nvarchar,30,,V
,GismapList,FileName,Gis檔案名稱,nvarchar,50,,V
,GismapList,CreateTime,建立時間,datetime,,(getdate()),V
,GismapList,ModifyTime,修改時間,datetime,,,V
PK,HolidaySet,Holiday,日期,datetime,,,
PK,HolidaySet,OrgID,,uniqueidentifier,,,
,HolidaySet,descript,,ntext,,,V
PK,HolidaySet_TARKO,Holiday,日期,datetime,,,
PK,HolidaySet_TARKO,OrgID,,uniqueidentifier,,,
,HolidaySet_TARKO,descript,,ntext,,,V
PK,HolidaySetForeignOpen,Holiday,日期,datetime,,,
PK,HolidaySetForeignOpen,OrgID,,uniqueidentifier,,,
,HolidaySetForeignOpen,descript,,ntext,,,V
PK,IrregulItem,IrregulID,編號,int,,,
,IrregulItem,IrrType,違規類別,varchar,2,,V
,IrregulItem,IrrReason,違規原因,nvarchar,255,,V
,IrregulItem,OrgID,單位編號,uniqueidentifier,,,V
,IrregulItem,crtDate,建立日期,datetime,,,V
,LatestNews,Id,編號,int,,,
,LatestNews,titles,標題,nvarchar,MAX,,V
,LatestNews,titles_eng,標題(英),nvarchar,MAX,,V
,LatestNews,titles_jp,標題(日),nvarchar,MAX,,V
,LatestNews,content,發佈內容,ntext,,,V
,LatestNews,content_eng,發佈內容(英),ntext,,,V
,LatestNews,content_jp,發佈內容(日),ntext,,,V
,LatestNews,OrgID,單位編號,uniqueidentifier,,,V
,LatestNews,SDate,刊登日期(起),datetime,,,V
,LatestNews,EDate,刊登日期(迄),datetime,,,V
,LatestNews,Filename,檔案儲存名稱,ntext,,,V
,LatestNews,text_fname,檔案名稱,ntext,,,V
,LatestNews,FileDescription,檔案描述,ntext,,,V
,LatestNews,HttpLink,網頁連結,nvarchar,1000,,V
,LatestNews,HttpTitle,網頁名稱,nvarchar,1000,,V
,LatestNews,HttpLinkEng,網頁連結(英),nvarchar,1000,,V
,LatestNews,HttpTitleEng,網頁名稱(英),nvarchar,1000,,V
,LatestNews,HttpLinkjp,網頁連結(日),nvarchar,1000,,V
,LatestNews,HttpTitlejp,網頁名稱(日),nvarchar,1000,,V
,LatestNews,Chk,已審核,nvarchar,2,,V
,LatestNews,CreateDate,建立日期,datetime,,,V
,LatestNews,oldSN,,int,,,V
,LatestNews,youtube,youtube,nvarchar,1000,,V
,LatestNews,chktop,置頂(1是0否),int,,((0)),V
,LatestNews,Picname,圖片儲存名稱,ntext,,,V
,LatestNews,text_pname,圖片名稱,ntext,,,V
,LatestNews,PicDescription,圖片描述,ntext,,,V
,LatestNews,ord,排序鍵,int,,((0)),V
,LatestNews,CrtUser,,nvarchar,50,,V
,LatestNews,UpdUser,,nvarchar,50,,V
,LatestNews,UpdateDate,,datetime,,,V
,LatestNews,Picname_en,,ntext,,,V
,LatestNews,Picname_jp,,ntext,,,V
,LatestNews,text_pname_en,,ntext,,,V
,LatestNews,text_pname_jp,,ntext,,,V
,LatestNews,PicDescription_en,,ntext,,,V
,LatestNews,PicDescription_jp,,ntext,,,V
,LatestNews,Filename_en,,ntext,,,V
,LatestNews,Filename_jp,,ntext,,,V
,LatestNews,text_fname_en,,ntext,,,V
,LatestNews,text_fname_jp,,ntext,,,V
,LatestNews,FileDescription_en,,ntext,,,V
,LatestNews,FileDescription_jp,,ntext,,,V
,LatestNews,Filename_bak,檔案儲存名稱,ntext,,,V
,LatestNews,Filename_en_bak,,ntext,,,V
,LatestNews,Filename_jp_bak,,ntext,,,V
,LatestNews,Picname_bak,圖片儲存名稱,ntext,,,V
,LatestNews,Picname_en_bak,,ntext,,,V
,LatestNews,Picname_jp_bak,,ntext,,,V
,LatestNews,IsWarning,0.不推播(預設) 1.推播,bit,,((0)),V
,LatestNews,NV_SEQ_NO,警政署消息索引,nvarchar,50,,V
,LatestNews,DataType,"來源單位 tconline 天池山莊 jmlnt 嘉明湖國家步道 kgonline 檜谷山莊 ",nvarchar,10,,V
,LatestNews,DataTypeID,來源索引,bigint,,,V
,LatestNews,importdates,匯入日期,datetime,,,V
,Loginrecord,Id,,int,,,
,Loginrecord,Account,,nvarchar,50,,V
,Loginrecord,Password,,nvarchar,50,,V
,Loginrecord,IP,,nvarchar,50,,V
,Loginrecord,adddate,,smalldatetime,,,V
PK,Mailcate,Id,,int,,,
,Mailcate,subject,,nvarchar,500,,V
,Mailcate,subject_en,,nvarchar,500,,V
,Mailcate,subject_jp,,nvarchar,500,,V
,Mailcate,CreateDate,建立日期,datetime,,,V
,Mailcate,UpdateDate,,datetime,,,V
,Mailcate,CrtUser,,nvarchar,20,,V
,Mailcate,UpdUser,,nvarchar,20,,V
,Mailcate,orderby,,int,,,V
,Mailcate,OrgID,單位編號,uniqueidentifier,,,V
PK,Mailcate2,Id,,int,,,
,Mailcate2,subject,,nvarchar,500,,V
,Mailcate2,CreateDate,建立日期,datetime,,,V
,Mailcate2,UpdateDate,,datetime,,,V
,Mailcate2,CrtUser,,nvarchar,20,,V
,Mailcate2,UpdUser,,nvarchar,20,,V
,Mailcate2,orderby,,int,,,V
,Mailcate2,OrgID,單位編號,uniqueidentifier,,,V
,Manager,Id,,int,,,
,Manager,GName,,nvarchar,100,,V
,Manager,MClass,,nvarchar,10,,V
,Manager,Name,,nvarchar,50,,V
,Manager,IdCard,,nvarchar,10,,V
,Manager,Tel,,nvarchar,50,,V
,Manager,Address,,nvarchar,100,,V
,Manager,LEmail,,nvarchar,50,,V
,Manager,Comment,,text,,,V
,Manager,Account,,nvarchar,50,,V
,Manager,Pwd,,nvarchar,50,,V
,Manager,ApplicationUser,,nvarchar,50,,V
,Manager,CreateDate,,nvarchar,50,,V
,Manager,Power,,nvarchar,10,,V
,Manager,Start,,nvarchar,50,,V
,Manager,Apply,,nvarchar,50,,V
PK,masterApiCode_log,id,,bigint,,,
,masterApiCode_log,log_date,紀錄時間,datetime,,,V
,masterApiCode_log,filename,函式名稱,nvarchar,MAX,,V
,masterApiCode_log,log_txt,log文字,ntext,,,V
,MGroup,Id,,int,,,
,MGroup,GName,,nvarchar,100,,V
,MGroup,News,,nvarchar,50,,V
,MGroup,Marquees,,nvarchar,50,,V
,MGroup,FileDL,,nvarchar,50,,V
,MGroup,Vote,,nvarchar,50,,V
,MGroup,IEngineer,,nvarchar,50,,V
,MGroup,Publication,,nvarchar,50,,V
,MGroup,Yruit,,nvarchar,50,,V
,MGroup,IPlan,,nvarchar,50,,V
,MGroup,LiuYen,,nvarchar,50,,V
,MGroup,Apparatus,,nvarchar,50,,V
,MGroup,Canon,,nvarchar,50,,V
,MGroup,Occupation,,nvarchar,50,,V
,MGroup,Wdownload1,,nvarchar,50,,V
,MGroup,Biome,,nvarchar,50,,V
,MGroup,OPCA,,nvarchar,50,,V
,MGroup,Hire,,nvarchar,50,,V
,MGroup,FileMan,,nvarchar,50,,V
,MGroup,LogFile,,nvarchar,50,,V
,MountainAcc,MA_ID,,bigint,,,
,MountainAcc,MA_OrgID,單位代碼,nvarchar,100,,V
,MountainAcc,MA_name,姓名,nvarchar,50,,V
,MountainAcc,MA_pid,身份證號,nvarchar,50,,V
,MountainAcc,MA_IrrDate,發生日期/時間,datetime,,,V
,MountainAcc,MA_place,發生地點,nvarchar,200,,V
,MountainAcc,MA_applyid,申請隊伍id,nvarchar,50,,V
,MountainAcc,MA_IrrItem,發生原因,nvarchar,50,,V
,MountainAcc,MA_Reason,案由,ntext,,,V
,MountainAcc,MA_sit,傷亡/損失情況,ntext,,,V
,MountainAcc,MA_IrrDesc,備註,ntext,,,V
,MountainAcc,MA_crtdate,,datetime,,(getdate()),V
,MountainAcc,MA_crtusr,,nvarchar,50,,V
,MountainAcc,MA_upddate,,datetime,,(getdate()),V
,MountainAcc,MA_updusr,,nvarchar,50,,V
,MountainAcc,MA_birth,人員生日,date,,,V
,MountainAcc,MA_nation,國籍,nvarchar,50,,V
,MountainAcc,MA_X,座標(經度),nvarchar,50,,V
,MountainAcc,MA_Y,座標(緯度),nvarchar,50,,V
,MountainAcc,MA_climblinemain,主路線,nvarchar,20,,V
,MountainAcc,MA_climbline,次路線,nvarchar,20,,V
,MountainGroup,MG_ID,,bigint,,,
,MountainGroup,GPID,,bigint,,,V
,MountainGroup,GTYPE,1：政府機關；2：登山團體,nvarchar,1,,V
,MountainGroup,GNAME,,nvarchar,100,,V
,MountainGroup,GADDR,,nvarchar,250,,V
,MountainGroup,GTEL,,nvarchar,100,,V
,MountainGroup,GFAX,,nvarchar,100,,V
,MountainGroup,GCONNAME,,nvarchar,100,,V
,MountainGroup,GEMAIL,,nvarchar,100,,V
,MountainGroup,GWEB,,nvarchar,100,,V
,MountainGroup,GDESC,,nvarchar,500,,V
,MountainGroup,CRTDATE,,datetime,,(getdate()),V
,MountainGroup,UPDDATE,,datetime,,(getdate()),V
,MountainGroup,ORD,,int,,,V
PK,Nation,Id,主索引鍵,int,,,
,Nation,name,國別中文,nvarchar,500,,V
,Nation,name_en,國別英文,nvarchar,500,,V
,Nation,name_jp,國別日文,nvarchar,500,,V
,Nation,OrgID,單位編號,uniqueidentifier,,,V
,Nation,Chk,啟用狀態(0停用，1啟用),int,,((1)),V
,Nation,ord,排序鍵,int,,((0)),V
,Nation,CreateDate,建立時間,datetime,,,V
,NationMap,id,,int,,,
,NationMap,mapid,Nation.ID,int,,,V
,NationMap,SR_ID,SOVEREIGN.SR_ID,int,,,V
,NationMap,name,,nvarchar,500,,V
,NationMap,name_en,,nvarchar,500,,V
,NationMap,name_jp,,nvarchar,500,,V
,NationMap,YUSHAN,玉山啟用,nvarchar,1,,V
,NationMap,TAROKO,太魯閣啟用,nvarchar,1,,V
,NationMap,SHEIPA,雪霸啟用,nvarchar,1,,V
,NationMap,Chk,啟用,int,,,V
,NationMap,ord,排序,int,,,V
,NationMap,area,統計區域→1：日本；2：韓國；3：新加坡；4：中國大陸；5：香港；6：歐美；7：其他；9：居留證；10：菲律賓；11：馬來西亞,int,,,V
,NationMap,staord,,int,,,V
PK,NEWCANCELNUMLOG,NUM_ID,,bigint,,,
,NEWCANCELNUMLOG,a_id,,bigint,,,V
,NEWCANCELNUMLOG,ballotday,,datetime,,,V
,NEWCANCELNUMLOG,waitnoticedate,,datetime,,,V
,NEWCANCELNUMLOG,NEWCANCELNUM,,nvarchar,20,,V
,NEWCANCELNUMLOG,NEWCANCELNUM2,,nvarchar,20,,V
,NEWCANCELNUMLOG,NEWCANCELNUM3,,nvarchar,20,,V
,NEWCANCELNUMLOG,CRTDATE,,datetime,,,V
,NEWCANCELNUMLOG,CRTUSR,,nvarchar,20,,V
PK,node,node_id,自動編號,int,,,
,node,name_jp,英文節點名稱,nvarchar,200,,V
,node,name_en,日文節點名稱,nvarchar,200,,V
,node,name,中文節點名稱,nvarchar,200,,
,node,type,性質,nvarchar,50,,V
,node,chk,狀態(1開放0關閉2部份關閉),varchar,1,,V
,node,roomtype,住宿方式(0床位  1營帳 2床位營帳共用  3遮蔽物),varchar,1,,V
,node,roompeople,營帳最大容納人數,int,,,V
,node,water,水源,nvarchar,100,,V
,node,signal,訊號,nvarchar,100,,V
,node,holidaynum,床位假日開放數量,int,,((0)),V
,node,generalnum,床位平日開放數量,int,,((0)),V
,node,holidaynumt,營帳假日開放數量,int,,((0)),V
,node,generalnumt,營帳平日開放數量,int,,((0)),V
,node,holdnum,備取數量,int,,,V
,node,vipnum,預約數量,int,,,V
,node,OrgID,國家公園編號,uniqueidentifier,,,V
,node,CreateDate,建立日期,datetime,,,V
,node,note,備註,ntext,,,V
,node,note_en,備註(英文),ntext,,,V
,node,note_jp,備註(日文),ntext,,,V
,node,AssignNumber,(玉山)排序,int,,,V
,node,SN,(玉山)系統編號,int,,,V
,node,Mark_Open,(玉山)只開放內部選擇,int,,,V
,node,BedExpense,床位費用,int,,,V
,node,TentCount,(玉山)自備營帳-非假日容量,int,,,V
,node,TentHCount,(玉山)自備營帳-假日容量,int,,,V
,node,TentExpense,(玉山)自備營帳費用,int,,,V
,node,AllowCount,(玉山)通行人數限制-非假日容量,int,,,V
,node,AllowHCount,(玉山)通行人數限制-假日容量,int,,,V
,node,Comment,(玉山)中文補充說明,ntext,,,V
,node,EComment,(玉山)英文補充說明,ntext,,,V
,node,climbtype,路線類別(0開放路線1開放(須具長程縱走登山經驗)路線),int,,,V
,node,content,補充說明,ntext,,,V
,node,content_en,補充說明(英文),ntext,,,V
,node,content_jp,補充說明(日文),ntext,,,V
,node,Picname,圖片儲存名稱,ntext,,,V
,node,text_pname,圖片名稱,ntext,,,V
,node,PicDescription,圖片描述,ntext,,,V
,node,ord,排序鍵,int,,,V
,node,localmoney,本國人費用(平日),int,,((0)),V
,node,fmoney,外國人費用(平日),int,,((0)),V
,node,bakteams,備取隊伍數目,int,,((0)),V
,node,file01,宿營地照片,nvarchar,500,,V
,node,pjtype,專案開放模式(0全部開放1只限前台2只限後台),int,,((0)),V
,node,Picname_en,,ntext,,,V
,node,Picname_jp,,ntext,,,V
,node,text_pname_en,,ntext,,,V
,node,PicDescription_en,,ntext,,,V
,node,text_pname_jp,,ntext,,,V
,node,PicDescription_jp,,ntext,,,V
,node,IsDraw,,varchar,1,,V
,node,notice,宿營地照片,nvarchar,1500,,V
,node,notice_en,宿營地照片,nvarchar,2500,,V
,node,notice_jp,宿營地照片,nvarchar,1500,,V
,node,TM2_X,,float,,,V
,node,TM2_Y,,float,,,V
,node,X,經度,float,,,V
,node,Y,緯度,float,,,V
,node,share_room,,int,,,V
,node,Picname_bak,圖片儲存名稱,ntext,,,V
,node,Picname_en_bak,,ntext,,,V
,node,Picname_jp_bak,,ntext,,,V
,node,altitude,海拔高度,int,,,V
,node,InOrg,是否為園區內的節點,nvarchar,1,('1'),V
,node,special_camp,特殊營地(太管 4 人 2 人帳 ),int,,((0)),V
,node,camp4num,4人帳數量,int,,((0)),V
,node,camp2num,2人帳數量,int,,((0)),V
,node,camp4nump,紀錄camp4num人數,int,,((0)),V
,node,camp2nump,紀錄camp2num人數,int,,((0)),V
,node,camp42Bnum,二層床號分界,int,,((0)),V
,node,generalnnum,平日登山口承載量,int,,((0)),V
,node,holidaynnum,假日登山口承載量,int,,((0)),V
,node,pmoney,外籍提前(平日),int,,((0)),V
,node,hlocalmoney,本國人費用(假日),int,,((0)),V
,node,hfmoney,外國人費用(假日),int,,((0)),V
,node,hpmoney,外籍提前(假日),int,,((0)),V
,node,X1,,float,,,V
,node,Y1,,float,,,V
PK,node_arrive,r_id,,int,,,
,node_arrive,c_id,次路線id,int,,,V
,node_arrive,node2,次路線可使用節點id,int,,,V
PK,node_closedate,id,,int,,,
,node_closedate,sdate,關閉起始日,date,,,V
,node_closedate,edate,關閉截止日,date,,,V
,node_closedate,note,關閉說明,nvarchar,1000,,V
,node_closedate,note_en,關閉說明en,nvarchar,1000,,V
,node_closedate,note_jp,關閉說明jp,nvarchar,1000,,V
,node_closedate,node_id,節點id,int,,,V
,node_closedate,IsClose,,nvarchar,1,,V
PK,node_files,f_id,,int,,,
,node_files,node_id,,int,,,V
,node_files,file01,,nvarchar,200,,V
,node_files,file01txt,,nvarchar,200,,V
,node_files,lang,,int,,,V
,node_files,sdate,,datetime,,,V
PK,node_one,id,主索引鍵,int,,,
,node_one,subject,標題,nvarchar,200,,V
,node_one,node_id,節點,nvarchar,2000,,V
,node_one,chk,,int,,,V
PK,node_relation,r_id,自動編號,int,,,
,node_relation,node1,主節點編號,int,,,V
,node_relation,node2,臨近節點編號,int,,,V
PK,node_two,id,主索引鍵,int,,,
,node_two,subject,標題,nvarchar,200,,V
,node_two,node_id,節點,nvarchar,2000,,V
,node_two,chk,,int,,,V
,NodeDis,nd_id,,bigint,,,
,NodeDis,node_id1,,int,,,V
,NodeDis,node_id2,,int,,,V
,NodeDis,distance,,nvarchar,20,,V
,NodeDis,walkstep,,nvarchar,20,,V
,NodeDis,altitude,海拔高度,nvarchar,20,,V
PK,NodeIOClose,node_id,登山口ID,int,,,
PK,NodeIOClose,CloseDate,關閉日期,date,,,
PK,NodeIOClose,OrgID,單位,uniqueidentifier,,,
,NodeIOClose,descript,備註,ntext,,,V
,NodeIOClose,descript_en,備註(英),ntext,,,V
,NodeIOClose,descript_jp,備註(日),ntext,,,V
PK,Nonfixedclimb,c_id,自動編號,int,,,
,Nonfixedclimb,OrgID,國家公園編號,uniqueidentifier,,,V
,Nonfixedclimb,name,中文路線名稱,nvarchar,500,,V
,Nonfixedclimb,name_en,英文路線名稱,nvarchar,500,,V
,Nonfixedclimb,holidaynum,假日承載量,int,,,V
,Nonfixedclimb,generalnum,平日承載量,int,,,V
,Nonfixedclimb,chk,狀態,int,,,V
,Nonfixedclimb,node,節點資料,nvarchar,2000,,V
,Nonfixedclimb,CreateDate,建立日期,datetime,,,V
,Nonfixedclimb,note,備註,nvarchar,500,,V
PK,Nonfixednode,id,主索引值,int,,,
,Nonfixednode,node_in,進入節點,int,,,V
,Nonfixednode,node_out,離開節點,int,,,V
,Nonfixednode,c_id,Nonfixedclimb非固定路線主索引,int,,,V
PK,NotePark,id,編號,int,,,
PK,NotePark,OrgID,單位編號,uniqueidentifier,,,
,NotePark,applyMethod,申請方式,ntext,,,V
,NotePark,applyDate,申請期限,ntext,,,V
,NotePark,applyQualification,申請資格,ntext,,,V
,NotePark,replaceProcess,遞補程序,ntext,,,V
,NotePark,staffMove,人員異動,ntext,,,V
,NotePark,foreigner,外籍人士,ntext,,,V
,NotePark,other,其他,ntext,,,V
,NotePark,drawProcess,抽籤程序,ntext,,,V
,NotePark,housingRequest,排雲主宿申請,ntext,,,V
,NotePark,applyMethodE,申請方式(英),ntext,,,V
,NotePark,applyDateE,申請期限(英),ntext,,,V
,NotePark,applyQualificationE,申請資格(英),ntext,,,V
,NotePark,replaceProcessE,申請資格(英),ntext,,,V
,NotePark,staffMoveE,人員異動(英),ntext,,,V
,NotePark,foreignerE,外籍人士(英),ntext,,,V
,NotePark,otherE,其他(英),ntext,,,V
,NotePark,drawProcessE,抽籤程序(英),ntext,,,V
,NotePark,housingRequestE,排雲主宿申請(英),ntext,,,V
,NotePark,applyMethodJ,申請方式(日),ntext,,,V
,NotePark,applyDateJ,申請期限(日),ntext,,,V
,NotePark,applyQualificationJ,申請資格(日),ntext,,,V
,NotePark,replaceProcessJ,申請資格(日),ntext,,,V
,NotePark,staffMoveJ,人員異動(日),ntext,,,V
,NotePark,foreignerJ,外籍人士(日),ntext,,,V
,NotePark,otherJ,其他(日),ntext,,,V
,NotePark,drawProcessJ,抽籤程序(日),ntext,,,V
,NotePark,housingRequestJ,排雲主宿申請(日),ntext,,,V
,NotePark,CreateDate,建立日期,datetime,,,V
PK,NPCode,type,代碼類型,nvarchar,50,,
PK,NPCode,code,代碼,nvarchar,50,,
,NPCode,title,代碼內容,nvarchar,100,,V
,NPCode,subtitle,代碼次內容,nvarchar,100,,V
,NPCode,title_eng,代碼內容(英),nvarchar,100,,V
,NPCode,subtitle_eng,代碼次內容(英),nvarchar,150,,V
,NPCode,title_jp,代碼內容(英),nvarchar,100,,V
,NPCode,subtitle_jp,代碼次內容(英),nvarchar,150,,V
,NPCode,descript,描述,nvarchar,50,,V
,NPCode,crtDate,建立日期,datetime,,,V
,onlineService_log,serial,,nvarchar,MAX,,V
,onlineService_log,lon,,nvarchar,MAX,,V
,onlineService_log,lat,,nvarchar,MAX,,V
,onlineService_log,triggerdate,,datetime,,,V
PK,onlineService_log,id,,bigint,,,
,onlineService_log,TMX,,nvarchar,MAX,,V
,onlineService_log,TMY,,nvarchar,MAX,,V
,onlineService_log,erromess,,text,,,V
PK,OuterChkUsr,UserName,,nvarchar,256,,
,OuterChkUsr,SDATE,,date,,,V
,OuterChkUsr,EDATE,,date,,,V
,PAYDATA,PD_ID,,bigint,,,
,PAYDATA,A_ID,隊伍申請序號,bigint,,,V
,PAYDATA,SERIAL,隊伍申請序號,nvarchar,20,,V
,PAYDATA,NUM,因為 LIDM，以此為第幾次繳費,int,,,V
,PAYDATA,PTYPE,A：信用卡；B：金融卡；C：銀聯網路收單,nvarchar,20,,V
,PAYDATA,lidm,SERIAL + NUM(000) 交易單序號,nvarchar,20,,V
,PAYDATA,purchAmt,交易金額,int,,,V
,PAYDATA,CRTDATE,,datetime,,(getdate()),V
,PAYDATA,status,授權結果狀態,nvarchar,2,,V
,PAYDATA,errcode,錯誤代碼,nvarchar,2,,V
,PAYDATA,authCode,交易授權碼,nvarchar,6,,V
,PAYDATA,authAmt,授權金額,int,,,V
,PAYDATA,xid,3D網路交易序號,nvarchar,40,,V
,PAYDATA,errDesc,授權失敗原因說明,nvarchar,600,,V
,PAYDATA,lastPan4,持卡者交易的信用卡號末四碼,nvarchar,4,,V
,PAYDATA,cardBrand,持卡者交易的信用卡別，如VISA、MasterCard、JCB。,nvarchar,10,,V
,PAYDATA,pan,遮罩後之信用卡卡號。,nvarchar,20,,V
,PAYDATA,authRespTime,授權處理回應時間,nvarchar,20,,V
,PAYDATA,PayType,交易類別碼,nvarchar,2,,V
,PAYDATA,PeriodNum,分期交易之期數。,nvarchar,2,,V
,PAYDATA,DownPayments,分期交易之首期分期金額，含2位小數。,nvarchar,10,,V
,PAYDATA,InstallmentPayments,分期交易之每期金額，含2位小數。,nvarchar,10,,V
,PAYDATA,respToken,交易驗證碼,nvarchar,64,,V
,PAYDATA,txnDateLocal,交易日期,nvarchar,8,,V
,PAYDATA,txnTimeLocal,交易時間,nvarchar,6,,V
,PAYDATA,Srrn,系統追蹤號碼,nvarchar,12,,V
,PAYDATA,respCode,回應碼。銀聯交易的此欄位值為00表示成功。,nvarchar,4,,V
,PAYDATA,respMsg,回應結果描述。,nvarchar,600,,V
,PAYDATA,qid,由銀聯回覆之交易識別值。,nvarchar,600,,V
,PAYDATA,PAYMONEY,,int,,,V
,paylog,l_id,,bigint,,,
,paylog,a_id,,int,,((0)),V
,paylog,serial,,nvarchar,20,,V
,paylog,payserial,,nvarchar,20,,V
,paylog,paydte,,datetime,,,V
,paylog,paymoney,,int,,,V
,paylog,trandate,,datetime,,,V
,paylog,descript,,nvarchar,200,,V
,paylog,crtdate,,datetime,,,V
PK,Police_node,Police_nodeid,索引編號,bigint,,,
,Police_node,Police_code,地點代碼,nvarchar,50,,V
,Police_node,Police_name,中文名稱,nvarchar,100,,V
,Police_node,org_id,,nvarchar,500,,V
,printdata,p_id,編號,int,,,V
PK,printdata,OrgID,單位代碼,uniqueidentifier,,,
,printdata,content,內容(中文),ntext,,,V
,printdata,content_en,內容(英文),ntext,,,V
,printdata,content_jp,內容(日文),ntext,,,V
,ReceiptNum,r_id,,int,,,
,ReceiptNum,campfee_id,,int,,,V
,ReceiptNum,bill_num,,nvarchar,20,,V
,ReceiptNum,livedate,,date,,,V
,ReceiptNum,billdate,,date,,,V
,ReceiptNum,lcnt,,int,,,V
,ReceiptNum,fcnt,,int,,,V
,ReceiptNum,rmoney,,int,,,V
,ReceiptNum,rcancel_num,,nvarchar,30,,V
,ReceiptNum,rpaydate,,date,,,V
,ReceiptNum,ryear,,nvarchar,5,,V
,ReceiptNum,issave,,nvarchar,1,,V
,ReceiptNum,IsDepositBal,,int,,,V
,ReceiptNum,writeoffdate,核銷日期,date,,,V
,ReceiptNum,IsOverPay,,int,,,V
,RefundDate,rd_id,,bigint,,,
,RefundDate,sdate,未入園可退費期間(起),date,,,V
,RefundDate,edate,未入園可退費期間(迄),date,,,V
,RefundDate,rea_id,退費原因,nvarchar,50,,V
,RefundDate,descript,原因,nvarchar,1000,,V
,RefundDate,descript_en,原因(英),nvarchar,1000,,V
,RefundDate,descript_jp,原因(日),nvarchar,1000,,V
,RefundDate,note,相關訊息,nvarchar,1000,,V
,RefundDate,note_en,相關訊息(英),nvarchar,1000,,V
,RefundDate,note_jp,相關訊息(日),nvarchar,1000,,V
,RefundDate,crtdate,,datetime,,,V
,RefundDate,upddate,,datetime,,,V
,RefundDate,nodes,,nvarchar,100,,V
PK,refundsData,r_id,,int,,,
,refundsData,fee_id,campmanagefeesDetail.f_id,int,,,V
,refundsData,bill_num,,nvarchar,20,,V
,refundsData,lcnt,退費人數(本國人),int,,,V
,refundsData,fcnt,退費人數(外國人),int,,,V
,refundsData,money,實退金額(暫定),int,,,V
,refundsData,refundsDate,,date,,,V
,refundsData,refcheckDate,,date,,,V
,refundsData,rea_id,,int,,,V
,refundsData,descript,退費原因-其他,nvarchar,100,,V
,refundsData,remitaccount,,nvarchar,50,,V
,refundsData,remitmoney,,int,,,V
,refundsData,afp_id,applyrefund_person.afp_id 退費申請戶號,int,,,V
,refundsReason,rea_id,,int,,,
,refundsReason,ord,排序,int,,,V
,refundsReason,isother,是否填寫其他原因,nvarchar,1,,V
,refundsReason,descript,退費原因,nvarchar,50,,V
PK,RouteDrawDay,rd_id,,bigint,,,
,RouteDrawDay,c_id,路線編號,int,,,V
,RouteDrawDay,drawdate,抽籤日期,date,,,V
,RouteDrawDay,beforepeocnt,申請隊伍人數,int,,,V
,RouteDrawDay,beforeteamcnt,申請隊伍,int,,,V
,RouteDrawDay,drawcnt,中籤人數,int,,,V
,RuleSet,r_id,編號,int,,,
PK,RuleSet,OrgID,單位代碼,uniqueidentifier,,,
,RuleSet,BedPriority,床位排定優先順序(0床位足夠/1申請順序),int,,,V
,RuleSet,TeamApplyMaxCntGen,每隊申請人數上限(一般),int,,,V
,RuleSet,TeamApplyMinCntGen,每隊申請人數下限(一般),int,,,V
,RuleSet,TeamApplyMaxCntGenlong,每隊申請人數上限(一般有條件),int,,,V
,RuleSet,TeamApplyMinCntGenlong,每隊申請人數下限(一般有條件),int,,,V
,RuleSet,TeamApplyMaxCntSnow,每隊申請人數上限(雪季),int,,,V
,RuleSet,TeamApplyMinCntSnow,每隊申請人數下限(雪季),int,,,V
,RuleSet,TeamApplyMaxCntSnowlong,每隊申請人數上限(雪季有條件),int,,,V
,RuleSet,TeamApplyMinCntSnowlong,每隊申請人數下限(雪季有條件),int,,,V
,RuleSet,ParkWay,入園方式(0固定路線/1自定路線),int,,,V
,RuleSet,ParkPeriodDayBef,可入園期限(日前) -序位,int,,,V
,RuleSet,ParkPeriodMonthBef,可入園期限(月前) -序位,int,,,V
,RuleSet,ParkPeriodDayBef1,可入園期限(日前) -抽籤,int,,,V
,RuleSet,ParkPeriodMonthBef1,可入園期限(月前) -抽籤,int,,,V
,RuleSet,AlternateBedDays,排定床位候補日數,int,,,V
,RuleSet,teamscountchk,隊伍上限人數設定(0一般1一般(有條件)2雪季3雪季(有條件),int,,,V
,RuleSet,ParkPeriodDayBefchk,序位第一個入園日0出園日1,int,,,V
,RuleSet,ParkPeriodMonthBefchk,序位第二個入園日0出園日1,int,,,V
,RuleSet,ParkPeriodDayBef1chk,抽籤第一個入園日0出園日1,int,,,V
,RuleSet,ParkPeriodMonthBef1chk,抽籤第二個入園日0出園日1,int,,,V
,RuleSet,normaltype,開放路線(0關閉 1開啟),int,,,V
,RuleSet,hightype,開放(須具長程縱走登山經驗)路線 (0關閉1開啟),int,,,V
,RuleSet,loadingtype,"承載量計算方式(0依路線,1依宿營地)",int,,,V
,RuleSet,rebedtype,後補床位排定順序(0床位足夠、1申請順序),int,,,V
,RuleSet,cancelday,入園前幾天可取消,int,,,V
,RuleSet,changeday,入園前幾天可取消,int,,((0)),V
,RuleSet,bakroomnum,備取床位數,int,,((0)),V
,RuleSet,bakCampnum,備取營帳數,int,,((0)),V
,RuleSet,everyday,雪霸候補週期天數,int,,,V
,RuleSet,spnp_closestart,雪霸連假關閉時間起,datetime,,,V
,RuleSet,spnp_closeend,雪霸連假關閉時間迄,datetime,,,V
,RuleSet,spnp_returnday,雪霸最後後補時間退件日,datetime,,,V
PK,Sampleemail,s_id,自動編號,int,,,
,Sampleemail,subject,主旨,nvarchar,1000,,V
,Sampleemail,content,內容,ntext,,,V
,Sampleemail,CreateDate,建立時間,datetime,,,V
,Sampleemail,OrgID,國家公園編號,uniqueidentifier,,,V
,Sampleemail,ord,排序鍵,int,,((0)),V
,Sampleemail,cate,,nvarchar,500,,V
,Sampleemail,content_en,,ntext,,,V
,Sampleemail,content_jp,,ntext,,,V
,Sampleemail,subject_en,,nvarchar,1000,,V
,Sampleemail,subject_jp,,nvarchar,1000,,V
PK,Samplesms,s_id,自動編號,int,,,
,Samplesms,subject,主旨,nvarchar,1000,,V
,Samplesms,content,內容,ntext,,,V
,Samplesms,CreateDate,建立時間,datetime,,,V
,Samplesms,OrgID,國家公園編號,uniqueidentifier,,,V
,Samplesms,ord,排序鍵,int,,((0)),V
,Samplesms,content_en,,ntext,,,V
,Samplesms,content_jp,,ntext,,,V
,Samplesms,cate,,nvarchar,50,,V
,scheduleEmail,fm_id,,bigint,,,
,scheduleEmail,a_id,,int,,,V
,scheduleEmail,m_id,,int,,,V
,scheduleEmail,Member,@Member@ 信件參數,nvarchar,100,,V
,scheduleEmail,GetDate,,datetime,,,V
,scheduleEmail,f_id,,int,,,V
,scheduleEmail,mail,,nvarchar,100,,V
PK,Site_CampIndex00,Id,,int,,,
,Site_CampIndex00,SecondaryGuid,次路線GUID,uniqueidentifier,,,
,Site_CampIndex00,Infos,資訊,nvarchar,MAX,,V
,Site_CampIndex00,CreateDate,異動日期,datetime,,(getdate()),V
PK,Site_Community,ComId,主Key,int,,,
,Site_Community,ComRowId,GuidKey,uniqueidentifier,,(newid()),
,Site_Community,MemberRowId,分享者RowId,uniqueidentifier,,,V
,Site_Community,ComKinds,分類,char,1,,V
,Site_Community,ComArea,園區,uniqueidentifier,,,V
,Site_Community,TagInfo,"山岳,山屋/營地,路線標籤",nvarchar,MAX,,V
,Site_Community,ComMain,分享內容,nvarchar,MAX,,V
,Site_Community,ComFiles,"檔案(aaa,bbb)",nvarchar,MAX,,V
,Site_Community,ComImgs,"照片(aaa,bbb)",nvarchar,MAX,,V
,Site_Community,ComTag,"標籤(aaa,bbb)",nvarchar,MAX,,V
,Site_Community,Staus,狀態(0:停用 1:啟用 9:刪除),int,,((1)),V
,Site_Community,CreateUserRowId,建立者,uniqueidentifier,,,V
,Site_Community,CreateDate,建立日期,datetime,,(getdate()),V
,Site_Community,UpdateUserRowId,修改者,uniqueidentifier,,,V
,Site_Community,UpdateDate,修改日期,datetime,,,V
,Site_Community,DeleteUserRowId,刪除者,uniqueidentifier,,,V
,Site_Community,DeleteDate,刪除日期,datetime,,,V
PK,Site_CommunityGood,GoodId,,int,,,
,Site_CommunityGood,GoodRowId,GuidKey,uniqueidentifier,,(newid()),
,Site_CommunityGood,ComRowId,分享文RowId,uniqueidentifier,,,V
,Site_CommunityGood,MemberRowId,分享者RowId,uniqueidentifier,,,V
,Site_CommunityGood,CreateUserRowId,建立者,uniqueidentifier,,,V
,Site_CommunityGood,CreateDate,建立日期,datetime,,(getdate()),V
PK,Site_CommunityMsg,CommsgId,主Key,int,,,
,Site_CommunityMsg,CommsgRowId,GuidKey,uniqueidentifier,,(newid()),
,Site_CommunityMsg,ComRowId,社群RowId,uniqueidentifier,,,V
,Site_CommunityMsg,MemberRowId,分享者RowId,uniqueidentifier,,,V
,Site_CommunityMsg,CommsgMain,留言內容,nvarchar,MAX,,V
,Site_CommunityMsg,Staus,狀態(0:停用 1:啟用 9:刪除),int,,((1)),V
,Site_CommunityMsg,CreateUserRowId,建立者,uniqueidentifier,,,V
,Site_CommunityMsg,CreateDate,建立日期,datetime,,(getdate()),V
,Site_CommunityMsg,UpdateUserRowId,修改者,uniqueidentifier,,,V
,Site_CommunityMsg,UpdateDate,修改日期,datetime,,,V
,Site_CommunityMsg,DeleteUserRowId,刪除者,uniqueidentifier,,,V
,Site_CommunityMsg,DeleteDate,刪除日期,datetime,,,V
PK,Site_Kml,KmlId,,int,,,
,Site_Kml,KmlRowId,GuidKey,uniqueidentifier,,(newid()),
,Site_Kml,UnitsName,單位名,nvarchar,50,,V
,Site_Kml,UnitsRowId,單位GID,uniqueidentifier,,,V
,Site_Kml,KmlTitles,KML名稱,nvarchar,200,,V
,Site_Kml,KmlPoints,是否點位(0否 1是),int,,((0)),V
,Site_Kml,KmlFiles,KML檔案,nvarchar,MAX,,V
,Site_Kml,KmlOldFileName,檔案原名,nvarchar,MAX,,V
,Site_Kml,CreateUserRowId,建立者,uniqueidentifier,,,V
,Site_Kml,CreateDate,建立日期,datetime,,(getdate()),V
,Site_Kml,UpdateUserRowId,修改者,uniqueidentifier,,,V
,Site_Kml,UpdateDate,修改日期,datetime,,,V
,Site_Kml,Staus,狀態(0:停用 1:啟用),int,,((1)),V
PK,Site_KmlRoute,KmlRouteId,,int,,,
,Site_KmlRoute,KmlRouteRowId,GuidKey,uniqueidentifier,,(newid()),
,Site_KmlRoute,KmlRowId,KmlRoute GID(多筆，),nvarchar,MAX,,
,Site_KmlRoute,UnitsName,單位名,nvarchar,50,,V
,Site_KmlRoute,UnitsRowId,單位GID,uniqueidentifier,,,V
,Site_KmlRoute,Main_guid,主路線GID,nvarchar,MAX,,V
,Site_KmlRoute,Secondary_guid,次路線GID,nvarchar,MAX,,V
,Site_KmlRoute,Secondary_name,次路線名,nvarchar,MAX,,V
,Site_KmlRoute,CreateUserRowId,建立者,uniqueidentifier,,,V
,Site_KmlRoute,CreateDate,建立日期,datetime,,(getdate()),V
,Site_KmlRoute,UpdateUserRowId,修改者,uniqueidentifier,,,V
,Site_KmlRoute,UpdateDate,修改日期,datetime,,,V
,Site_KmlRoute,Staus,狀態(0:停用 1:啟用),int,,((1)),V
PK,Site_KmlXY,KmlXYId,,int,,,
,Site_KmlXY,KmlXYRowId,GuidKey,uniqueidentifier,,(newid()),
,Site_KmlXY,OnlyKey,KML檔案名,nvarchar,MAX,,V
,Site_KmlXY,Names,路徑名稱,nvarchar,50,,V
,Site_KmlXY,MaxX,區域左上X,float,,,V
,Site_KmlXY,MaxY,區域左上Y,float,,,V
,Site_KmlXY,MinX,區域右下X,float,,,V
,Site_KmlXY,MinY,區域右下Y,float,,,V
,Site_KmlXY,FlatCoordinatesX,路徑X,float,,,V
,Site_KmlXY,FlatCoordinatesY,路徑Y,float,,,V
,Site_KmlXY,CreateDate,建立日期,datetime,,(getdate()),V
PK,Site_Member,MemberId,主Key,int,,,
,Site_Member,MemberRowId,GuidKey,uniqueidentifier,,(newid()),
,Site_Member,MemberUid,帳號,nvarchar,20,,V
,Site_Member,MemberUpwd,密碼,nvarchar,20,,V
,Site_Member,MemberName,姓名,nvarchar,20,,V
,Site_Member,MemberEmail,email,nvarchar,100,,V
,Site_Member,MemberVerificationCode,會員資格啟用碼,nvarchar,10,,V
,Site_Member,Routes,攀登過登山路線(aaa|bbb|ccc),nvarchar,MAX,,V
,Site_Member,Staus,狀態(0:停用 1:啟用 9:待啟用),int,,((9)),V
,Site_Member,CreateUserRowId,建立者,uniqueidentifier,,,V
,Site_Member,CreateDate,建立日期,datetime,,(getdate()),V
,Site_Member,UpdateUserRowId,修改者,uniqueidentifier,,,V
,Site_Member,UpdateDate,修改日期,datetime,,,V
,Site_Member,DeleteUserRowId,刪除者,uniqueidentifier,,,V
,Site_Member,DeleteDate,刪除日期,datetime,,,V
PK,Site_SuggestRoute,Id,,int,,,
,Site_SuggestRoute,Secondary_guid,次路線RowId,nvarchar,MAX,,
,Site_SuggestRoute,Titles,建議路線名稱,nvarchar,50,,V
,Site_SuggestRoute,TitlesEn,建議路線名稱EN,nvarchar,50,,V
,Site_SuggestRoute,Days,天,int,,,V
,Site_SuggestRoute,Types,類型(G:登山口 N:途經點 H:宿營地),nvarchar,2,,V
,Site_SuggestRoute,Nodeids,節點ID,int,,,V
,Site_SuggestRoute,Places,,nvarchar,100,,V
,Site_SuggestRoute,Sorts,排序,int,,,V
,Site_SuggestRoute,MaxDays,天數限制,int,,,V
,Site_SuggestRoute,ChangeRoute,是否可變更路線(0:否 1:是),int,,((0)),V
,Site_SuggestRoute,Language,使用語系(1中 2英 3日),nvarchar,10,"(N'1,2,3')",V
PK,SnowSet,Snow,雪季日期,datetime,,,
PK,SnowSet,OrgID,單位,uniqueidentifier,,,
,SnowSet,descript,描述,ntext,,,V
,SOVEREIGN,SR_ID,,int,,,
,SOVEREIGN,ETITLE,,nvarchar,50,,V
,SOVEREIGN,CTITLE,,nvarchar,50,,V
,SOVEREIGN,JTITLE,,nvarchar,50,,V
,SOVEREIGN,CHK,啟用,int,,,V
,Special_bedBookingWaiting,案件狀態,,varchar,12,,V
,Special_bedBookingWaiting,status,,int,,,V
,Special_bedBookingWaiting,Expr1,,nvarchar,253,,V
,Special_bedBookingWaiting,OrgID,,uniqueidentifier,,,V
,Special_bedBookingWaiting,climblineid,,int,,,V
,Special_bedBookingWaiting,serial,,nvarchar,50,,V
,Special_bedBookingWaiting,b_id,,int,,,
,Special_bedBookingWaiting,node_id,,int,,,V
,Special_bedBookingWaiting,a_id,,int,,,V
,Special_bedBookingWaiting,booking_date,,date,,,V
,Special_bedBookingWaiting,bookingnum,,int,,,V
,Special_bedBookingWaiting,bookingnumok,,int,,,V
,Special_bedBookingWaiting,teams_count,,int,,,V
,Special_bedBookingWaiting,apply_teamsCount,,int,,,V
,Special_bedBookingWaiting,bedCount,,int,,,V
,Special_bedBookingWaiting,bookserial,,nvarchar,100,,V
,Special_bedBookingWaiting,chk,,int,,,V
,Special_bedBookingWaiting,CreateDate,,datetime,,,V
,Special_bedBookingWaiting,camp2,,int,,,V
,Special_bedBookingWaiting,camp4,,int,,,V
,Special_bedBookingWaiting,camp4nump,,int,,,V
,Special_bedBookingWaiting,camp2nump,,int,,,V
PK,Spnperrormember,eid,主索引,bigint,,,
,Spnperrormember,member_sid,可疑身份證,nvarchar,500,,V
,Spnperrormember,CRTUSR,建立人,nvarchar,50,,V
,Spnperrormember,CRTDATE,建立時間,datetime,,(getdate()),V
,Spnperrormember_hislog,EL_ID,,bigint,,,
,Spnperrormember_hislog,EL_SID,身份證號,nvarchar,50,,V
,Spnperrormember_hislog,EL_NOTE,關注原因,nvarchar,500,,V
,Spnperrormember_hislog,EL_CRTDATE,建立日期,datetime,,(getdate()),V
,Spnperrormember_hislog,EL_CRTUSR,建立人員,nvarchar,50,,V
,Spnperrormember_hislog,EL_UPDDATE,異動日期,datetime,,(getdate()),V
,Spnperrormember_hislog,EL_UPDUSR,異動人員,nvarchar,50,,V
PK,StopForeignAdvanceRequest,StopForeignAdvanceRequestDay,日期,date,,,
PK,StopForeignAdvanceRequest,OrgID,,uniqueidentifier,,,
,StopForeignAdvanceRequest,descript,,ntext,,,V
,StoreFile,sf_id,,bigint,,,
,StoreFile,a_id,,bigint,,,V
,StoreFile,file01,檔名,nvarchar,500,,V
,StoreFile,file01txt,檔案說明,nvarchar,500,,V
,StoreFile,cdate,,datetime,,(getdate()),V
,StorePayLog,SP_ID,,bigint,,,
,StorePayLog,A_ID,,bigint,,,V
,StorePayLog,PDATE,客戶繳款日,date,,,V
,StorePayLog,TDATE,銀行交易日,date,,,V
,StorePayLog,CANNUM,存匯代號,nvarchar,20,,V
,StorePayLog,PMONEY,超商代收金額,int,,,V
,StorePayLog,TMONEY,入帳金額,int,,,V
,StorePayLog,SOU,來源,nvarchar,20,,V
,StorePayLog,UDATE,檔案上傳日,date,,,V
,StorePayLog,CRTDATE,,datetime,,(getdate()),V
,SusEmail,SE_ID,,bigint,,,
,SusEmail,EMAIL,,nvarchar,500,,V
,SusEmail,CRTUSR,,nvarchar,50,,V
,SusEmail,CRTDATE,,datetime,,(getdate()),V
,SynPaiYunFeeBeforeLottery,b_id,,bigint,,,V
,sysdiagrams,name,,nvarchar,128,,
,sysdiagrams,principal_id,,int,,,
PK,sysdiagrams,diagram_id,,int,,,
,sysdiagrams,version,,int,,,V
,sysdiagrams,definition,,varbinary,MAX,,V
PK,System_Log,system_id,,bigint,,,
,System_Log,system_pkid,,nvarchar,MAX,,V
,System_Log,system_tb,,nvarchar,50,,V
,System_Log,system_Role,,nvarchar,MAX,,V
,System_Log,system_subject,,nvarchar,500,,V
,System_Log,system_action,,nvarchar,500,,V
,System_Log,system_OrgID,,nvarchar,50,,V
,System_Log,system_ip,,nvarchar,50,,V
,System_Log,system_userid,,nvarchar,50,,V
,System_Log,system_date,,datetime,,(getdate()),V
PK,TAROcate,Id,,int,,,
,TAROcate,subject,,nvarchar,500,,V
,TAROcate,CreateDate,建立日期,datetime,,,V
,TAROcate,UpdateDate,,datetime,,,V
,TAROcate,CrtUser,,nvarchar,20,,V
,TAROcate,UpdUser,,nvarchar,20,,V
,TAROcate,orderby,,int,,,V
,TAROcate,OrgID,單位編號,uniqueidentifier,,,V
PK,taroko_notwaitinglist,id,索引,bigint,,,
,taroko_notwaitinglist,OrgID,單位,nvarchar,50,,V
,taroko_notwaitinglist,stopDate,不跑候補日期,date,,,V
PK,TAROSampleANS,s_id,自動編號,int,,,
,TAROSampleANS,subject,主旨,nvarchar,1000,,V
,TAROSampleANS,content,內容,ntext,,,V
,TAROSampleANS,CreateDate,建立時間,datetime,,,V
,TAROSampleANS,OrgID,國家公園編號,uniqueidentifier,,,V
,TAROSampleANS,ord,排序鍵,int,,((0)),V
,TAROSampleANS,cate,,nvarchar,500,,V
PK,tb_AdminMap,AdminMap_id,,bigint,,,
,tb_AdminMap,AdminMap_OrgID,,nvarchar,50,,V
,tb_AdminMap,AdminMap_value,,nvarchar,100,,V
PK,tb_applylisthistory,applylisthistory_id,索引值,bigint,,,
,tb_applylisthistory,applylisthistory_aid,案件索引,bigint,,,V
,tb_applylisthistory,applylisthistory_status,原始狀態,int,,,V
,tb_applylisthistory,applylisthistory_Tostatus,變更狀態,int,,,V
,tb_applylisthistory,applylisthistory_uid,使用者帳號,nvarchar,50,,V
,tb_applylisthistory,applylisthistory_uidname,使用名稱,nvarchar,50,,V
,tb_applylisthistory,applylisthistory_date,新增日期,datetime,,(getdate()),V
,tb_applylisthistory,applylisthistory_main,說明,ntext,,,V
PK,tb_Blacklist,Blacklist_id,,bigint,,,
,tb_Blacklist,Blacklist_OrgID,,nvarchar,100,,V
,tb_Blacklist,Blacklist_name,,nvarchar,50,,V
,tb_Blacklist,Blacklist_pid,,nvarchar,50,,V
,tb_Blacklist,Blacklist_sdate,,datetime,,,V
,tb_Blacklist,Blacklist_edate,,datetime,,,V
,tb_Blacklist,Blacklist_upddate,,datetime,,,V
,tb_Blacklist,Blacklist_applyid,,nvarchar,50,,V
,tb_Blacklist,Blacklist_IrrType,,nvarchar,50,,V
,tb_Blacklist,Blacklist_IrrItem,,nvarchar,50,,V
,tb_Blacklist,Blacklist_IrrDate,,datetime,,,V
,tb_Blacklist,Blacklist_IrrDesc,,ntext,,,V
,tb_Blacklist,Blacklist_point,,int,,,V
PK,tb_BTmodle,btid,,bigint,,,
,tb_BTmodle,btname,,nvarchar,50,,V
,tb_BTmodle,btcode,,nvarchar,50,,V
PK,tb_BTmodle_func,btf_id,,bigint,,,
,tb_BTmodle_func,btf_btid,,bigint,,,V
,tb_BTmodle_func,btf_AdminMapvalue,,nvarchar,50,,V
PK,tb_BTmodle_user,btu_id,,bigint,,,
,tb_BTmodle_user,btu_btid,,bigint,,,V
,tb_BTmodle_user,btu_btidcode,,nvarchar,50,,V
,tb_BTmodle_user,btu_AdminMapvalue,,nvarchar,50,,V
,tb_BTmodle_user,btu_user,,nvarchar,50,,V
,tb_BTmodle_user,btu_orgid,,nvarchar,50,,V
PK,tb_CHT_SMS_Err_LOG,SMSErr_id,,bigint,,,
,tb_CHT_SMS_Err_LOG,SMSErr_tel,,nvarchar,250,,V
,tb_CHT_SMS_Err_LOG,SMSErr_contents,,ntext,,,V
,tb_CHT_SMS_Err_LOG,SMSErr_status,,nvarchar,MAX,,V
,tb_CHT_SMS_Err_LOG,SMSErr_nowdate,,datetime,,(getdate()),V
,tb_CHT_SMS_Err_LOG,SMSErr_value1,,nvarchar,50,,V
PK,tb_CHT_SMSLOG,SMS_id,,bigint,,,
,tb_CHT_SMSLOG,SMS_tel,,nvarchar,250,,V
,tb_CHT_SMSLOG,SMS_contents,,ntext,,,V
,tb_CHT_SMSLOG,SMS_status,,nvarchar,MAX,,V
,tb_CHT_SMSLOG,SMS_nowdate,,datetime,,(getdate()),V
,tb_CHT_SMSLOG,SMS_value1,,nvarchar,50,,V
PK,tb_classcode,id,,bigint,,,
,tb_classcode,classtype,,nvarchar,50,,V
,tb_classcode,classname,,nvarchar,150,,V
,tb_classcode,classENname,,nvarchar,150,,V
,tb_classcode,classJPname,,nvarchar,150,,V
,tb_classcode,classcode,,nvarchar,50,,V
,tb_classcode,classord,,int,,,V
,tb_classcode,classOrgID,,nvarchar,50,,V
,tb_classcode,CrtUser,,nvarchar,50,,V
,tb_classcode,UpdUser,,nvarchar,50,,V
,tb_classcode,UpdateDate,,datetime,,,V
,tb_classcode,classstatus,,int,,((1)),V
,tb_cpami_allnode,node_id,自動編號,int,,,
,tb_cpami_allnode,name_jp,英文節點名稱,nvarchar,200,,V
,tb_cpami_allnode,name_en,日文節點名稱,nvarchar,200,,V
,tb_cpami_allnode,name,中文節點名稱,nvarchar,200,,
,tb_cpami_allnode,type,性質,nvarchar,50,,V
,tb_cpami_allnode,chk,狀態(1開放0關閉2部份關閉),varchar,1,,V
,tb_cpami_allnode,roomtype,住宿方式(0床位  1營帳 2床位營帳共用  3遮蔽物),varchar,1,,V
,tb_cpami_allnode,OrgID,國家公園編號,uniqueidentifier,,,V
,tb_cpami_allnode,CreateDate,建立日期,datetime,,,V
,tb_cpami_allnode,node_guid,,nvarchar,50,,V
,tb_cpami_allnode,importdates,,datetime,,,V
,tb_cpami_allnode,status,,int,,,V
PK,tb_cpami_allnode,node_id_id,,bigint,,,
,tb_cpami_allnode,TM2_X,,float,,,V
,tb_cpami_allnode,TM2_Y,,float,,,V
,tb_cpami_allnode,X,,float,,,V
,tb_cpami_allnode,Y,,float,,,V
,tb_cpami_allnode,X1,,float,,,V
,tb_cpami_allnode,Y1,,float,,,V
,tb_cpami_allnode,pjtype,專案開放模式(0全部開放1只限前台2只限後台),int,,,V
,tb_cpami_allnode,note,備註,ntext,,,V
,tb_cpami_allnode,note_en,備註(英文),ntext,,,V
,tb_cpami_allnode,note_jp,備註(日文),ntext,,,V
,tb_cpami_node_arrive,r_id,,int,,,
,tb_cpami_node_arrive,c_id,次路線id,int,,,V
,tb_cpami_node_arrive,node2,次路線可使用節點id,int,,,V
,tb_cpami_node_arrive,importdates,建立日期,datetime,,,V
,tb_cpami_node_arrive,updates,更新日期,datetime,,,V
PK,tb_cpami_node_arrive,new_id,,bigint,,,
,tb_Exceptions,orgpage,,nvarchar,MAX,,V
,tb_Exceptions,func,,nvarchar,MAX,,V
,tb_Exceptions,params,,nvarchar,MAX,,V
,tb_Exceptions,main,,nvarchar,MAX,,V
,tb_Exceptions,triggerdate,,datetime,,,V
PK,tb_Exceptions,pkid,,bigint,,,
PK,tb_GitPull,GitPullID,索引,int,,,
,tb_GitPull,GitPullName,排程名稱,nvarchar,50,,V
,tb_GitPull,GitPullbat,排程檔名,nvarchar,50,,V
,tb_GitPull,GitPullStatus,0 不執行 1 執行,int,,((0)),V
,tb_GitPull,GitPullMAIN,說明,nvarchar,50,,V
PK,tb_JiusendList,id,主索引值,int,,,
,tb_JiusendList,a_id,關連applylist資料表a_id,int,,,V
,tb_JiusendList,action,動作,nvarchar,1500,,V
,tb_JiusendList,ip,ip位址,nvarchar,50,,V
,tb_JiusendList,triggerdate,觸發時間,datetime,,,V
,tb_JiusendList,userid,執行者,nvarchar,100,,V
,tb_JiusendList,issend,,int,,,V
,tb_JiusendList,logtxt,額外資訊,ntext,,,V
,tb_JiusendList,member_id,記錄當下使用者ID 用來取消個人使用,nvarchar,100,,V
,tb_JiusendList_BLACK,a_id,,int,,,V
,tb_JiusendList_BLACK,serial,,varchar,20,,V
,tb_JiusendList_BLACK,status,,int,,((1)),V
PK,tb_layer,layer_id,索引值,bigint,,,
,tb_layer,layer_orgid,單位,nvarchar,50,,V
,tb_layer,layer_typeCN,類別,nvarchar,50,,V
,tb_layer,layer_type,類別,nvarchar,50,,V
,tb_layer,layer_c_id,對應主路線ID,int,,,V
,tb_layer,layer_c_Name,主路線名稱,nvarchar,MAX,,V
,tb_layer,layer_f_id,對應次路線ID,int,,,V
,tb_layer,layer_f_Name,次路線名稱,nvarchar,MAX,,V
,tb_layer,layer_name_main,步道名稱,nvarchar,MAX,,V
,tb_layer,layer_name_sub,位置,nvarchar,MAX,,V
,tb_layer,TWD97_X,TWD97座標X,float,,,V
,tb_layer,TWD97_Y,TWD97座標Y,float,,,V
,tb_layer,lon,WGS84座標經度,float,,,V
,tb_layer,lat,WGS84座標緯度,float,,,V
,tb_layer,ps,備註,nvarchar,MAX,,V
,tb_layer,Signal,訊號強度,nvarchar,MAX,,V
,tb_layer,Elevation,海拔高度,nvarchar,MAX,,V
,tb_layer,city,縣市,nvarchar,MAX,,V
,tb_layer,Address,地址,nvarchar,MAX,,V
,tb_layer,Opening_Hours,服務時間,nvarchar,MAX,,V
,tb_layer,Phone_Number,電話,nvarchar,MAX,,V
PK,TB_Mail_Log,id,索引,bigint,,,
,TB_Mail_Log,CS,CS檔,nvarchar,MAX,,V
,TB_Mail_Log,fun,方法,nvarchar,MAX,,V
,TB_Mail_Log,Subject,標題,nvarchar,MAX,,V
,TB_Mail_Log,Body,內容,ntext,,,V
,TB_Mail_Log,cdate,觸發時間,datetime,,(getdate()),V
,TB_Mail_Log,isend,0 需要寄發 (錯誤)  1 已寄發  2 不寄發一般LOG 3 其他(不會寄發)其他不要寄發的,int,,((0)),V
PK,tb_MonthlyStatistics,id,,bigint,,,
,tb_MonthlyStatistics,國家公園,,nvarchar,50,,V
,tb_MonthlyStatistics,時間,,nvarchar,50,,V
,tb_MonthlyStatistics,登山路線,,nvarchar,200,,V
,tb_MonthlyStatistics,總案件數,,int,,((0)),V
,tb_MonthlyStatistics,迷路,,int,,((0)),V
,tb_MonthlyStatistics,遲歸,,int,,((0)),V
,tb_MonthlyStatistics,墜谷,,int,,((0)),V
,tb_MonthlyStatistics,疲勞,,int,,((0)),V
,tb_MonthlyStatistics,高山症,,int,,((0)),V
,tb_MonthlyStatistics,疾病,,int,,((0)),V
,tb_MonthlyStatistics,落石,,int,,((0)),V
,tb_MonthlyStatistics,創傷,,int,,((0)),V
,tb_MonthlyStatistics,天氣惡劣,,int,,((0)),V
,tb_MonthlyStatistics,動物攻擊,,int,,((0)),V
,tb_MonthlyStatistics,落雷,,int,,((0)),V
,tb_MonthlyStatistics,其它,,int,,((0)),V
,tb_MonthlyStatistics,不明,,int,,((0)),V
,tb_MonthlyStatistics,類別,,int,,,V
PK,tb_MountainSafetyVideo,MountainSafetyVideo_ID,索引值,bigint,,,
,tb_MountainSafetyVideo,MountainSafetyVideo_Type,使用系統 Hike 國家公園報到  Spnp雪霸報到,nvarchar,50,,V
,tb_MountainSafetyVideo,MountainSafetyVideo_status,類別狀態 1 該起 0 關閉,int,,((0)),V
,tb_MountainSafetyVideo,MountainSafetyVideo_name,名稱,nvarchar,50,,V
,tb_MountainSafetyVideo,MountainSafetyVideo_url,網址,nvarchar,50,,V
,tb_MountainSafetyVideo,MountainSafetyVideo_OrgID,類別單位,nvarchar,50,,V
,tb_MountainSafetyVideo,MountainSafetyVideo_crtuser,建立者,nvarchar,50,,V
,tb_MountainSafetyVideo,MountainSafetyVideo_crtdate,建立時間,datetime,,(getdate()),V
,tb_MountainSafetyVideo,MountainSafetyVideo_uptuser,最後異動人員,nvarchar,50,,V
,tb_MountainSafetyVideo,MountainSafetyVideo_uptdate,最後異動時間,datetime,,,V
PK,tb_newspop,id,索引,bigint,,,
,tb_newspop,main,內容,ntext,,,V
,tb_newspop,chk,啟用1 關閉 0,int,,,V
PK,tb_NotInserial,serial,,nvarchar,50,,
,tb_NotInserial,ps,,nvarchar,MAX,,V
,tb_NotInserial,isnpm,,int,,((1)),V
PK,tb_npa_paths,npa_paths_id,索引流水號,bigint,,,
,tb_npa_paths,paths_value,來源索引,nvarchar,50,,V
,tb_npa_paths,paths_name,前往地點名稱,nvarchar,50,,V
,tb_npa_paths,paths_status,狀態 1 開啟  0 關閉,int,,((0)),V
,tb_npa_paths,importdates,匯入日期,datetime,,,V
,tb_npa_paths,paths_guid,,nvarchar,50,,V
,tb_npa_paths,UnitsRowId,,nvarchar,MAX,,V
,tb_npa_paths,paths_name_en,,nvarchar,MAX,,V
,tb_npa_paths,paths_name_jp,,nvarchar,MAX,,V
PK,tb_npa_reasons,npa_reasons_id,索引流水號,bigint,,,
,tb_npa_reasons,reasons_value,來源索引,nvarchar,50,,V
,tb_npa_reasons,reasons_name,前往地點名稱,nvarchar,50,,V
,tb_npa_reasons,reasons_status,狀態 1 開啟  0 關閉,int,,((0)),V
,tb_npa_reasons,importdates,匯入日期,datetime,,,V
,tb_npa_reasons,reasons_guid,,nvarchar,50,,V
,tb_npa_reasons,UnitsRowId,,nvarchar,MAX,,V
,tb_npa_reasons,reasons_name_en,,nvarchar,MAX,,V
,tb_npa_reasons,reasons_name_jp,,nvarchar,MAX,,V
PK,tb_npa_subPaths,npa_subpaths_id,索引流水號,bigint,,,
,tb_npa_subPaths,subpaths_paths_Value,來源父系索引,nvarchar,50,,V
,tb_npa_subPaths,subpaths_value,來源索引,nvarchar,50,,V
,tb_npa_subPaths,subpaths_name,前往地點名稱,nvarchar,50,,V
,tb_npa_subPaths,subpaths_status,狀態 1 開啟  0 關閉,int,,((0)),V
,tb_npa_subPaths,importdates,匯入日期,datetime,,,V
,tb_npa_subPaths,subpaths_guid,,nvarchar,50,,V
,tb_npa_subPaths,UnitsRowId,,nvarchar,MAX,,V
,tb_npa_subPaths,subpaths_name_en,,nvarchar,MAX,,V
,tb_npa_subPaths,subpaths_name_jp,,nvarchar,MAX,,V
PK,tb_PushKind,PushKind_ID,索引值,bigint,,,
,tb_PushKind,PushKind_OrgID,類別單位,nvarchar,50,,V
,tb_PushKind,PushKind_name,類別名稱,nvarchar,50,,V
,tb_PushKind,PushKind_status,類別狀態 1 該起 0 關閉,int,,((0)),V
,tb_PushKind,PushKind_ord,排序,int,,((0)),V
,tb_PushKind,PushKind_crtuser,建立者,nvarchar,50,,V
,tb_PushKind,PushKind_crtdate,建立時間,datetime,,(getdate()),V
,tb_PushKind,PushKind_uptuser,最後異動人員,nvarchar,50,,V
,tb_PushKind,PushKind_uptdate,最後異動時間,datetime,,,V
PK,tb_PushMessage,PushMessage_ID,索引值,bigint,,,
,tb_PushMessage,PushMessage_Type,使用系統 Hike 國家公園報到  Spnp雪霸報到,nvarchar,50,,V
,tb_PushMessage,PushMessage_OrgID,類別單位,nvarchar,50,,
,tb_PushMessage,PushMessage_kind,類別索引值 關聯tb_PushKind.PushKind_ID,bigint,,((0)),V
,tb_PushMessage,PushMessage_name,推播名稱,nvarchar,255,,V
,tb_PushMessage,PushMessage_main,推播內容,nvarchar,MAX,,V
,tb_PushMessage,PushMessage_filename1,檔案名稱1,nvarchar,50,,V
,tb_PushMessage,PushMessage_file1,檔案1,nvarchar,50,,V
,tb_PushMessage,PushMessage_filename2,檔案名稱2,nvarchar,50,,V
,tb_PushMessage,PushMessage_file2,檔案2,nvarchar,50,,V
,tb_PushMessage,PushMessage_filename3,檔案名稱3,nvarchar,50,,V
,tb_PushMessage,PushMessage_file3,檔案3,nvarchar,50,,V
,tb_PushMessage,PushMessage_Urlname1,網址名稱1,nvarchar,50,,V
,tb_PushMessage,PushMessage_Url1,網址1,nvarchar,MAX,,V
,tb_PushMessage,PushMessage_Urlname2,網址名稱2,nvarchar,50,,V
,tb_PushMessage,PushMessage_Url2,網址2,nvarchar,MAX,,V
,tb_PushMessage,PushMessage_Urlname3,網址名稱3,nvarchar,50,,V
,tb_PushMessage,PushMessage_Url3,網址3,nvarchar,MAX,,V
,tb_PushMessage,PushMessage_crtuser,建立者,nvarchar,50,,V
,tb_PushMessage,PushMessage_crtdate,建立時間,datetime,,(getdate()),V
,tb_PushMessage,PushMessage_uptuser,最後異動人員,nvarchar,50,,V
,tb_PushMessage,PushMessage_uptdate,最後異動時間,datetime,,,V
,tb_PushMessage,PushMessage_status,標題狀態 1 已送出 0 未送出,int,,((0)),V
,tb_PushMessage,PushMessage_time,推撥時間,datetime,,,V
PK,tb_PushUser,PushUser_ID,索引值,bigint,,,
,tb_PushUser,PushUser_UserID,裝置索引,uniqueidentifier,,,V
,tb_PushUser,PushUser_Type,使用系統 Hike 國家公園報到  Spnp雪霸報到,nvarchar,50,,V
,tb_PushUser,PushUser_OS,裝置類別,nvarchar,50,,V
,tb_PushUser,PushUser_KEY,推播KEY,nvarchar,MAX,,V
,tb_PushUser,PushUser_status,類別狀態 1 該起 0 關閉,int,,((0)),V
,tb_PushUser,PushUser_crtdate,建立時間,datetime,,(getdate()),V
,tb_PushUser,PushUser_uptdate,最後異動時間,datetime,,,V
PK,tb_ReturnCoordinates,ReturnCoordinates_ID,索引值,bigint,,,
,tb_ReturnCoordinates,ReturnCoordinates_Type,裝置類別,nvarchar,50,,V
,tb_ReturnCoordinates,ReturnCoordinates_OS,裝置類別,nvarchar,50,,V
,tb_ReturnCoordinates,ReturnCoordinates_User,身分證,nvarchar,50,,V
,tb_ReturnCoordinates,ReturnCoordinates_date,APP紀錄時間,datetime,,,V
,tb_ReturnCoordinates,ReturnCoordinates_lon,經度,float,,,V
,tb_ReturnCoordinates,ReturnCoordinates_lat,緯度,float,,,V
,tb_ReturnCoordinates,ReturnCoordinates_x,TM2X,float,,,V
,tb_ReturnCoordinates,ReturnCoordinates_y,TM2Y,float,,,V
,tb_ReturnCoordinates,ReturnCoordinates_crtdate,回傳時間,datetime,,(getdate()),V
PK,tb_road_view_power,road_view_power_id,索引流水號,bigint,,,
,tb_road_view_power,road_view_GUID,"步道父系索引 ",nvarchar,200,,V
,tb_road_view_power,road_view_SelectGUID,"步道索引 ",nvarchar,200,,V
,tb_road_view_power,road_view_date,,datetime,,(getdate()),V
PK,tb_roadbook,roadbook_id,索引值,bigint,,,
,tb_roadbook,roadbook_a_id,案件編號索引值,bigint,,,V
,tb_roadbook,roadbook_nodeid,節點索引值,int,,,V
,tb_roadbook,roadbook_date,日期,datetime,,,V
,tb_roadbook,roadbook_num,人數,int,,((0)),V
,tb_roadbook,roadbook_numOK,人數,int,,((0)),V
,tb_roadbook,roadbook_chk,審核狀態(0未審核1審核通過2取消3退件4抽籤),int,,((0)),V
,tb_roadbook,roadbook_OrgID,國家公園代碼,nvarchar,50,,V
,tb_roadbook,roadbook_daynum,人數,int,,((0)),V
,tb_roadbook,ccDate,,datetime,,(getdate()),V
PK,tb_roadbook_Draw,roadbook_id,索引值,bigint,,,
,tb_roadbook_Draw,roadbook_a_id,案件編號索引值,bigint,,,V
,tb_roadbook_Draw,roadbook_nodeid,節點索引值,int,,,V
,tb_roadbook_Draw,roadbook_date,日期,datetime,,,V
,tb_roadbook_Draw,roadbook_num,人數,int,,((0)),V
,tb_roadbook_Draw,roadbook_numOK,人數,int,,((0)),V
,tb_roadbook_Draw,roadbook_chk,審核狀態(0未審核1審核通過2取消3退件4抽籤),int,,((0)),V
,tb_roadbook_Draw,roadbook_OrgID,國家公園代碼,nvarchar,50,,V
,tb_roadbook_Draw,roadbook_daynum,人數,int,,((0)),V
,tb_roadbook_Draw,roadbook_send,是否公布,int,,((0)),V
PK,tb_scheduleOther,scheduleOther_id,索引直,bigint,,,
,tb_scheduleOther,scheduleOther_aid,申請入園編號,bigint,,,V
,tb_scheduleOther,scheduleOther_date,日期,datetime,,,V
,tb_scheduleOther,scheduleOther_name,路線說明,nvarchar,MAX,,V
,tb_scheduleOther,scheduleOther_num,排序,int,,,V
,tb_scheduleOther,scheduleOther_Gdate,日期,datetime,,(getdate()),V
,tb_scheduleOther,scheduleOther_Room,山屋,nvarchar,10,,V
PK,tb_scheduleOther_bak,scheduleOther_id,索引直,bigint,,,
,tb_scheduleOther_bak,scheduleOther_aid,申請入園編號,bigint,,,V
,tb_scheduleOther_bak,scheduleOther_date,日期,datetime,,,V
,tb_scheduleOther_bak,scheduleOther_name,路線說明,nvarchar,MAX,,V
,tb_scheduleOther_bak,scheduleOther_num,排序,int,,,V
,tb_scheduleOther_bak,scheduleOther_Gdate,日期,datetime,,(getdate()),V
,tb_scheduleOther_bak,scheduleOther_Room,山屋,nvarchar,10,,V
PK,tb_SheipaWebServiceAPP,ID,,bigint,,,
,tb_SheipaWebServiceAPP,android_ver,,nvarchar,50,,V
,tb_SheipaWebServiceAPP,android_ver_date,,datetime,,,V
,tb_SheipaWebServiceAPP,ios_ver,,nvarchar,50,,V
,tb_SheipaWebServiceAPP,ios_ver_date,,datetime,,,V
,tb_SheipaWebServiceAPP,app_type,使用系統 Hike 國家公園報到  Spnp雪霸報到,nvarchar,50,,V
PK,tb_SmsLog,smslog_id,索引,bigint,,,
,tb_SmsLog,smslog_serial,案件編號,nvarchar,50,,V
,tb_SmsLog,smslog_orgid,單位別,nvarchar,50,,V
,tb_SmsLog,smslog_type,通知類別,nvarchar,50,,V
,tb_SmsLog,smslog_sendtime,發送時間,datetime,,,V
,tb_SmsLog,smslog_main,本次發送內容,nvarchar,MAX,,V
,tb_SmsLog,smslog_orgmain,發送完整內容,nvarchar,MAX,,V
,tb_SmsLog,smslog_moblie,接收門號,nvarchar,50,,V
,tb_SmsLog,smslog_receive,接收狀態,int,,,V
,tb_SmsLog,smslog_action,,nvarchar,200,,V
PK,tb_stopTaroko,OrgID,,nvarchar,50,,
,tb_stopTaroko,Fnumber,,bigint,,,V
,tb_stopTaroko,Bnumber,,bigint,,,V
PK,tb_TARKO_CaseLog,case_id,,bigint,,,
,tb_TARKO_CaseLog,case_aid,,bigint,,,V
,tb_TARKO_CaseLog,case_sdate,,datetime,,,V
,tb_TARKO_CaseLog,case_edate,,datetime,,(getdate()),V
,tb_TARKO_CaseLog,case_status,,nvarchar,50,,V
,tb_TARKO_CaseLog,case_user,,nvarchar,MAX,,V
,tb_TARKO_CaseLog,case_climblineid,,int,,,V
,tb_TARKO_CaseLog,case_userid,,nvarchar,MAX,,V
,tb_TARKO_CaseLog,case_type,,int,,((0)),V
PK,tb_TarkoAppLog,id,索引,bigint,,,
,tb_TarkoAppLog,logdate,日期,datetime,,(getdate()),V
,tb_TarkoAppLog,funname,服務,nvarchar,200,,V
,tb_TarkoAppLog,fun,服務,nvarchar,200,,V
,tb_TarkoAppLog,data,資料,nvarchar,MAX,,V
,tb_TarkoAppLog,OrgID,單位,nvarchar,100,,V
,tb_TarkoAppLog,erromessage,錯誤訊息,nvarchar,MAX,,V
,tb_TarkoAppLog,rerunmessage,回傳訊息,nvarchar,MAX,,V
,tb_TarkoAppLog,UserName,使用者,nvarchar,100,,V
PK,tb_token,token_id,,bigint,,,
,tb_token,token,,nvarchar,MAX,,V
,tb_token,tokendate,,nvarchar,50,,V
PK,tb_Yushan_CaseLog,case_id,,bigint,,,
,tb_Yushan_CaseLog,case_aid,,bigint,,,V
,tb_Yushan_CaseLog,case_cdate,,datetime,,,V
,tb_Yushan_CaseLog,case_status,,nvarchar,50,,V
,tb_Yushan_CaseLog,case_user,,nvarchar,MAX,,V
,tb_Yushan_CaseLog,case_climblineid,,int,,,V
,tb_Yushan_CaseLog,case_userid,,nvarchar,MAX,,V
,tb_Yushan_CaseLog,case_type,,int,,((0)),V
PK,tbparam,id,主索引鍵,int,,,
,tbparam,param,參數名稱,nvarchar,200,,V
,tbparam,tb,資料表,nvarchar,200,,V
,tbparam,col,欄位,nvarchar,200,,V
,tbparam,tbindex,索引值,nvarchar,200,,V
,tbparam,discription,說明,ntext,,,V
,tbparam,isother,是否例外處理(1是0否),int,,((0)),V
,tbWarning,Id,,int,,,
,tbWarning,LatestNews_id,,int,,,
,tbWarning,CreateDate,,datetime2,,(getdate()),
,tbWarning,WarningDT,,datetime,,,V
,tbWarning,WarningType,示警類型,varchar,10,,V
,tbWarning,Title,,nvarchar,200,,V
,tbWarning,Content,,ntext,,,V
PK,tbWarning,identifier,,varchar,30,,
,tbWarning,send,,nvarchar,50,,V
,tbWarning,references,,varchar,800,,V
,tbWarning,msg_status,是否為最新資料 1.是(只會有1筆) 0.否,int,,,V
,tmptb,day,,datetime,,,V
,tmptb,NODENAME,,nvarchar,200,,V
,tmptb,LIVESUM,,int,,,V
,tmptb,NOWSUM,,int,,,V
,tmptb,LIMITSUM,,int,,,V
,tmptb,LIMITBEF,,int,,,V
,tmptb,overteamscount,,int,,,V
,tmptb,OVERSERIAL,,varchar,50,,V
,tmptb,SUMSERIAL,,nvarchar,4000,,V
,tmptb,OKSERIAL,,nvarchar,4000,,V
,tmptb,PASSSERIAL,,nvarchar,4000,,V
,tmptbred,SERIAL,,varchar,50,,V
,tmptbred,PROJECT,,varchar,10,,V
,Tools,Id,,int,,,
,Tools,Name,,nvarchar,MAX,,V
,Tools,Name_2,,nvarchar,MAX,,V
,Tools,Action_type,,nvarchar,MAX,,V
,Tools,Is_work,,int,,,V
,Tools,Search,,nvarchar,MAX,,V
,Tools,Add_New,,nvarchar,MAX,,V
,Tools,Edit,,nvarchar,MAX,,V
,Tools,Del,,nvarchar,MAX,,V
,Tools,Chk,,nvarchar,MAX,,V
,Tools,Group_g,,nvarchar,MAX,,V
,Tools,GSearch,,nvarchar,MAX,,V
,Tools,GAdd_New,,nvarchar,MAX,,V
,Tools,GEdit,,nvarchar,MAX,,V
,Tools,GDel,,nvarchar,MAX,,V
,Tools,GChk,,nvarchar,MAX,,V
,Tools,title,,nvarchar,MAX,,V
,Tools,Name_3,,nvarchar,MAX,,V
,Tools,link,,nvarchar,MAX,,V
,Tools,gsort,,nvarchar,10,,V
,Tools,psort,,nvarchar,10,,V
,Tools,user_del,,nvarchar,10,,V
,Tools_black,Id,,int,,,
,Tools_black,Name,,nvarchar,50,,V
,Tools_black,Name_2,,nvarchar,50,,V
,Tools_black,Action_type,,nvarchar,50,,V
,Tools_black,Is_work,,int,,,V
,Tools_black,Search,,ntext,,,V
,Tools_black,Add_New,,ntext,,,V
,Tools_black,Edit,,ntext,,,V
,Tools_black,Del,,ntext,,,V
,Tools_black,Chk,,ntext,,,V
,Tools_black,Group_g,,ntext,,,V
,Tools_black,GSearch,,ntext,,,V
,Tools_black,GAdd_New,,ntext,,,V
,Tools_black,GEdit,,ntext,,,V
,Tools_black,GDel,,ntext,,,V
,Tools_black,GChk,,ntext,,,V
,Tools_black,title,,nvarchar,50,,V
,Tools_black,Name_3,,ntext,,,V
,Tools_black,link,,ntext,,,V
,Tools_black,gsort,,char,10,,V
,Tools_black,psort,,char,10,,V
,Tools_black,user_del,,char,10,,V
,TOWN,TWNID,鄉鎮代碼,int,,,
,TOWN,CNTID,縣市代碼,smallint,,,V
,TOWN,TWNNAME,鄉鎮名稱,nvarchar,20,,V
,TOWN,RECSTATE,啟用,smallint,,,V
PK,Trailclassification,id,,bigint,,,
,Trailclassification,LV,難度等級,nvarchar,50,,V
,Trailclassification,main,說明,nvarchar,MAX,,V
,Trailclassification,consort,適合對象,nvarchar,MAX,,V
,Trailclassification,equipment,建議裝備,nvarchar,MAX,,V
,Trailclassification,ord,,nchar,10,,V
,Trailclassification,CreateDate,建立日期,datetime,,,V
,Trailclassification,up_date,更新日期,datetime,,,V
,Trailclassification,up_user,更新者,nvarchar,MAX,,V
,Trailclassification,en_LV,英難度等級,nvarchar,50,,V
,Trailclassification,en_main,英說明,nvarchar,MAX,,V
,Trailclassification,en_consort,英適合對象,nvarchar,MAX,,V
,Trailclassification,en_equipment,英建議裝備,nvarchar,MAX,,V
,Trailclassification,jp_LV,日難度等級,nvarchar,50,,V
,Trailclassification,jp_main,日說明,nvarchar,MAX,,V
,Trailclassification,jp_consort,日適合對象,nvarchar,MAX,,V
,Trailclassification,jp_equipment,日建議裝備,nvarchar,MAX,,V
,Trailclassification,txbContent,,ntext,,,V
,Trailclassification,en_txbContent,英備註,ntext,,,V
,Trailclassification,jp_txbContent,日備註,ntext,,,V
PK,ttApi_Log,Log_Id,,bigint,,,
,ttApi_Log,User_No,,ntext,,,V
,ttApi_Log,WebPage,,ntext,,,V
,ttApi_Log,ApiName,,ntext,,,V
,ttApi_Log,PostData,請求的參數資料,ntext,,,V
,ttApi_Log,Token,,ntext,,,V
,ttApi_Log,HostName,,ntext,,,V
,ttApi_Log,HostIP,請求IP位址,ntext,,,V
,ttApi_Log,ReturnNumber,,ntext,,,V
,ttApi_Log,ReturnMsg,回應資料,ntext,,,V
,ttApi_Log,SystemTime,,datetime,,,V
PK,UserExtCol,UserID,使用者名稱,nvarchar,50,,
,UserExtCol,shenfan,身份,nvarchar,50,,V
,UserExtCol,conCheck,是否為聯絡窗口,int,,,V
,UserExtCol,recemail,,int,,((0)),V
,UserExtCol,note,,nvarchar,500,,V
,UserExtCol,CHECKNODE,,nvarchar,50,,V
PK,userroute,u_id,,int,,,
,userroute,c_id,,int,,,V
,userroute,UserName,,nvarchar,250,,V
PK,Vocabulary,v_id,,int,,,
,Vocabulary,content,,ntext,,,V
,Vocabulary,Cuser,,nvarchar,50,,V
,Vocabulary,ord,,int,,((0)),V
,Vocabulary,OrgID,單位編號,uniqueidentifier,,,V
,Vocabulary,CreateDate,,datetime,,,V
,Vocabulary,UpdateDate,,datetime,,,V
,Vocabulary,vttype,,nvarchar,10,,V
,VocabularyType,vt_id,,bigint,,,
,VocabularyType,vttype,,nvarchar,10,,V
,VocabularyType,vtname,,nvarchar,20,,V
,VocabularyType,ord,,int,,,V
,VocabularyType,enable,,int,,,V
,VocabularyType,crtdate,,datetime,,(getdate()),V
,vw_aspnet_Applications,ApplicationName,,nvarchar,256,,
,vw_aspnet_Applications,LoweredApplicationName,,nvarchar,256,,
,vw_aspnet_Applications,ApplicationId,,uniqueidentifier,,,
,vw_aspnet_Applications,Description,,nvarchar,256,,V
,vw_aspnet_MembershipUsers,UserId,,uniqueidentifier,,,
,vw_aspnet_MembershipUsers,PasswordFormat,,int,,,
,vw_aspnet_MembershipUsers,MobilePIN,,nvarchar,16,,V
,vw_aspnet_MembershipUsers,Email,,nvarchar,256,,V
,vw_aspnet_MembershipUsers,LoweredEmail,,nvarchar,256,,V
,vw_aspnet_MembershipUsers,PasswordQuestion,,nvarchar,256,,V
,vw_aspnet_MembershipUsers,PasswordAnswer,,nvarchar,128,,V
,vw_aspnet_MembershipUsers,IsApproved,,bit,,,
,vw_aspnet_MembershipUsers,IsLockedOut,,bit,,,
,vw_aspnet_MembershipUsers,CreateDate,,datetime,,,
,vw_aspnet_MembershipUsers,LastLoginDate,,datetime,,,
,vw_aspnet_MembershipUsers,LastPasswordChangedDate,,datetime,,,
,vw_aspnet_MembershipUsers,LastLockoutDate,,datetime,,,
,vw_aspnet_MembershipUsers,FailedPasswordAttemptCount,,int,,,
,vw_aspnet_MembershipUsers,FailedPasswordAttemptWindowStart,,datetime,,,
,vw_aspnet_MembershipUsers,FailedPasswordAnswerAttemptCount,,int,,,
,vw_aspnet_MembershipUsers,FailedPasswordAnswerAttemptWindowStart,,datetime,,,
,vw_aspnet_MembershipUsers,Comment,,ntext,,,V
,vw_aspnet_MembershipUsers,ApplicationId,,uniqueidentifier,,,
,vw_aspnet_MembershipUsers,UserName,,nvarchar,256,,
,vw_aspnet_MembershipUsers,MobileAlias,,nvarchar,16,,V
,vw_aspnet_MembershipUsers,IsAnonymous,,bit,,,
,vw_aspnet_MembershipUsers,LastActivityDate,,datetime,,,
,vw_aspnet_Profiles,UserId,,uniqueidentifier,,,
,vw_aspnet_Profiles,LastUpdatedDate,,datetime,,,
,vw_aspnet_Profiles,DataSize,,int,,,V
,vw_aspnet_Roles,ApplicationId,,uniqueidentifier,,,
,vw_aspnet_Roles,RoleId,,uniqueidentifier,,,
,vw_aspnet_Roles,RoleName,,nvarchar,256,,
,vw_aspnet_Roles,LoweredRoleName,,nvarchar,256,,
,vw_aspnet_Roles,Description,,nvarchar,256,,V
,vw_aspnet_Users,ApplicationId,,uniqueidentifier,,,
,vw_aspnet_Users,UserId,,uniqueidentifier,,,
,vw_aspnet_Users,UserName,,nvarchar,256,,
,vw_aspnet_Users,LoweredUserName,,nvarchar,256,,
,vw_aspnet_Users,MobileAlias,,nvarchar,16,,V
,vw_aspnet_Users,IsAnonymous,,bit,,,
,vw_aspnet_Users,LastActivityDate,,datetime,,,
,vw_aspnet_UsersInRoles,UserId,,uniqueidentifier,,,
,vw_aspnet_UsersInRoles,RoleId,,uniqueidentifier,,,
,vw_NCDR_Warning,identifier,,varchar,30,,V
,vw_NCDR_Warning,sender,,varchar,16,,
,vw_NCDR_Warning,sent,,nvarchar,50,,V
,vw_NCDR_Warning,status,,varchar,6,,
,vw_NCDR_Warning,msgtype,,varchar,10,,V
,vw_NCDR_Warning,scope,,varchar,6,,
,vw_NCDR_Warning,references,,varchar,800,,
,vw_NCDR_Warning,category,,varchar,6,,
,vw_NCDR_Warning,event,,nvarchar,8,,
,vw_NCDR_Warning,eventcode,,varchar,3,,
,vw_NCDR_Warning,urgency,,varchar,9,,V
,vw_NCDR_Warning,severity,,varchar,7,,V
,vw_NCDR_Warning,certainty,,varchar,8,,
,vw_NCDR_Warning,effective,,varchar,123,,V
,vw_NCDR_Warning,onset,,varchar,1,,
,vw_NCDR_Warning,expires,,varchar,123,,V
,vw_NCDR_Warning,sendername,,nvarchar,3,,
,vw_NCDR_Warning,headline,,nvarchar,200,,
,vw_NCDR_Warning,description,,ntext,,,
,vw_NCDR_Warning,web,,varchar,24,,
,vw_NCDR_Warning,areadesc,,nvarchar,4000,,V
,vw_NCDR_Warning,geocode,,varchar,1,,
,vw_NCDR_Warning,circle,,varchar,1,,
,vw_NCDR_Warning,polygon,,varchar,104,,V
,WaterLog,W_ID,,bigint,,,
,WaterLog,A_ID,,bigint,,,V
,WaterLog,M_ID,,bigint,,,V
,WaterLog,SID,,nvarchar,50,,V
,WaterLog,SNAME,,nvarchar,150,,V
,WaterLog,GDATE,,date,,(getdate()),V
,WaterLog,GTIME,,datetime,,(getdate()),V
,WaterLog,COUNT,,int,,((0)),V
PK,YLDDetail,ld_id,,bigint,,,
,YLDDetail,l_id,,bigint,,,V
,YLDDetail,company,所屬公司,nvarchar,200,,V
,YLDDetail,leader_mobile,領隊手機,nvarchar,50,,V
,YLDDetail,leader_email,領隊電子郵件,nvarchar,200,,V
,YLDDetail,crtdate,,datetime,,(getdate()),V
,YLDDetail,upddate,,datetime,,(getdate()),V
,yushan_node_num,yn_id,,bigint,,,
,yushan_node_num,node_id,,int,,,V
,yushan_node_num,sdate,起始日,date,,,V
,yushan_node_num,edate,截止日,date,,,V
,yushan_node_num,note,備註說明,nvarchar,1000,,V
,yushan_node_num,note_en,備註說明(英),nvarchar,1000,,V
,yushan_node_num,note_jp,備註說明(日),nvarchar,1000,,V
,yushan_node_num,hnum,床位數(假日),int,,,V
,yushan_node_num,gnum,床位數(平日),int,,,V
,yushan_node_num,hnumt,營位數(假日),int,,,V
,yushan_node_num,gnumt,營位數(平日),int,,,V
,yushan_node_num,type,床、營位模式,nvarchar,2,,V
,YushanChkinBeforeLeader,CBL_ID,,bigint,,,
,YushanChkinBeforeLeader,A_ID,申請序號,bigint,,,V
,YushanChkinBeforeLeader,CHKINTIME,首位報到時間,datetime,,,V
,YushanChkinBeforeLeader,LCHKINTIME,領隊報到時間,datetime,,,V
,YushanChkinBeforeLeader,SEND659,是否已寄送659,int,,((0)),V
,YushanDrawDay,yd_id,,bigint,,,
,YushanDrawDay,drawdate,抽籤日期,date,,,V
,YushanDrawDay,beforepeocnt,申請隊伍人數,int,,,V
,YushanDrawDay,beforeteamcnt,申請隊伍,int,,,V
,YushanDrawDay,drawcnt,中籤人數,int,,,V
,YushanFeeAlert,fa_id,,int,,,
,YushanFeeAlert,content,,nvarchar,500,,V
,YushanFeeAlert,content_en,,nvarchar,500,,V
,YushanFeeAlert,content_jp,,nvarchar,500,,V
,YushanFeeAlert,fastart,,datetime,,,V
,YushanFeeAlert,faend,,datetime,,,V
,YushanFeeAlert,sdate,,datetime,,,V
,YushanFeeAlert,edate,,datetime,,,V
,YushanFeeAlert,upddate,,datetime,,,V
,YushanLeaderData,l_id,,bigint,,,
,YushanLeaderData,company,所屬公司,nvarchar,200,,V
,YushanLeaderData,leader_name,領隊姓名,nvarchar,200,,V
,YushanLeaderData,leader_nation,領隊國籍,nvarchar,200,,V
,YushanLeaderData,leader_nationid,領隊外國id,int,,,V
,YushanLeaderData,nation,,nvarchar,200,,V
,YushanLeaderData,leader_tel,領隊電話,nvarchar,50,,V
,YushanLeaderData,leader_mobile,領隊手機,nvarchar,50,,V
,YushanLeaderData,leader_email,領隊電子郵件,nvarchar,200,,V
,YushanLeaderData,leader_sid,領隊身份證號,nvarchar,50,,V
,YushanLeaderData,leader_sex,領隊性別,nvarchar,50,,V
,YushanLeaderData,leader_birthday,領隊生日,date,,,V
,YushanLeaderData,leader_contactname,領隊緊急聯絡人,nvarchar,200,,V
,YushanLeaderData,leader_contacttel,領隊緊急聯絡電話,nvarchar,50,,V
,YushanLeaderData,leader_country,領隊居住城市,nvarchar,50,,V
,YushanLeaderData,leader_city,領隊居住鄉鎮,nvarchar,50,,V
,YushanLeaderData,leader_addr,領隊居住地址,nvarchar,200,,V
,YushanLeaderData,crtdate,,datetime,,(getdate()),V
,YushanLeaderData,upddate,,datetime,,(getdate()),V
,YushanLeaderData,oldID,,int,,,V
,YushanLeaderData,shenfen,,nvarchar,50,,V
,YushanLeaderData,fax,,nvarchar,50,,V
,YushanLeaderData,note,,nvarchar,500,,V
,YushanLeaderData,IsAuto,,int,,,V
PK,YushanOrgPeo,o_id,,bigint,,,
,YushanOrgPeo,company,所屬公司,nvarchar,200,,V
,YushanOrgPeo,leader_name,領隊姓名,nvarchar,200,,V
,YushanOrgPeo,leader_nation,領隊國籍,nvarchar,200,,V
,YushanOrgPeo,leader_nationid,領隊外國id,int,,,V
,YushanOrgPeo,nation,,nvarchar,200,,V
,YushanOrgPeo,leader_tel,領隊電話,nvarchar,50,,V
,YushanOrgPeo,leader_mobile,領隊手機,nvarchar,50,,V
,YushanOrgPeo,leader_email,領隊電子郵件,nvarchar,200,,V
,YushanOrgPeo,leader_sid,領隊身份證號,nvarchar,50,,V
,YushanOrgPeo,leader_sex,領隊性別,nvarchar,50,,V
,YushanOrgPeo,leader_birthday,領隊生日,date,,,V
,YushanOrgPeo,leader_contactname,領隊緊急聯絡人,nvarchar,200,,V
,YushanOrgPeo,leader_contacttel,領隊緊急聯絡電話,nvarchar,50,,V
,YushanOrgPeo,leader_country,領隊居住城市,nvarchar,50,,V
,YushanOrgPeo,leader_city,領隊居住鄉鎮,nvarchar,50,,V
,YushanOrgPeo,leader_addr,領隊居住地址,nvarchar,200,,V
,YushanOrgPeo,crtdate,,datetime,,(getdate()),V
,YushanOrgPeo,upddate,,datetime,,(getdate()),V
,YushanOrgPeo,oldID,,int,,,V
,YushanOrgPeo,shenfen,,nvarchar,50,,V
,YushanOrgPeo,fax,,nvarchar,50,,V
,YushanOrgPeo,note,,nvarchar,500,,V
,YushanOrgPeo,IsAuto,,int,,,V
PK,YushanQryClose67,YQ_ID,,int,,,
,YushanQryClose67,SDATE,,datetime,,,V
,YushanQryClose67,EDATE,,datetime,,,V
,YushanQryClose67,CHKDATE,,datetime,,,V
,太管山屋承載量維持不開放,serial,,nvarchar,50,,V
,太管山屋承載量維持不開放,b_id,,int,,,
,太管山屋承載量維持不開放,node_id,,int,,,V
,太管山屋承載量維持不開放,a_id,,int,,,V
,太管山屋承載量維持不開放,booking_date,,date,,,V
,太管山屋承載量維持不開放,bookingnum,,int,,,V
,太管山屋承載量維持不開放,bookingnumok,,int,,,V
,太管山屋承載量維持不開放,bookingnumcok,,int,,,V
,太管山屋承載量維持不開放,bookserial,,nvarchar,100,,V
,太管山屋承載量維持不開放,chk,,int,,,V
,太管山屋承載量維持不開放,ballottype,,int,,,V
,太管山屋承載量維持不開放,bollot,,int,,,V
,太管山屋承載量維持不開放,bollotbak,,int,,,V
,太管山屋承載量維持不開放,draword,,int,,,V
,太管山屋承載量維持不開放,descript,,nvarchar,100,,V
,太管山屋承載量維持不開放,bedfirst,,int,,,V
,太管山屋承載量維持不開放,UrgentNumber,,int,,,V
,太管山屋承載量維持不開放,drawreturndate,,date,,,V
,太管山屋承載量維持不開放,beforestatus,,int,,,V
,太管山屋承載量維持不開放,afterstatus,,int,,,V
,太管山屋承載量維持不開放,IsNotRecovery,,nvarchar,1,,V
,太管山屋承載量維持不開放,gnum,,nvarchar,10,,V
,太管山屋承載量維持不開放,IsActive,,nvarchar,1,,V
,太管山屋承載量維持不開放,spnproomshare,,int,,,V
,太管山屋承載量維持不開放,IsNotPay,,int,,,V
,太管山屋承載量維持不開放,campcnt,,int,,,V
,太管重排床號資料,serial,,nvarchar,50,,V
,太管重排床號資料,b_id,,int,,,
,太管重排床號資料,node_id,,int,,,V
,太管重排床號資料,name,,nvarchar,200,,V
,太管重排床號資料,booking_date,,date,,,V
,太管重排床號資料,bednum,,int,,,V
,太管重排床號資料,r_id,,int,,,V
,查詢日審核通過無載量,status,,int,,,V
,查詢日審核通過無載量,serial,,nvarchar,50,,V
,查詢日審核通過無載量,roadbook_id,,bigint,,,
,查詢日審核通過無載量,roadbook_a_id,,bigint,,,V
,查詢日審核通過無載量,roadbook_nodeid,,int,,,V
,查詢日審核通過無載量,roadbook_date,,datetime,,,V
,查詢日審核通過無載量,roadbook_num,,int,,,V
,查詢日審核通過無載量,roadbook_numOK,,int,,,V
,查詢日審核通過無載量,roadbook_chk,,int,,,V
,查詢日審核通過無載量,roadbook_OrgID,,nvarchar,50,,V
,查詢日審核通過無載量,roadbook_daynum,,int,,,V
,計算時間的人數與隊伍,太管申請隊伍數,,int,,,V
,計算時間的人數與隊伍,太管申請人數,,int,,,V
,計算時間的人數與隊伍,雪霸申請隊伍數,,int,,,V
,計算時間的人數與隊伍,雪霸申請人數,,int,,,V
,計算時間的人數與隊伍,玉山申請隊伍數,,int,,,V
,計算時間的人數與隊伍,玉山申請人數,,int,,,V
